SAMPLE_ID,Richness,Shannon,Simpson,SAMPLE,SITE,TYPE,DATE,HOUR,YEAR,MONTH,MONTHS,MGAL_ID,STEP,REPLICATE,LAT,LON,TIME,YEAR_MONTH,SEASON,SITE_SEASON,illum,phase,radians,degrees,STATION,SAMPLED_DATETIME,tide_height_ft,tide_height_m,SST,WVHT,MWD,WSPD,WDIR,MARKER
001,7.229878114386564,4.7223403665660575,3.3225223180867722,K001,Kāneʻohe,Sample,10/07/2019,11.4,2019,July,0,PN001,1,1,21.435115,-157.7867,7,2019_July,Dry,Kāneʻohe_Dry,0.56844901,First quarter,1.708125596,97.86838752,1612480,10/07/2019 11.40,1.897,0.578205581,27.4,1.555833333,98.08695652,1.823430962,93.08786611,18S
002,3.0748648972088013,2.489522160524474,2.0860368982317845,K003,Kāneʻohe,Sample,10/07/2019,11.4,2019,July,0,PN002,1,2,21.435115,-157.7867,7,2019_July,Dry,Kāneʻohe_Dry,0.56844901,First quarter,1.708125596,97.86838752,1612480,10/07/2019 11.40,1.897,0.578205581,27.4,1.555833333,98.08695652,1.823430962,93.08786611,18S
003,4.541674888635986,3.682457374860471,3.0859230371478534,K005,Kāneʻohe,Sample,10/07/2019,11.4,2019,July,0,PN003,1,3,21.435115,-157.7867,7,2019_July,Dry,Kāneʻohe_Dry,0.56844901,First quarter,1.708125596,97.86838752,1612480,10/07/2019 11.40,1.897,0.578205581,27.4,1.555833333,98.08695652,1.823430962,93.08786611,18S
005,8.324211296172804,4.770880993022947,3.0939829277830064,K007,Kāneʻohe,Sample,19/09/2019,10.3,2019,September,2,PN005,2,1,21.435115,-157.7867,78,2019_September,Dry,Kāneʻohe_Dry,0.723789221,Waning gibbous,4.248333419,243.4115749,1612480,19/09/2019 10.30,1.339,0.408127187,27.3,1.622083333,83.46808511,1.911715481,70.03361345,18S
006,8.111446894219153,4.957263023023691,3.4130724347125647,K009,Kāneʻohe,Sample,19/09/2019,10.3,2019,September,2,PN006,2,2,21.435115,-157.7867,78,2019_September,Dry,Kāneʻohe_Dry,0.723789221,Waning gibbous,4.248333419,243.4115749,1612480,19/09/2019 10.30,1.339,0.408127187,27.3,1.622083333,83.46808511,1.911715481,70.03361345,18S
007,6.494249043120119,5.106942090612172,4.1598629688525985,K011,Kāneʻohe,Sample,19/09/2019,10.3,2019,September,2,PN007,2,3,21.435115,-157.7867,78,2019_September,Dry,Kāneʻohe_Dry,0.723789221,Waning gibbous,4.248333419,243.4115749,1612480,19/09/2019 10.30,1.339,0.408127187,27.3,1.622083333,83.46808511,1.911715481,70.03361345,18S
009,10.219795448719868,5.604733568496421,3.770780289772217,K013,Kāneʻohe,Sample,21/11/2019,10.3,2019,November,4,PN009,3,1,21.435115,-157.7867,141,2019_November,Wet,Kāneʻohe_Wet,0.317327881,Last quarter,5.086391559,291.4287693,1612480,21/11/2019 10.30,2.402,0.732129577,27.2,1.8475,67.95833333,1.988333333,82.52301255,18S
010,16.00971168247856,7.176646854717483,4.128649344586185,K015,Kāneʻohe,Sample,21/11/2019,10.3,2019,November,4,PN010,3,2,21.435115,-157.7867,141,2019_November,Wet,Kāneʻohe_Wet,0.317327881,Last quarter,5.086391559,291.4287693,1612480,21/11/2019 10.30,2.402,0.732129577,27.2,1.8475,67.95833333,1.988333333,82.52301255,18S
011,6.049434879297845,4.131684693816119,3.156774990908774,K017,Kāneʻohe,Sample,21/11/2019,10.3,2019,November,4,PN011,3,3,21.435115,-157.7867,141,2019_November,Wet,Kāneʻohe_Wet,0.317327881,Last quarter,5.086391559,291.4287693,1612480,21/11/2019 10.30,2.402,0.732129577,27.2,1.8475,67.95833333,1.988333333,82.52301255,18S
013,10.017944429418481,5.305089856296779,3.242174139089135,K019,Kāneʻohe,Sample,12/02/2020,9.3,2020,February,7,PN013,4,1,21.435115,-157.7867,224,2020_February,Wet,Kāneʻohe_Wet,0.864120028,Waning gibbous,3.896638599,223.260946,1612480,12/02/2020 9.30,0.916,0.279196791,24.2,2.685208333,196.8333333,1.604477612,166.2857143,18S
014,22.972260480294494,11.376471861760049,5.942633964254334,K021,Kāneʻohe,Sample,12/02/2020,9.3,2020,February,7,PN014,4,2,21.435115,-157.7867,224,2020_February,Wet,Kāneʻohe_Wet,0.864120028,Waning gibbous,3.896638599,223.260946,1612480,12/02/2020 9.30,0.916,0.279196791,24.2,2.685208333,196.8333333,1.604477612,166.2857143,18S
015,20.731492427244852,8.844630291937104,4.35461425834813,K023,Kāneʻohe,Sample,12/02/2020,9.3,2020,February,7,PN015,4,3,21.435115,-157.7867,224,2020_February,Wet,Kāneʻohe_Wet,0.864120028,Waning gibbous,3.896638599,223.260946,1612480,12/02/2020 9.30,0.916,0.279196791,24.2,2.685208333,196.8333333,1.604477612,166.2857143,18S
017,1.5725517249416794,1.4311818449380067,1.324058239716147,K025,Kāneʻohe,Sample,27/05/2020,10.3,2020,May,10,PN017,5,1,21.435115,-157.7867,329,2020_May,Dry,Kāneʻohe_Dry,0.275259451,Waxing crescent,1.104611961,63.28960337,1612480,27/05/2020 10.30,0.312,0.095097597,25.7,1.214791667,121.3829787,1.59375,92.54201681,18S
018,2.106504679744421,1.7165285192709312,1.4865485178348645,K027,Kāneʻohe,Sample,27/05/2020,10.3,2020,May,10,PN018,5,2,21.435115,-157.7867,329,2020_May,Dry,Kāneʻohe_Dry,0.275259451,Waxing crescent,1.104611961,63.28960337,1612480,27/05/2020 10.30,0.312,0.095097597,25.7,1.214791667,121.3829787,1.59375,92.54201681,18S
019,1.7958581000391347,1.5725761078840144,1.417066096367288,K029,Kāneʻohe,Sample,27/05/2020,10.3,2020,May,10,PN019,5,3,21.435115,-157.7867,329,2020_May,Dry,Kāneʻohe_Dry,0.275259451,Waxing crescent,1.104611961,63.28960337,1612480,27/05/2020 10.30,0.312,0.095097597,25.7,1.214791667,121.3829787,1.59375,92.54201681,18S
021,2.135657641498815,1.7684760070120258,1.5377611593830176,K031,Kāneʻohe,Sample,26/06/2020,11,2020,June,11,PN021,6,1,21.435115,-157.7867,359,2020_June,Dry,Kāneʻohe_Dry,0.32091442,First quarter,1.204487965,69.0120769,1612480,26/06/2020 11.00,0.837,0.255117592,26.1,1.663829787,78.14893617,2.064583333,79.62869198,18S
022,4.152606993646579,3.036672400558734,2.3658606615467095,K033,Kāneʻohe,Sample,26/06/2020,11,2020,June,11,PN022,6,2,21.435115,-157.7867,359,2020_June,Dry,Kāneʻohe_Dry,0.32091442,First quarter,1.204487965,69.0120769,1612480,26/06/2020 11.00,0.837,0.255117592,26.1,1.663829787,78.14893617,2.064583333,79.62869198,18S
023,3.386658818692945,2.535078549640478,2.03700690483207,K035,Kāneʻohe,Sample,26/06/2020,11,2020,June,11,PN023,6,3,21.435115,-157.7867,359,2020_June,Dry,Kāneʻohe_Dry,0.32091442,First quarter,1.204487965,69.0120769,1612480,26/06/2020 11.00,0.837,0.255117592,26.1,1.663829787,78.14893617,2.064583333,79.62869198,18S
025,11.507013227010571,7.348194746887023,4.988577573502571,K037,Kāneʻohe,Sample,31/07/2020,14,2020,July,12,PN025,7,1,21.435115,-157.7867,394,2020_July,Dry,Kāneʻohe_Dry,0.857775026,Waxing gibbous,2.368207522,135.688296,1612480,31/07/2020 14.00,1.588,0.484022385,26.7,1.933617021,62.25531915,2.827111111,66.97333333,18S
026,10.807891376691558,6.3066285317142095,3.9860070767601936,K039,Kāneʻohe,Sample,31/07/2020,14,2020,July,12,PN026,7,2,21.435115,-157.7867,394,2020_July,Dry,Kāneʻohe_Dry,0.857775026,Waxing gibbous,2.368207522,135.688296,1612480,31/07/2020 14.00,1.588,0.484022385,26.7,1.933617021,62.25531915,2.827111111,66.97333333,18S
027,10.491756891214182,8.10990751627174,6.549188241454191,K041,Kāneʻohe,Sample,31/07/2020,14,2020,July,12,PN027,7,3,21.435115,-157.7867,394,2020_July,Dry,Kāneʻohe_Dry,0.857775026,Waxing gibbous,2.368207522,135.688296,1612480,31/07/2020 14.00,1.588,0.484022385,26.7,1.933617021,62.25531915,2.827111111,66.97333333,18S
029,12.40752896481959,6.595845657875568,3.9918266301534997,K043,Kāneʻohe,Sample,27/08/2020,12,2020,August,13,PN029,8,1,21.435115,-157.7867,421,2020_August,Dry,Kāneʻohe_Dry,0.628047867,First quarter,1.829777395,104.8385222,1612480,27/08/2020 12.00,2.691,0.820216774,26.7,1.305,55.8125,2.269565217,62.00434783,18S
030,4.984162282682993,3.3419489447795527,2.4954535434754206,K045,Kāneʻohe,Sample,27/08/2020,12,2020,August,13,PN030,8,2,21.435115,-157.7867,421,2020_August,Dry,Kāneʻohe_Dry,0.628047867,First quarter,1.829777395,104.8385222,1612480,27/08/2020 12.00,2.691,0.820216774,26.7,1.305,55.8125,2.269565217,62.00434783,18S
031,5.260451297508336,3.813313052383533,2.9441576515959214,K047,Kāneʻohe,Sample,27/08/2020,12,2020,August,13,PN031,8,3,21.435115,-157.7867,421,2020_August,Dry,Kāneʻohe_Dry,0.628047867,First quarter,1.829777395,104.8385222,1612480,27/08/2020 12.00,2.691,0.820216774,26.7,1.305,55.8125,2.269565217,62.00434783,18S
033,3.129949325948274,2.632477736191976,2.275250470295366,K049,Kāneʻohe,Sample,30/09/2020,11,2020,September,14,PN033,9,1,21.435115,-157.7867,455,2020_September,Dry,Kāneʻohe_Dry,0.967795982,Full,2.780728241,159.3239922,1612480,30/09/2020 11.00,1.926,0.587044781,27.1,1.383404255,139.9361702,1.859817352,166.5981735,18S
034,5.720515046719705,4.531809387878646,3.7408221050130064,K051,Kāneʻohe,Sample,30/09/2020,11,2020,September,14,PN034,9,2,21.435115,-157.7867,455,2020_September,Dry,Kāneʻohe_Dry,0.967795982,Full,2.780728241,159.3239922,1612480,30/09/2020 11.00,1.926,0.587044781,27.1,1.383404255,139.9361702,1.859817352,166.5981735,18S
035,12.115308847344991,6.819655526719487,4.410769008209331,K053,Kāneʻohe,Sample,30/09/2020,11,2020,September,14,PN035,9,3,21.435115,-157.7867,455,2020_September,Dry,Kāneʻohe_Dry,0.967795982,Full,2.780728241,159.3239922,1612480,30/09/2020 11.00,1.926,0.587044781,27.1,1.383404255,139.9361702,1.859817352,166.5981735,18S
037,1.2613757504464713,1.2043839663181095,1.157562303586304,K055,Kāneʻohe,Sample,29/10/2020,11,2020,October,15,PN037,10,1,21.435115,-157.7867,484,2020_October,Dry,Kāneʻohe_Dry,0.944930226,Waxing gibbous,2.667835535,152.8557166,1612480,29/10/2020 11.00,2.202,0.671169579,27.7,1.079583333,120.75,1.992237443,174.1238532,18S
038,1.4778590780759528,1.3762587759496665,1.2927525617033773,K057,Kāneʻohe,Sample,29/10/2020,11,2020,October,15,PN038,10,2,21.435115,-157.7867,484,2020_October,Dry,Kāneʻohe_Dry,0.944930226,Waxing gibbous,2.667835535,152.8557166,1612480,29/10/2020 11.00,2.202,0.671169579,27.7,1.079583333,120.75,1.992237443,174.1238532,18S
039,13.677344171260929,6.715722309205282,4.172878119992619,K059,Kāneʻohe,Sample,29/10/2020,11,2020,October,15,PN039,10,3,21.435115,-157.7867,484,2020_October,Dry,Kāneʻohe_Dry,0.944930226,Waxing gibbous,2.667835535,152.8557166,1612480,29/10/2020 11.00,2.202,0.671169579,27.7,1.079583333,120.75,1.992237443,174.1238532,18S
041,10.429248134995236,6.469086487675522,4.510540234885415,K061,Kāneʻohe,Sample,30/11/2020,11,2020,November,16,PN041,11,1,21.435115,-157.7867,516,2020_November,Wet,Kāneʻohe_Wet,0.999333055,Full,3.19324896,182.9596883,1612480,30/11/2020 11.00,1.618,0.493166384,26.2,1.889375,82.70833333,1.510697674,86.20187793,18S
042,11.612533224728018,6.8702823108354565,4.435920041081068,K063,Kāneʻohe,Sample,30/11/2020,11,2020,November,16,PN042,11,2,21.435115,-157.7867,516,2020_November,Wet,Kāneʻohe_Wet,0.999333055,Full,3.19324896,182.9596883,1612480,30/11/2020 11.00,1.618,0.493166384,26.2,1.889375,82.70833333,1.510697674,86.20187793,18S
043,2.8371883077781295,2.059943660685696,1.6694184689191653,K065,Kāneʻohe,Sample,30/11/2020,11,2020,November,16,PN043,11,3,21.435115,-157.7867,516,2020_November,Wet,Kāneʻohe_Wet,0.999333055,Full,3.19324896,182.9596883,1612480,30/11/2020 11.00,1.618,0.493166384,26.2,1.889375,82.70833333,1.510697674,86.20187793,18S
045,15.199048722193554,7.878485267968264,4.830124702233548,K067,Kāneʻohe,Sample,28/12/2020,10.3,2020,December,17,PN045,12,1,21.435115,-157.7867,544,2020_December,Wet,Kāneʻohe_Wet,0.98134744,Full,2.867587544,164.3006636,1612480,28/12/2020 10.30,1.46,0.445007986,25.9,2.421666667,65.66666667,1.488983051,139.1694915,18S
046,32.57405482002535,20.38130897331725,13.396131584064726,K069,Kāneʻohe,Sample,28/12/2020,10.3,2020,December,17,PN046,12,2,21.435115,-157.7867,544,2020_December,Wet,Kāneʻohe_Wet,0.98134744,Full,2.867587544,164.3006636,1612480,28/12/2020 10.30,1.46,0.445007986,25.9,2.421666667,65.66666667,1.488983051,139.1694915,18S
047,12.085640005965542,7.365376900824345,4.766605017567656,K071,Kāneʻohe,Sample,28/12/2020,10.3,2020,December,17,PN047,12,3,21.435115,-157.7867,544,2020_December,Wet,Kāneʻohe_Wet,0.98134744,Full,2.867587544,164.3006636,1612480,28/12/2020 10.30,1.46,0.445007986,25.9,2.421666667,65.66666667,1.488983051,139.1694915,18S
049,5.855424966578939,3.7964659875201843,2.741927224706039,K073,Kāneʻohe,Sample,19/01/2021,10.3,2021,January,18,PN049,13,1,21.435115,-157.7867,566,2021_January,Wet,Kāneʻohe_Wet,0.349623333,First quarter,1.265313865,72.49714423,1612480,19/01/2021 10.30,1.441,0.439216786,25.2,3.227708333,51.66666667,2.647826087,119.0043478,18S
050,4.034535150801153,2.6556408316961995,2.006230729487645,K075,Kāneʻohe,Sample,19/01/2021,10.3,2021,January,18,PN050,13,2,21.435115,-157.7867,566,2021_January,Wet,Kāneʻohe_Wet,0.349623333,First quarter,1.265313865,72.49714423,1612480,19/01/2021 10.30,1.441,0.439216786,25.2,3.227708333,51.66666667,2.647826087,119.0043478,18S
051,15.5705517857001,6.338172887219169,3.3956870809977455,K077,Kāneʻohe,Sample,19/01/2021,10.3,2021,January,18,PN051,13,3,21.435115,-157.7867,566,2021_January,Wet,Kāneʻohe_Wet,0.349623333,First quarter,1.265313865,72.49714423,1612480,19/01/2021 10.30,1.441,0.439216786,25.2,3.227708333,51.66666667,2.647826087,119.0043478,18S
053,3.2890576954438653,2.8268031966373544,2.470852396971206,L001,Lanikai,Sample,16/07/2019,10.3,2019,July,0,PN053,1,1,21.392735,-157.714014,13,2019_July,Dry,Lanikai_Dry,0.993861744,Full,2.984737858,171.0128822,1612480,16/07/2019 10.30,0.778,0.237134392,27.6,1.285625,79.70833333,2.294067797,75.57627119,18S
054,3.116688245979355,2.6888319676369963,2.3506834645623735,L003,Lanikai,Sample,16/07/2019,10.3,2019,July,0,PN054,1,2,21.392735,-157.714014,13,2019_July,Dry,Lanikai_Dry,0.993861744,Full,2.984737858,171.0128822,1612480,16/07/2019 10.30,0.778,0.237134392,27.6,1.285625,79.70833333,2.294067797,75.57627119,18S
055,1.319381945413248,1.2492443388781849,1.191888586139339,L005,Lanikai,Sample,16/07/2019,10.3,2019,July,0,PN055,1,3,21.392735,-157.714014,13,2019_July,Dry,Lanikai_Dry,0.993861744,Full,2.984737858,171.0128822,1612480,16/07/2019 10.30,0.778,0.237134392,27.6,1.285625,79.70833333,2.294067797,75.57627119,18S
057,9.62349375040498,5.909747834681208,3.8988999650549325,L007,Lanikai,Sample,18/09/2019,10.3,2019,September,2,PN057,2,1,21.392735,-157.714014,77,2019_September,Dry,Lanikai_Dry,0.813160249,Waning gibbous,4.035564709,231.2208258,1612480,18/09/2019 10.30,1.149,0.350215189,27.4,1.620416667,83.89130435,2.215062762,75.96581197,18S
058,19.183768068732036,10.994170519653169,6.386688543266767,L009,Lanikai,Sample,18/09/2019,10.3,2019,September,2,PN058,2,2,21.392735,-157.714014,77,2019_September,Dry,Lanikai_Dry,0.813160249,Waning gibbous,4.035564709,231.2208258,1612480,18/09/2019 10.30,1.149,0.350215189,27.4,1.620416667,83.89130435,2.215062762,75.96581197,18S
059,16.525315322028945,11.190812141033351,8.002647620936765,L011,Lanikai,Sample,18/09/2019,10.3,2019,September,2,PN059,2,3,21.392735,-157.714014,77,2019_September,Dry,Lanikai_Dry,0.813160249,Waning gibbous,4.035564709,231.2208258,1612480,18/09/2019 10.30,1.149,0.350215189,27.4,1.620416667,83.89130435,2.215062762,75.96581197,18S
061,21.409121682265514,11.282951745258336,6.025274796104766,L013,Lanikai,Sample,26/11/2019,9.3,2019,November,4,PN061,3,1,21.392735,-157.714014,146,2019_November,Wet,Lanikai_Wet,0.004412434,New,6.150235111,352.3825149,1612480,26/11/2019 9.30,1.375,0.419099987,26.8,2.224583333,54.0625,1.498333333,103.7394958,18S
062,29.03965233674223,17.623504792866147,11.501088805728264,L015,Lanikai,Sample,26/11/2019,9.3,2019,November,4,PN062,3,2,21.392735,-157.714014,146,2019_November,Wet,Lanikai_Wet,0.004412434,New,6.150235111,352.3825149,1612480,26/11/2019 9.30,1.375,0.419099987,26.8,2.224583333,54.0625,1.498333333,103.7394958,18S
063,24.05593519307875,14.15138834965233,8.95630667626218,L017,Lanikai,Sample,26/11/2019,9.3,2019,November,4,PN063,3,3,21.392735,-157.714014,146,2019_November,Wet,Lanikai_Wet,0.004412434,New,6.150235111,352.3825149,1612480,26/11/2019 9.30,1.375,0.419099987,26.8,2.224583333,54.0625,1.498333333,103.7394958,18S
065,3.422873937418672,2.4426761276356617,1.9285461295237878,L019,Lanikai,Sample,05/02/2020,10,2020,February,7,PN065,4,1,21.392735,-157.714014,217,2020_February,Wet,Lanikai_Wet,0.871138256,Waxing gibbous,2.407257627,137.9257022,1612480,05/02/2020 10.00,1.313,0.400202387,24.8,1.589574468,55.06382979,1.522413793,133.8965517,18S
066,22.741949296377825,11.069450899686752,5.734110230828442,L021,Lanikai,Sample,05/02/2020,10,2020,February,7,PN066,4,2,21.392735,-157.714014,217,2020_February,Wet,Lanikai_Wet,0.871138256,Waxing gibbous,2.407257627,137.9257022,1612480,05/02/2020 10.00,1.313,0.400202387,24.8,1.589574468,55.06382979,1.522413793,133.8965517,18S
067,4.479587067380508,2.8484632330234905,2.0928751306257345,L023,Lanikai,Sample,05/02/2020,10,2020,February,7,PN067,4,3,21.392735,-157.714014,217,2020_February,Wet,Lanikai_Wet,0.871138256,Waxing gibbous,2.407257627,137.9257022,1612480,05/02/2020 10.00,1.313,0.400202387,24.8,1.589574468,55.06382979,1.522413793,133.8965517,18S
069,27.844405356252935,15.1035188398839,7.8719502179921745,L025,Lanikai,Sample,26/05/2020,13,2020,May,10,PN069,5,1,21.392735,-157.714014,328,2020_May,Dry,Lanikai_Dry,0.18601069,Waxing crescent,0.891843251,51.09885425,1612480,26/05/2020 13.00,1.057,0.32217359,25.7,1.287708333,275.1041667,1.738333333,132.4333333,18S
070,32.989430915135266,18.143273927129904,10.908021882192203,L027,Lanikai,Sample,26/05/2020,13,2020,May,10,PN070,5,2,21.392735,-157.714014,328,2020_May,Dry,Lanikai_Dry,0.18601069,Waxing crescent,0.891843251,51.09885425,1612480,26/05/2020 13.00,1.057,0.32217359,25.7,1.287708333,275.1041667,1.738333333,132.4333333,18S
071,28.803687143941808,14.918030415648449,8.624052768867397,L029,Lanikai,Sample,26/05/2020,13,2020,May,10,PN071,5,3,21.392735,-157.714014,328,2020_May,Dry,Lanikai_Dry,0.18601069,Waxing crescent,0.891843251,51.09885425,1612480,26/05/2020 13.00,1.057,0.32217359,25.7,1.287708333,275.1041667,1.738333333,132.4333333,18S
073,4.999879966794612,3.5311192693585127,2.6941406904572336,L031,Lanikai,Sample,25/06/2020,12.3,2020,June,11,PN073,6,1,21.392735,-157.714014,358,2020_June,Dry,Lanikai_Dry,0.226374146,Waxing crescent,0.991719255,56.82132778,1612480,25/06/2020 12.30,0.932,0.284073591,25.9,1.797083333,70.97916667,2.130833333,83.19246862,18S
074,5.037536732197574,3.337315015572199,2.4878569287065604,L033,Lanikai,Sample,25/06/2020,12.3,2020,June,11,PN074,6,2,21.392735,-157.714014,358,2020_June,Dry,Lanikai_Dry,0.226374146,Waxing crescent,0.991719255,56.82132778,1612480,25/06/2020 12.30,0.932,0.284073591,25.9,1.797083333,70.97916667,2.130833333,83.19246862,18S
075,3.1025786177713472,2.471100960549599,2.0588831882530862,L035,Lanikai,Sample,25/06/2020,12.3,2020,June,11,PN075,6,3,21.392735,-157.714014,358,2020_June,Dry,Lanikai_Dry,0.226374146,Waxing crescent,0.991719255,56.82132778,1612480,25/06/2020 12.30,0.932,0.284073591,25.9,1.797083333,70.97916667,2.130833333,83.19246862,18S
077,31.731059411596817,18.993111069063414,10.282292621916909,L037,Lanikai,Sample,24/07/2020,11.3,2020,July,12,PN077,7,1,21.392735,-157.714014,387,2020_July,Dry,Lanikai_Dry,0.180972435,Waxing crescent,0.878826549,50.35305219,1612480,24/07/2020 11.30,0.935,0.284987991,26.9,1.742765957,52.12765957,2.248826291,72.85714286,18S
078,5.237652030336042,3.3029184691122566,2.3601921935473675,L039,Lanikai,Sample,24/07/2020,11.3,2020,July,12,PN078,7,2,21.392735,-157.714014,387,2020_July,Dry,Lanikai_Dry,0.180972435,Waxing crescent,0.878826549,50.35305219,1612480,24/07/2020 11.30,0.935,0.284987991,26.9,1.742765957,52.12765957,2.248826291,72.85714286,18S
079,15.341485176836152,10.250939792233936,7.095743524864083,L041,Lanikai,Sample,24/07/2020,11.3,2020,July,12,PN079,7,3,21.392735,-157.714014,387,2020_July,Dry,Lanikai_Dry,0.180972435,Waxing crescent,0.878826549,50.35305219,1612480,24/07/2020 11.30,0.935,0.284987991,26.9,1.742765957,52.12765957,2.248826291,72.85714286,18S
081,23.75373924932472,14.237758001789464,8.8974148279715,L043,Lanikai,Sample,26/08/2020,9.45,2020,August,13,PN081,8,1,21.392735,-157.714014,420,2020_August,Dry,Lanikai_Dry,0.523097956,First quarter,1.617008685,92.64777307,1612480,26/08/2020 9.45,2.428,0.740054376,26.8,1.237291667,82.08333333,2.060810811,99.24311927,18S
082,15.786003524193102,11.064936446819956,7.833098332231174,L045,Lanikai,Sample,26/08/2020,9.45,2020,August,13,PN082,8,2,21.392735,-157.714014,420,2020_August,Dry,Lanikai_Dry,0.523097956,First quarter,1.617008685,92.64777307,1612480,26/08/2020 9.45,2.428,0.740054376,26.8,1.237291667,82.08333333,2.060810811,99.24311927,18S
083,22.349711591660842,12.450540297141904,7.538960070028931,L047,Lanikai,Sample,26/08/2020,9.45,2020,August,13,PN083,8,3,21.392735,-157.714014,420,2020_August,Dry,Lanikai_Dry,0.523097956,First quarter,1.617008685,92.64777307,1612480,26/08/2020 9.45,2.428,0.740054376,26.8,1.237291667,82.08333333,2.060810811,99.24311927,18S
085,31.285932956051262,19.33696346831548,13.190009488579872,L049,Lanikai,Sample,24/09/2020,11.15,2020,September,14,PN085,9,1,21.392735,-157.714014,449,2020_September,Dry,Lanikai_Dry,0.466684527,First quarter,1.504115979,86.17949747,1612480,24/09/2020 11.15,2.556,0.779068775,27,1.694791667,167.6458333,2.628378378,76.49545455,18S
086,25.609199268669354,16.770323629662034,12.1695155303875,L051,Lanikai,Sample,24/09/2020,11.15,2020,September,14,PN086,9,2,21.392735,-157.714014,449,2020_September,Dry,Lanikai_Dry,0.466684527,First quarter,1.504115979,86.17949747,1612480,24/09/2020 11.15,2.556,0.779068775,27,1.694791667,167.6458333,2.628378378,76.49545455,18S
087,26.43905268781516,16.296217292035887,10.827870563083025,L053,Lanikai,Sample,24/09/2020,11.15,2020,September,14,PN087,9,3,21.392735,-157.714014,449,2020_September,Dry,Lanikai_Dry,0.466684527,First quarter,1.504115979,86.17949747,1612480,24/09/2020 11.15,2.556,0.779068775,27,1.694791667,167.6458333,2.628378378,76.49545455,18S
089,27.07588493276539,16.67269411730659,10.720221626729154,L055,Lanikai,Sample,26/10/2020,10.45,2020,October,15,PN089,10,1,21.392735,-157.714014,481,2020_October,Dry,Lanikai_Dry,0.721406261,Waxing gibbous,2.029529404,116.2834692,1612480,26/10/2020 10.45,2.605,0.794003975,27.7,1.528333333,79.375,1.662441315,188.0471698,18S
090,30.462547391359436,18.947330172425314,12.492992767593606,L057,Lanikai,Sample,26/10/2020,10.45,2020,October,15,PN090,10,2,21.392735,-157.714014,481,2020_October,Dry,Lanikai_Dry,0.721406261,Waxing gibbous,2.029529404,116.2834692,1612480,26/10/2020 10.45,2.605,0.794003975,27.7,1.528333333,79.375,1.662441315,188.0471698,18S
091,28.290343231689704,18.61240291983095,12.810478827116237,L059,Lanikai,Sample,26/10/2020,10.45,2020,October,15,PN091,10,3,21.392735,-157.714014,481,2020_October,Dry,Lanikai_Dry,0.721406261,Waxing gibbous,2.029529404,116.2834692,1612480,26/10/2020 10.45,2.605,0.794003975,27.7,1.528333333,79.375,1.662441315,188.0471698,18S
093,27.31809395209836,17.294946595467557,11.503962431942531,L061,Lanikai,Sample,27/11/2020,11.3,2020,November,16,PN093,11,1,21.392735,-157.714014,513,2020_November,Wet,Lanikai_Wet,0.91639996,Waxing gibbous,2.554942829,146.387441,1612480,27/11/2020 11.30,1.966,0.599236781,26.3,1.934791667,80.33333333,2.961574074,54.16666667,18S
094,26.66365901026497,17.61271339453869,12.162900742592305,L063,Lanikai,Sample,27/11/2020,11.3,2020,November,16,PN094,11,2,21.392735,-157.714014,513,2020_November,Wet,Lanikai_Wet,0.91639996,Waxing gibbous,2.554942829,146.387441,1612480,27/11/2020 11.30,1.966,0.599236781,26.3,1.934791667,80.33333333,2.961574074,54.16666667,18S
095,21.094389089969702,15.462719039118392,11.739726725043353,L065,Lanikai,Sample,27/11/2020,11.3,2020,November,16,PN095,11,3,21.392735,-157.714014,513,2020_November,Wet,Lanikai_Wet,0.91639996,Waxing gibbous,2.554942829,146.387441,1612480,27/11/2020 11.30,1.966,0.599236781,26.3,1.934791667,80.33333333,2.961574074,54.16666667,18S
097,24.41295537473978,16.38421315376099,11.310441664319516,L067,Lanikai,Sample,21/12/2020,10.3,2020,December,17,PN097,12,1,21.392735,-157.714014,537,2020_December,Wet,Lanikai_Wet,0.404299295,First quarter,1.378206571,78.96541982,1612480,21/12/2020 10.30,2.005,0.61112398,26,1.962682927,80.65853659,1.753947368,90.57777778,18S
098,23.575461508125034,15.00475080875547,9.99872944678316,L069,Lanikai,Sample,21/12/2020,10.3,2020,December,17,PN098,12,2,21.392735,-157.714014,537,2020_December,Wet,Lanikai_Wet,0.404299295,First quarter,1.378206571,78.96541982,1612480,21/12/2020 10.30,2.005,0.61112398,26,1.962682927,80.65853659,1.753947368,90.57777778,18S
099,25.50062725847979,16.214455276013698,10.208121740264465,L071,Lanikai,Sample,21/12/2020,10.3,2020,December,17,PN099,12,3,21.392735,-157.714014,537,2020_December,Wet,Lanikai_Wet,0.404299295,First quarter,1.378206571,78.96541982,1612480,21/12/2020 10.30,2.005,0.61112398,26,1.962682927,80.65853659,1.753947368,90.57777778,18S
101,26.11218984203515,15.155286333727254,8.678113388646393,L073,Lanikai,Sample,14/01/2021,10.3,2021,January,18,PN101,13,1,21.392735,-157.714014,561,2021_January,Wet,Lanikai_Wet,0.010113294,New,0.201470313,11.54339864,1612480,14/01/2021 10.30,1.355,0.413003987,25.4,2.14375,330.3541667,1.857964602,120.1238938,18S
102,37.46383256242066,21.513304664149867,13.345637660711914,L075,Lanikai,Sample,14/01/2021,10.3,2021,January,18,PN102,13,2,21.392735,-157.714014,561,2021_January,Wet,Lanikai_Wet,0.010113294,New,0.201470313,11.54339864,1612480,14/01/2021 10.30,1.355,0.413003987,25.4,2.14375,330.3541667,1.857964602,120.1238938,18S
103,26.187994067948186,17.20906252061358,11.956586978611021,L077,Lanikai,Sample,14/01/2021,10.3,2021,January,18,PN103,13,3,21.392735,-157.714014,561,2021_January,Wet,Lanikai_Wet,0.010113294,New,0.201470313,11.54339864,1612480,14/01/2021 10.30,1.355,0.413003987,25.4,2.14375,330.3541667,1.857964602,120.1238938,18S
105,14.690310644373739,9.546611399982472,6.771426393487824,M001,Maunalua,Sample,03/07/2019,11,2019,July,0,PN105,1,1,21.274484,-157.760817,0,2019_July,Dry,Maunalua_Dry,0.01191468,New,0.218744623,12.5331437,1612340,03/07/2019 11.00,0.082,0.024993599,27.6,1.278958333,79.60416667,1.632916667,119.4556962,18S
107,1.7881015771079938,1.6336353522932683,1.5152406308431972,M005,Maunalua,Sample,03/07/2019,11,2019,July,0,PN107,1,3,21.274484,-157.760817,0,2019_July,Dry,Maunalua_Dry,0.01191468,New,0.218744623,12.5331437,1612340,03/07/2019 11.00,0.082,0.024993599,27.6,1.278958333,79.60416667,1.632916667,119.4556962,18S
109,6.597175787160706,3.3536227685368525,2.176760873164303,M007,Maunalua,Sample,12/09/2019,9.3,2019,September,2,PN109,2,1,21.274484,-157.760817,71,2019_September,Dry,Maunalua_Dry,0.963841047,Full,2.758952446,158.076331,1612340,12/09/2019 9.30,0.614,0.187147194,28.1,1.407083333,72.52083333,1.962184874,101.8781513,18S
110,31.333185787208844,19.685882311233286,13.150225870121215,M009,Maunalua,Sample,12/09/2019,9.3,2019,September,2,PN110,2,2,21.274484,-157.760817,71,2019_September,Dry,Maunalua_Dry,0.963841047,Full,2.758952446,158.076331,1612340,12/09/2019 9.30,0.614,0.187147194,28.1,1.407083333,72.52083333,1.962184874,101.8781513,18S
111,22.95341486777258,13.249042485318597,8.623294588599531,M011,Maunalua,Sample,12/09/2019,9.3,2019,September,2,PN111,2,3,21.274484,-157.760817,71,2019_September,Dry,Maunalua_Dry,0.963841047,Full,2.758952446,158.076331,1612340,12/09/2019 9.30,0.614,0.187147194,28.1,1.407083333,72.52083333,1.962184874,101.8781513,18S
113,29.30512801540091,14.03904786850083,6.835345099876719,M013,Maunalua,Sample,27/11/2019,12.3,2019,November,4,PN113,3,1,21.274484,-157.760817,147,2019_November,Wet,Maunalua_Wet,0.001591903,New,0.079818514,4.573263979,1612340,27/11/2019 12.30,0.738,0.224942393,27.1,2.236041667,54.27083333,1.815416667,158.2416667,18S
114,49.98878364345195,30.863741761741927,19.099825945276386,M015,Maunalua,Sample,27/11/2019,12.3,2019,November,4,PN114,3,2,21.274484,-157.760817,147,2019_November,Wet,Maunalua_Wet,0.001591903,New,0.079818514,4.573263979,1612340,27/11/2019 12.30,0.738,0.224942393,27.1,2.236041667,54.27083333,1.815416667,158.2416667,18S
115,13.687923291123177,4.54150727936244,2.305252129695388,M017,Maunalua,Sample,27/11/2019,12.3,2019,November,4,PN115,3,3,21.274484,-157.760817,147,2019_November,Wet,Maunalua_Wet,0.001591903,New,0.079818514,4.573263979,1612340,27/11/2019 12.30,0.738,0.224942393,27.1,2.236041667,54.27083333,1.815416667,158.2416667,18S
117,18.991725390499255,10.688463122511646,6.354705365215164,M019,Maunalua,Sample,13/02/2020,9.3,2020,February,7,PN117,4,1,21.274484,-157.760817,225,2020_February,Wet,Maunalua_Wet,0.783550419,Waning gibbous,4.10940731,235.4516951,1612340,13/02/2020 9.30,1.27,0.387095988,24.2,2.605531915,45.34042553,1.733333333,109.4351145,18S
118,10.772308340942612,7.739301853674519,5.923552017224298,M021,Maunalua,Sample,13/02/2020,9.3,2020,February,7,PN118,4,2,21.274484,-157.760817,225,2020_February,Wet,Maunalua_Wet,0.783550419,Waning gibbous,4.10940731,235.4516951,1612340,13/02/2020 9.30,1.27,0.387095988,24.2,2.605531915,45.34042553,1.733333333,109.4351145,18S
119,24.803713339441178,13.845193791613776,7.997148417529161,M023,Maunalua,Sample,13/02/2020,9.3,2020,February,7,PN119,4,3,21.274484,-157.760817,225,2020_February,Wet,Maunalua_Wet,0.783550419,Waning gibbous,4.10940731,235.4516951,1612340,13/02/2020 9.30,1.27,0.387095988,24.2,2.605531915,45.34042553,1.733333333,109.4351145,18S
121,21.675437240292027,13.106502036742842,8.623945121250728,M025,Maunalua,Sample,25/05/2020,10.45,2020,May,10,PN121,5,1,21.274484,-157.760817,327,2020_May,Dry,Maunalua_Dry,0.110922846,Waxing crescent,0.67907454,38.90810514,1612340,25/05/2020 10.45,0.256,0.078028798,26.1,1.413125,188.2291667,1.839583333,129.2468619,18S
122,26.45044367211828,15.48183786275988,9.724438879525248,M027,Maunalua,Sample,25/05/2020,10.45,2020,May,10,PN122,5,2,21.274484,-157.760817,327,2020_May,Dry,Maunalua_Dry,0.110922846,Waxing crescent,0.67907454,38.90810514,1612340,25/05/2020 10.45,0.256,0.078028798,26.1,1.413125,188.2291667,1.839583333,129.2468619,18S
123,27.485848336243713,16.298298114251285,10.316331927173692,M029,Maunalua,Sample,25/05/2020,10.45,2020,May,10,PN123,5,3,21.274484,-157.760817,327,2020_May,Dry,Maunalua_Dry,0.110922846,Waxing crescent,0.67907454,38.90810514,1612340,25/05/2020 10.45,0.256,0.078028798,26.1,1.413125,188.2291667,1.839583333,129.2468619,18S
125,39.11673626007951,22.961193657187504,13.349199039666445,M031,Maunalua,Sample,29/06/2020,11.3,2020,June,11,PN125,6,1,21.274484,-157.760817,362,2020_June,Dry,Maunalua_Dry,0.634328148,First quarter,1.842794097,105.5843242,1612340,29/06/2020 11.30,2.057,0.62697358,27.1,1.300208333,53.14583333,1.7175,91.63291139,18S
126,45.25722020015609,27.482148933657633,16.31321823447874,M033,Maunalua,Sample,29/06/2020,11.3,2020,June,11,PN126,6,2,21.274484,-157.760817,362,2020_June,Dry,Maunalua_Dry,0.634328148,First quarter,1.842794097,105.5843242,1612340,29/06/2020 11.30,2.057,0.62697358,27.1,1.300208333,53.14583333,1.7175,91.63291139,18S
127,50.206666745915115,31.34367566352075,19.460246026770744,M035,Maunalua,Sample,29/06/2020,11.3,2020,June,11,PN127,6,3,21.274484,-157.760817,362,2020_June,Dry,Maunalua_Dry,0.634328148,First quarter,1.842794097,105.5843242,1612340,29/06/2020 11.30,2.057,0.62697358,27.1,1.300208333,53.14583333,1.7175,91.63291139,18S
129,35.321927100042956,18.92468627935846,9.778642805254139,M037,Maunalua,Sample,29/07/2020,11.3,2020,July,12,PN129,7,1,21.274484,-157.760817,392,2020_July,Dry,Maunalua_Dry,0.681680884,First quarter,1.942670101,111.3067978,1612340,29/07/2020 11.30,2.497,0.761085576,27.1,2.053617021,69.68085106,2.326086957,64.8115942,18S
130,33.385135557228416,16.728746652813417,8.22483068208374,M039,Maunalua,Sample,29/07/2020,11.3,2020,July,12,PN130,7,2,21.274484,-157.760817,392,2020_July,Dry,Maunalua_Dry,0.681680884,First quarter,1.942670101,111.3067978,1612340,29/07/2020 11.30,2.497,0.761085576,27.1,2.053617021,69.68085106,2.326086957,64.8115942,18S
131,32.307773657069816,17.7087628450788,10.432111181568828,M041,Maunalua,Sample,29/07/2020,11.3,2020,July,12,PN131,7,3,21.274484,-157.760817,392,2020_July,Dry,Maunalua_Dry,0.681680884,First quarter,1.942670101,111.3067978,1612340,29/07/2020 11.30,2.497,0.761085576,27.1,2.053617021,69.68085106,2.326086957,64.8115942,18S
133,30.22641353173298,20.626840792641882,14.456088337576496,M043,Maunalua,Sample,25/08/2020,12.3,2020,August,13,PN133,8,1,21.274484,-157.760817,419,2020_August,Dry,Maunalua_Dry,0.417106327,First quarter,1.404239974,80.45702395,1612340,25/08/2020 12.30,2.136,0.651052779,27.4,1.318085106,86.46808511,1.87027027,101.0727273,18S
134,23.144356921312742,12.581632094804945,6.907982810280448,M045,Maunalua,Sample,25/08/2020,12.3,2020,August,13,PN134,8,2,21.274484,-157.760817,419,2020_August,Dry,Maunalua_Dry,0.417106327,First quarter,1.404239974,80.45702395,1612340,25/08/2020 12.30,2.136,0.651052779,27.4,1.318085106,86.46808511,1.87027027,101.0727273,18S
135,44.71676345095637,24.777533603173396,15.157989339927298,M047,Maunalua,Sample,25/08/2020,12.3,2020,August,13,PN135,8,3,21.274484,-157.760817,419,2020_August,Dry,Maunalua_Dry,0.417106327,First quarter,1.404239974,80.45702395,1612340,25/08/2020 12.30,2.136,0.651052779,27.4,1.318085106,86.46808511,1.87027027,101.0727273,18S
137,23.2474444387233,12.62407455781965,7.03756780259527,M049,Maunalua,Sample,22/09/2020,12.3,2020,September,14,PN137,9,1,21.274484,-157.760817,447,2020_September,Dry,Maunalua_Dry,0.26370923,Waxing crescent,1.078578558,61.79799924,1612340,22/09/2020 12.30,1.637,0.498957584,27.2,1.422173913,56.80434783,2.06372093,63.89252336,18S
138,20.721097428371763,12.019569198287645,7.431918796312586,M051,Maunalua,Sample,22/09/2020,12.3,2020,September,14,PN138,9,2,21.274484,-157.760817,447,2020_September,Dry,Maunalua_Dry,0.26370923,Waxing crescent,1.078578558,61.79799924,1612340,22/09/2020 12.30,1.637,0.498957584,27.2,1.422173913,56.80434783,2.06372093,63.89252336,18S
139,31.177291243650785,14.972463724399287,7.55283949160495,M053,Maunalua,Sample,22/09/2020,12.3,2020,September,14,PN139,9,3,21.274484,-157.760817,447,2020_September,Dry,Maunalua_Dry,0.26370923,Waxing crescent,1.078578558,61.79799924,1612340,22/09/2020 12.30,1.637,0.498957584,27.2,1.422173913,56.80434783,2.06372093,63.89252336,18S
141,16.18020531809413,10.510973166788,7.125662648678693,M055,Maunalua,Sample,30/10/2020,10.3,2020,October,15,PN141,10,1,21.274484,-157.760817,485,2020_October,Dry,Maunalua_Dry,0.983067703,Full,2.880604245,165.0464657,1612340,30/10/2020 10.30,1.07,0.32613599,27.6,1.249791667,209.7708333,3.136403509,239.8502203,18S
142,12.739600051302183,8.58771576049375,6.070537027225645,M057,Maunalua,Sample,30/10/2020,10.3,2020,October,15,PN142,10,2,21.274484,-157.760817,485,2020_October,Dry,Maunalua_Dry,0.983067703,Full,2.880604245,165.0464657,1612340,30/10/2020 10.30,1.07,0.32613599,27.6,1.249791667,209.7708333,3.136403509,239.8502203,18S
143,13.518207072109812,6.819955965015526,3.957155937609999,M059,Maunalua,Sample,30/10/2020,10.3,2020,October,15,PN143,10,3,21.274484,-157.760817,485,2020_October,Dry,Maunalua_Dry,0.983067703,Full,2.880604245,165.0464657,1612340,30/10/2020 10.30,1.07,0.32613599,27.6,1.249791667,209.7708333,3.136403509,239.8502203,18S
145,47.088461816424555,22.707586452049938,9.677171381334286,M061,Maunalua,Sample,23/11/2020,10.3,2020,November,16,PN145,11,1,21.274484,-157.760817,509,2020_November,Wet,Maunalua_Wet,0.566339634,First quarter,1.703867987,97.62444453,1612340,23/11/2020 10.30,1.962,0.598017581,26.1,3.039166667,66.04166667,2.65745614,73.29646018,18S
146,44.193123698293796,18.367585900881842,6.834457126855815,M063,Maunalua,Sample,23/11/2020,10.3,2020,November,16,PN146,11,2,21.274484,-157.760817,509,2020_November,Wet,Maunalua_Wet,0.566339634,First quarter,1.703867987,97.62444453,1612340,23/11/2020 10.30,1.962,0.598017581,26.1,3.039166667,66.04166667,2.65745614,73.29646018,18S
147,51.18948566102594,22.341817096501153,8.376728234819645,M065,Maunalua,Sample,23/11/2020,10.3,2020,November,16,PN147,11,3,21.274484,-157.760817,509,2020_November,Wet,Maunalua_Wet,0.566339634,First quarter,1.703867987,97.62444453,1612340,23/11/2020 10.30,1.962,0.598017581,26.1,3.039166667,66.04166667,2.65745614,73.29646018,18S
149,9.990962968590429,6.968157132863006,5.249505616521313,M067,Maunalua,Sample,29/12/2020,10.15,2020,December,17,PN149,12,1,21.274484,-157.760817,545,2020_December,Wet,Maunalua_Wet,0.999062819,Full,3.080356254,176.4914128,1612340,29/12/2020 10.15,0.653,0.199034394,25.7,1.767708333,83.25,1.370044053,136.6902655,18S
150,8.458304510423561,6.350745539660689,5.047061165540421,M069,Maunalua,Sample,29/12/2020,10.15,2020,December,17,PN150,12,2,21.274484,-157.760817,545,2020_December,Wet,Maunalua_Wet,0.999062819,Full,3.080356254,176.4914128,1612340,29/12/2020 10.15,0.653,0.199034394,25.7,1.767708333,83.25,1.370044053,136.6902655,18S
151,14.160599144184491,9.637337858843173,7.099683222283235,M071,Maunalua,Sample,29/12/2020,10.15,2020,December,17,PN151,12,3,21.274484,-157.760817,545,2020_December,Wet,Maunalua_Wet,0.999062819,Full,3.080356254,176.4914128,1612340,29/12/2020 10.15,0.653,0.199034394,25.7,1.767708333,83.25,1.370044053,136.6902655,18S
153,34.6105907697883,21.560950633095402,14.168582621408262,M073,Maunalua,Sample,20/01/2021,15,2021,January,18,PN153,13,1,21.274484,-157.760817,567,2021_January,Wet,Maunalua_Wet,0.453709508,First quarter,1.478082575,84.68789334,1612340,20/01/2021 15.00,1.69,0.515111984,25.3,2.584680851,143.5319149,1.772727273,81.29126214,18S
154,23.928648569025185,16.474450802248526,12.285020261145188,M075,Maunalua,Sample,20/01/2021,15,2021,January,18,PN154,13,2,21.274484,-157.760817,567,2021_January,Wet,Maunalua_Wet,0.453709508,First quarter,1.478082575,84.68789334,1612340,20/01/2021 15.00,1.69,0.515111984,25.3,2.584680851,143.5319149,1.772727273,81.29126214,18S
155,16.654796014442564,7.086396662537063,3.4873038815421458,M077,Maunalua,Sample,20/01/2021,15,2021,January,18,PN155,13,3,21.274484,-157.760817,567,2021_January,Wet,Maunalua_Wet,0.453709508,First quarter,1.478082575,84.68789334,1612340,20/01/2021 15.00,1.69,0.515111984,25.3,2.584680851,143.5319149,1.772727273,81.29126214,18S
157,1.010366258493413,1.007752656241625,1.005812504259222,W001,Waimānalo,Sample,11/07/2019,11,2019,July,0,PN157,1,1,21.326702,-157.681698,8,2019_July,Dry,Waimānalo_Dry,0.671494923,First quarter,1.920894306,110.0591366,1612480,11/07/2019 11.00,2.107,0.642213579,27.3,1.41375,95.60416667,2.142857143,87.00421941,18S
158,3.092897434374331,2.495228046530796,2.0994690598274364,W003,Waimānalo,Sample,11/07/2019,11,2019,July,0,PN158,1,2,21.326702,-157.681698,8,2019_July,Dry,Waimānalo_Dry,0.671494923,First quarter,1.920894306,110.0591366,1612480,11/07/2019 11.00,2.107,0.642213579,27.3,1.41375,95.60416667,2.142857143,87.00421941,18S
159,1.0000000000000002,1,0.9999999999999998,W005,Waimānalo,Sample,11/07/2019,11,2019,July,0,PN159,1,3,21.326702,-157.681698,8,2019_July,Dry,Waimānalo_Dry,0.671494923,First quarter,1.920894306,110.0591366,1612480,11/07/2019 11.00,2.107,0.642213579,27.3,1.41375,95.60416667,2.142857143,87.00421941,18S
161,30.65044144857164,17.051014745021003,10.754991147831895,W007,Waimānalo,Sample,16/09/2019,10,2019,September,2,PN161,2,1,21.326702,-157.681698,75,2019_September,Dry,Waimānalo_Dry,0.946138064,Waning gibbous,3.610027288,206.8393275,1612480,16/09/2019 10.00,0.955,0.291083991,28.3,1.333541667,73.85416667,1.680334728,98.53164557,18S
162,17.37182006415501,6.038946715141245,2.8835217755269174,W009,Waimānalo,Sample,16/09/2019,10,2019,September,2,PN162,2,2,21.326702,-157.681698,75,2019_September,Dry,Waimānalo_Dry,0.946138064,Waning gibbous,3.610027288,206.8393275,1612480,16/09/2019 10.00,0.955,0.291083991,28.3,1.333541667,73.85416667,1.680334728,98.53164557,18S
163,27.171845942522594,15.769255215737527,10.297315901743222,W011,Waimānalo,Sample,16/09/2019,10,2019,September,2,PN163,2,3,21.326702,-157.681698,75,2019_September,Dry,Waimānalo_Dry,0.946138064,Waning gibbous,3.610027288,206.8393275,1612480,16/09/2019 10.00,0.955,0.291083991,28.3,1.333541667,73.85416667,1.680334728,98.53164557,18S
165,48.40625980103138,32.30770893755994,22.17220623506585,W013,Waimānalo,Sample,26/11/2019,10.2,2019,November,4,PN165,3,1,21.326702,-157.681698,146,2019_November,Wet,Waimānalo_Wet,0.004412434,New,6.150235111,352.3825149,1612480,26/11/2019 10.20,1.565,0.477011985,26.8,2.224583333,54.0625,1.498333333,103.7394958,18S
166,15.914603165586202,12.355923098654836,9.998866437253868,W015,Waimānalo,Sample,26/11/2019,10.2,2019,November,4,PN166,3,2,21.326702,-157.681698,146,2019_November,Wet,Waimānalo_Wet,0.004412434,New,6.150235111,352.3825149,1612480,26/11/2019 10.20,1.565,0.477011985,26.8,2.224583333,54.0625,1.498333333,103.7394958,18S
167,29.17373651488164,18.010903400502905,11.349774983229096,W017,Waimānalo,Sample,26/11/2019,10.2,2019,November,4,PN167,3,3,21.326702,-157.681698,146,2019_November,Wet,Waimānalo_Wet,0.004412434,New,6.150235111,352.3825149,1612480,26/11/2019 10.20,1.565,0.477011985,26.8,2.224583333,54.0625,1.498333333,103.7394958,18S
168,51.91546213816647,31.005817956275703,19.50632052761498,W019,Waimānalo,Sample,01/02/2020,10,2020,February,7,PN168,4,1,21.326702,-157.681698,213,2020_February,Wet,Waimānalo_Wet,0.492693489,First quarter,1.556182785,89.16270574,1612480,01/02/2020 10.00,1.099,0.334975189,25,2.239791667,131.7708333,1.683035714,89.09090909,18S
169,48.632314951039604,29.62968842413087,20.563423531940444,W021,Waimānalo,Sample,01/02/2020,10,2020,February,7,PN169,4,2,21.326702,-157.681698,213,2020_February,Wet,Waimānalo_Wet,0.492693489,First quarter,1.556182785,89.16270574,1612480,01/02/2020 10.00,1.099,0.334975189,25,2.239791667,131.7708333,1.683035714,89.09090909,18S
170,39.36868557521541,18.224594561621117,8.524491336480185,W023,Waimānalo,Sample,01/02/2020,10,2020,February,7,PN170,4,3,21.326702,-157.681698,213,2020_February,Wet,Waimānalo_Wet,0.492693489,First quarter,1.556182785,89.16270574,1612480,01/02/2020 10.00,1.099,0.334975189,25,2.239791667,131.7708333,1.683035714,89.09090909,18S
172,58.85909148313433,32.57354221178866,17.32896463652991,W025,Waimānalo,Sample,18/05/2020,12.45,2020,May,10,PN172,5,1,21.326702,-157.681698,320,2020_May,Dry,Waimānalo_Dry,0.155361772,Waning crescent,5.472878875,313.5728613,1612480,18/05/2020 12.45,2.041,0.62209678,25.9,1.441875,211.7708333,2.0075,79.2605042,18S
173,50.04553838617786,28.072616431485493,15.570058189524865,W027,Waimānalo,Sample,18/05/2020,12.45,2020,May,10,PN173,5,2,21.326702,-157.681698,320,2020_May,Dry,Waimānalo_Dry,0.155361772,Waning crescent,5.472878875,313.5728613,1612480,18/05/2020 12.45,2.041,0.62209678,25.9,1.441875,211.7708333,2.0075,79.2605042,18S
174,43.71340355250215,24.396058679234216,14.389021335375173,W029,Waimānalo,Sample,18/05/2020,12.45,2020,May,10,PN174,5,3,21.326702,-157.681698,320,2020_May,Dry,Waimānalo_Dry,0.155361772,Waning crescent,5.472878875,313.5728613,1612480,18/05/2020 12.45,2.041,0.62209678,25.9,1.441875,211.7708333,2.0075,79.2605042,18S
176,62.79749257144579,42.18366078187928,29.106880862797052,W031,Waimānalo,Sample,24/06/2020,13,2020,June,11,PN176,6,1,21.326702,-157.681698,357,2020_June,Dry,Waimānalo_Dry,0.144174397,Waxing crescent,0.778950545,44.63057866,1612480,24/06/2020 13.00,1.254,0.382219188,25.9,1.574255319,74.76595745,2.155416667,74.32352941,18S
177,60.08266551002079,31.392185114695785,16.885124076295185,W033,Waimānalo,Sample,24/06/2020,13,2020,June,11,PN177,6,2,21.326702,-157.681698,357,2020_June,Dry,Waimānalo_Dry,0.144174397,Waxing crescent,0.778950545,44.63057866,1612480,24/06/2020 13.00,1.254,0.382219188,25.9,1.574255319,74.76595745,2.155416667,74.32352941,18S
178,42.238547544416654,16.649604216228283,6.545027771819839,W035,Waimānalo,Sample,24/06/2020,13,2020,June,11,PN178,6,3,21.326702,-157.681698,357,2020_June,Dry,Waimānalo_Dry,0.144174397,Waxing crescent,0.778950545,44.63057866,1612480,24/06/2020 13.00,1.254,0.382219188,25.9,1.574255319,74.76595745,2.155416667,74.32352941,18S
180,53.00544900035846,31.924124036030374,19.851243379421067,W037,Waimānalo,Sample,23/07/2020,12,2020,July,12,PN180,7,1,21.326702,-157.681698,386,2020_July,Dry,Waimānalo_Dry,0.106868202,Waxing crescent,0.666057839,38.16230307,1612480,23/07/2020 12.00,1.09,0.332231989,27.1,1.395217391,50.86956522,1.59953271,78.69014085,18S
181,57.87545812729323,34.161284260494526,20.610420138220334,W039,Waimānalo,Sample,23/07/2020,12,2020,July,12,PN181,7,2,21.326702,-157.681698,386,2020_July,Dry,Waimānalo_Dry,0.106868202,Waxing crescent,0.666057839,38.16230307,1612480,23/07/2020 12.00,1.09,0.332231989,27.1,1.395217391,50.86956522,1.59953271,78.69014085,18S
182,45.739065095509254,27.098623147342884,17.147757185230486,W041,Waimānalo,Sample,23/07/2020,12,2020,July,12,PN182,7,3,21.326702,-157.681698,386,2020_July,Dry,Waimānalo_Dry,0.106868202,Waxing crescent,0.666057839,38.16230307,1612480,23/07/2020 12.00,1.09,0.332231989,27.1,1.395217391,50.86956522,1.59953271,78.69014085,18S
184,68.66698695429449,42.11008674388279,27.108323990682344,W043,Waimānalo,Sample,24/08/2020,11.3,2020,August,13,PN184,8,1,21.326702,-157.681698,418,2020_August,Dry,Waimānalo_Dry,0.314853203,First quarter,1.191471264,68.26627483,1612480,24/08/2020 11.30,1.851,0.564184782,26.7,1.394375,82.47916667,2.216425121,70.51941748,18S
185,59.8489583674513,32.80105845121778,18.51995729979125,W045,Waimānalo,Sample,24/08/2020,11.3,2020,August,13,PN185,8,2,21.326702,-157.681698,418,2020_August,Dry,Waimānalo_Dry,0.314853203,First quarter,1.191471264,68.26627483,1612480,24/08/2020 11.30,1.851,0.564184782,26.7,1.394375,82.47916667,2.216425121,70.51941748,18S
186,53.15929232651074,26.81564100428061,14.697905647372426,W047,Waimānalo,Sample,24/08/2020,11.3,2020,August,13,PN186,8,3,21.326702,-157.681698,418,2020_August,Dry,Waimānalo_Dry,0.314853203,First quarter,1.191471264,68.26627483,1612480,24/08/2020 11.30,1.851,0.564184782,26.7,1.394375,82.47916667,2.216425121,70.51941748,18S
188,37.38216924664201,21.397060984796042,12.574778398789324,W049,Waimānalo,Sample,25/09/2020,9.45,2020,September,14,PN188,9,1,21.326702,-157.681698,450,2020_September,Dry,Waimānalo_Dry,0.572784642,First quarter,1.716884689,98.37024659,1612480,25/09/2020 9.45,2.448,0.746150376,27,1.916666667,326.3333333,2.596086957,69.8,18S
189,52.08577530390706,30.447475050689025,17.72037090274076,W051,Waimānalo,Sample,25/09/2020,9.45,2020,September,14,PN189,9,2,21.326702,-157.681698,450,2020_September,Dry,Waimānalo_Dry,0.572784642,First quarter,1.716884689,98.37024659,1612480,25/09/2020 9.45,2.448,0.746150376,27,1.916666667,326.3333333,2.596086957,69.8,18S
190,66.92969353443847,37.71196859875596,21.209190119459834,W053,Waimānalo,Sample,25/09/2020,9.45,2020,September,14,PN190,9,3,21.326702,-157.681698,450,2020_September,Dry,Waimānalo_Dry,0.572784642,First quarter,1.716884689,98.37024659,1612480,25/09/2020 9.45,2.448,0.746150376,27,1.916666667,326.3333333,2.596086957,69.8,18S
192,29.29142483028516,15.833623649329517,9.23025781177547,W055,Waimānalo,Sample,28/10/2020,11,2020,October,15,PN192,10,1,21.326702,-157.681698,483,2020_October,Dry,Waimānalo_Dry,0.886726398,Waxing gibbous,2.455066825,140.6649675,1612480,28/10/2020 11.00,2.395,0.729995977,27.6,1.123829787,53.95744681,1.353271028,149.8356808,18S
193,21.450855726665303,13.798412708356704,9.579656668768491,W057,Waimānalo,Sample,28/10/2020,11,2020,October,15,PN193,10,2,21.326702,-157.681698,483,2020_October,Dry,Waimānalo_Dry,0.886726398,Waxing gibbous,2.455066825,140.6649675,1612480,28/10/2020 11.00,2.395,0.729995977,27.6,1.123829787,53.95744681,1.353271028,149.8356808,18S
194,40.31711079365347,24.313650354042363,14.979558253836458,W059,Waimānalo,Sample,28/10/2020,11,2020,October,15,PN194,10,3,21.326702,-157.681698,483,2020_October,Dry,Waimānalo_Dry,0.886726398,Waxing gibbous,2.455066825,140.6649675,1612480,28/10/2020 11.00,2.395,0.729995977,27.6,1.123829787,53.95744681,1.353271028,149.8356808,18S
196,51.14956660175936,29.323321499044255,17.370016376020192,W061,Waimānalo,Sample,29/11/2020,10.45,2020,November,16,PN196,11,1,21.326702,-157.681698,515,2020_November,Wet,Waimānalo_Wet,0.993524723,Full,2.98048025,170.7689392,1612480,29/11/2020 10.45,1.595,0.486155984,26.3,2.16173913,104.8478261,2.067298578,88.78199052,18S
197,47.80091908274733,29.67333656835611,19.132435992005732,W063,Waimānalo,Sample,29/11/2020,10.45,2020,November,16,PN197,11,2,21.326702,-157.681698,515,2020_November,Wet,Waimānalo_Wet,0.993524723,Full,2.98048025,170.7689392,1612480,29/11/2020 10.45,1.595,0.486155984,26.3,2.16173913,104.8478261,2.067298578,88.78199052,18S
198,59.239995475070224,37.32442003563508,24.77455271004635,W065,Waimānalo,Sample,29/11/2020,10.45,2020,November,16,PN198,11,3,21.326702,-157.681698,515,2020_November,Wet,Waimānalo_Wet,0.993524723,Full,2.98048025,170.7689392,1612480,29/11/2020 10.45,1.595,0.486155984,26.3,2.16173913,104.8478261,2.067298578,88.78199052,18S
200,55.67866080037479,28.059501337162445,15.339216248323076,W067,Waimānalo,Sample,30/12/2020,10.45,2020,December,17,PN200,12,1,21.326702,-157.681698,546,2020_December,Wet,Waimānalo_Wet,0.994270466,Full,3.293124965,188.6821619,1612480,30/12/2020 10.45,1.372,0.418185587,25.8,1.925625,187.625,1.676233184,92.71300448,18S
201,72.92795860564974,35.4496966600437,18.96558995391489,W069,Waimānalo,Sample,30/12/2020,10.45,2020,December,17,PN201,12,2,21.326702,-157.681698,546,2020_December,Wet,Waimānalo_Wet,0.994270466,Full,3.293124965,188.6821619,1612480,30/12/2020 10.45,1.372,0.418185587,25.8,1.925625,187.625,1.676233184,92.71300448,18S
202,1.292180921294481,1.2269315838430905,1.1741582372721173,W071,Waimānalo,Sample,30/12/2020,10.45,2020,December,17,PN202,12,3,21.326702,-157.681698,546,2020_December,Wet,Waimānalo_Wet,0.994270466,Full,3.293124965,188.6821619,1612480,30/12/2020 10.45,1.372,0.418185587,25.8,1.925625,187.625,1.676233184,92.71300448,18S
204,26.42655253300823,15.30035793407524,10.108584891151832,W073,Waimānalo,Sample,18/01/2021,10,2021,January,18,PN204,13,1,21.326702,-157.681698,565,2021_January,Wet,Waimānalo_Wet,0.252319144,Waxing crescent,1.052545155,60.30639511,1612480,18/01/2021 10.00,1.641,0.500176784,25.3,2.034042553,78.74468085,2.605164319,239.5539906,18S
205,6.13724826670662,4.967477161760547,4.146618336617677,W075,Waimānalo,Sample,18/01/2021,10,2021,January,18,PN205,13,2,21.326702,-157.681698,565,2021_January,Wet,Waimānalo_Wet,0.252319144,Waxing crescent,1.052545155,60.30639511,1612480,18/01/2021 10.00,1.641,0.500176784,25.3,2.034042553,78.74468085,2.605164319,239.5539906,18S
206,23.081921705159072,14.863040232930157,10.337218284265763,W077,Waimānalo,Sample,18/01/2021,10,2021,January,18,PN206,13,3,21.326702,-157.681698,565,2021_January,Wet,Waimānalo_Wet,0.252319144,Waxing crescent,1.052545155,60.30639511,1612480,18/01/2021 10.00,1.641,0.500176784,25.3,2.034042553,78.74468085,2.605164319,239.5539906,18S
208,2.111244569454473,1.90653516434769,1.7369952799472057,K079,Kāneʻohe,Sample,20/03/2021,10.45,2021,March,20,PN208,14,1,21.435115,-157.7867,626,2021_March,Wet,Kāneʻohe_Wet,0.447233215,First quarter,1.465065874,83.94209128,1612480,20/03/2021 10.45,0.328,0.099974397,24,2.608125,55.375,3.077916667,69.40585774,18S
209,4.151468999728669,3.2279292742658683,2.6497003061027686,K081,Kāneʻohe,Sample,20/03/2021,10.45,2021,March,20,PN209,14,2,21.435115,-157.7867,626,2021_March,Wet,Kāneʻohe_Wet,0.447233215,First quarter,1.465065874,83.94209128,1612480,20/03/2021 10.45,0.328,0.099974397,24,2.608125,55.375,3.077916667,69.40585774,18S
210,3.3216654557011354,2.3307657830947623,1.835579313388564,K083,Kāneʻohe,Sample,20/03/2021,10.45,2021,March,20,PN210,14,3,21.435115,-157.7867,626,2021_March,Wet,Kāneʻohe_Wet,0.447233215,First quarter,1.465065874,83.94209128,1612480,20/03/2021 10.45,0.328,0.099974397,24,2.608125,55.375,3.077916667,69.40585774,18S
212,2.859290509919883,2.485153299964442,2.1888158456220124,K085,Kāneʻohe,Sample,30/04/2021,10.15,2021,April,21,PN212,15,1,21.435115,-157.7867,667,2021_April,Dry,Kāneʻohe_Dry,0.861104698,Waning gibbous,3.905397692,223.7628051,1612480,30/04/2021 10.15,-0.272,-0.082905597,24.2,NA,NA,2.413333333,76.46025105,18S
213,3.7429822864012534,3.171613294581001,2.7437614265395416,K087,Kāneʻohe,Sample,30/04/2021,10.15,2021,April,21,PN213,15,2,21.435115,-157.7867,667,2021_April,Dry,Kāneʻohe_Dry,0.861104698,Waning gibbous,3.905397692,223.7628051,1612480,30/04/2021 10.15,-0.272,-0.082905597,24.2,NA,NA,2.413333333,76.46025105,18S
214,4.217514565380243,3.214784280089803,2.6067620541295726,K089,Kāneʻohe,Sample,30/04/2021,10.15,2021,April,21,PN214,15,3,21.435115,-157.7867,667,2021_April,Dry,Kāneʻohe_Dry,0.861104698,Waning gibbous,3.905397692,223.7628051,1612480,30/04/2021 10.15,-0.272,-0.082905597,24.2,NA,NA,2.413333333,76.46025105,18S
216,7.644397526743651,5.757313815703776,4.562052572229618,K091,Kāneʻohe,Sample,04/06/2021,10,2021,June,23,PN216,16,1,21.435115,-157.7867,702,2021_June,Dry,Kāneʻohe_Dry,0.325394825,Last quarter,5.069117249,290.4390242,1612480,04/06/2021 10.00,1.48,0.451103986,25.8,1.654255319,61.78723404,2.14279476,83.51315789,18S
217,4.901615163540086,3.420956690228973,2.5748620577412744,K093,Kāneʻohe,Sample,04/06/2021,10,2021,June,23,PN217,16,2,21.435115,-157.7867,702,2021_June,Dry,Kāneʻohe_Dry,0.325394825,Last quarter,5.069117249,290.4390242,1612480,04/06/2021 10.00,1.48,0.451103986,25.8,1.654255319,61.78723404,2.14279476,83.51315789,18S
218,5.585864016541153,4.222631765060697,3.3794070460577896,K095,Kāneʻohe,Sample,04/06/2021,10,2021,June,23,PN218,16,3,21.435115,-157.7867,702,2021_June,Dry,Kāneʻohe_Dry,0.325394825,Last quarter,5.069117249,290.4390242,1612480,04/06/2021 10.00,1.48,0.451103986,25.8,1.654255319,61.78723404,2.14279476,83.51315789,18S
220,1.0000000000000002,1,0.9999999999999998,K097,Kāneʻohe,Sample,20/06/2023,16.15,2023,June,23,PN220,17,1,21.435115,-157.7867,1448,2023_June,Dry,Kāneʻohe_Dry,0.045884091,Waxing crescent,0.43175721,24.73786589,1612480,20/06/2023 16.15,1.07,0.32613599,26.1,1.311041667,57.77083333,2.027083333,122.7763713,18S
221,0.9999999999999998,1,1.0000000000000002,K099,Kāneʻohe,Sample,20/06/2023,16.15,2023,June,23,PN221,17,2,21.435115,-157.7867,1448,2023_June,Dry,Kāneʻohe_Dry,0.045884091,Waxing crescent,0.43175721,24.73786589,1612480,20/06/2023 16.15,1.07,0.32613599,26.1,1.311041667,57.77083333,2.027083333,122.7763713,18S
222,0.9999999999999994,1,1.0000000000000007,K101,Kāneʻohe,Sample,20/06/2023,16.15,2023,June,23,PN222,17,3,21.435115,-157.7867,1448,2023_June,Dry,Kāneʻohe_Dry,0.045884091,Waxing crescent,0.43175721,24.73786589,1612480,20/06/2023 16.15,1.07,0.32613599,26.1,1.311041667,57.77083333,2.027083333,122.7763713,18S
224,50.80438053961565,28.310475336843208,16.460040001536903,L079,Lanikai,Sample,26/03/2021,10.3,2021,March,20,PN224,14,1,21.392735,-157.714014,632,2021_March,Wet,Lanikai_Wet,0.96054714,Waxing gibbous,2.741678136,157.086586,1612480,26/03/2021 10.30,1.309,0.398983187,24.3,2.115416667,136.6666667,1.690833333,156.9125,18S
225,7.210611671356645,4.615760499956397,3.304083602200748,L081,Lanikai,Sample,26/03/2021,10.3,2021,March,20,PN225,14,2,21.392735,-157.714014,632,2021_March,Wet,Lanikai_Wet,0.96054714,Waxing gibbous,2.741678136,157.086586,1612480,26/03/2021 10.30,1.309,0.398983187,24.3,2.115416667,136.6666667,1.690833333,156.9125,18S
226,23.75354341067962,11.354906638378242,5.445252134632177,L083,Lanikai,Sample,26/03/2021,10.3,2021,March,20,PN226,14,3,21.392735,-157.714014,632,2021_March,Wet,Lanikai_Wet,0.96054714,Waxing gibbous,2.741678136,157.086586,1612480,26/03/2021 10.30,1.309,0.398983187,24.3,2.115416667,136.6666667,1.690833333,156.9125,18S
228,10.834386265814242,6.133881012165325,3.881718370167287,L085,Lanikai,Sample,27/04/2021,9.3,2021,April,21,PN228,15,1,21.392735,-157.714014,664,2021_April,Dry,Lanikai_Dry,0.996067671,Full,3.267091561,187.1905577,1612480,27/04/2021 9.30,-0.069,-0.021031199,24.2,NA,NA,2.426666667,198.83613450000001,18S
229,14.912042728749881,9.493571935177696,6.538884690756174,L087,Lanikai,Sample,27/04/2021,9.3,2021,April,21,PN229,15,2,21.392735,-157.714014,664,2021_April,Dry,Lanikai_Dry,0.996067671,Full,3.267091561,187.1905577,1612480,27/04/2021 9.30,-0.069,-0.021031199,24.2,NA,NA,2.426666667,198.83613450000001,18S
230,11.174605946006672,6.137515188869498,3.8669371980676948,L089,Lanikai,Sample,27/04/2021,9.3,2021,April,21,PN230,15,3,21.392735,-157.714014,664,2021_April,Dry,Lanikai_Dry,0.996067671,Full,3.267091561,187.1905577,1612480,27/04/2021 9.30,-0.069,-0.021031199,24.2,NA,NA,2.426666667,198.83613450000001,18S
232,1.024830000050826,1.0186088059872467,1.0139688751069107,L091,Lanikai,Sample,05/06/2021,9.3,2021,June,23,PN232,16,1,21.392735,-157.714014,703,2021_June,Dry,Lanikai_Dry,0.230395757,Waning crescent,5.281885959,302.6297733,1612480,05/06/2021 9.30,1.408,0.429158386,25.7,1.837083333,53.9375,2.8175,69.35,18S
233,11.991860892047436,6.900795668425963,4.6121272972450935,L093,Lanikai,Sample,05/06/2021,9.3,2021,June,23,PN233,16,2,21.392735,-157.714014,703,2021_June,Dry,Lanikai_Dry,0.230395757,Waning crescent,5.281885959,302.6297733,1612480,05/06/2021 9.30,1.408,0.429158386,25.7,1.837083333,53.9375,2.8175,69.35,18S
234,2.148139199979009,1.904925480350606,1.712453334567521,L095,Lanikai,Sample,05/06/2021,9.3,2021,June,23,PN234,16,3,21.392735,-157.714014,703,2021_June,Dry,Lanikai_Dry,0.230395757,Waning crescent,5.281885959,302.6297733,1612480,05/06/2021 9.30,1.408,0.429158386,25.7,1.837083333,53.9375,2.8175,69.35,18S
236,23.066736682740146,16.776479418094674,12.6332148491459,L097,Lanikai,Sample,28/06/2023,15,2023,June,23,PN236,17,1,21.392735,-157.714014,1456,2023_June,Dry,Lanikai_Dry,0.766909533,Waxing gibbous,2.133906893,122.2638588,1612480,28/06/2023 15.00,0.909,0.277063191,25.2,1.789583333,76,2.322083333,64.57142857,18S
237,24.35963452929512,16.247695523141076,11.627613098017598,L099,Lanikai,Sample,28/06/2023,15,2023,June,23,PN237,17,2,21.392735,-157.714014,1456,2023_June,Dry,Lanikai_Dry,0.766909533,Waxing gibbous,2.133906893,122.2638588,1612480,28/06/2023 15.00,0.909,0.277063191,25.2,1.789583333,76,2.322083333,64.57142857,18S
238,28.536176884677566,14.298172755682645,7.3456485413624835,L101,Lanikai,Sample,28/06/2023,15,2023,June,23,PN238,17,3,21.392735,-157.714014,1456,2023_June,Dry,Lanikai_Dry,0.766909533,Waxing gibbous,2.133906893,122.2638588,1612480,28/06/2023 15.00,0.909,0.277063191,25.2,1.789583333,76,2.322083333,64.57142857,18S
240,16.243130074834394,11.170136666626354,8.114650581305362,M079,Maunalua,Sample,25/03/2021,9.3,2021,March,20,PN240,14,1,21.274484,-157.760817,631,2021_March,Wet,Maunalua_Wet,0.909053968,Waxing gibbous,2.528909426,144.8958369,1612340,25/03/2021 9.30,0.499,0.152095195,24.7,2.200625,83.89583333,3.167916667,214.2541667,18S
241,13.403092172489142,9.312036236799594,6.808017135008843,M081,Maunalua,Sample,25/03/2021,9.3,2021,March,20,PN241,14,2,21.274484,-157.760817,631,2021_March,Wet,Maunalua_Wet,0.909053968,Waxing gibbous,2.528909426,144.8958369,1612340,25/03/2021 9.30,0.499,0.152095195,24.7,2.200625,83.89583333,3.167916667,214.2541667,18S
242,11.290781228846763,7.715057622913843,5.702506926712035,M083,Maunalua,Sample,25/03/2021,9.3,2021,March,20,PN242,14,3,21.274484,-157.760817,631,2021_March,Wet,Maunalua_Wet,0.909053968,Waxing gibbous,2.528909426,144.8958369,1612340,25/03/2021 9.30,0.499,0.152095195,24.7,2.200625,83.89583333,3.167916667,214.2541667,18S
244,15.558387510026693,11.304354731383754,8.785357952304517,M085,Maunalua,Sample,26/04/2021,11.45,2021,April,21,PN244,15,1,21.274484,-157.760817,663,2021_April,Dry,Maunalua_Dry,0.998097203,Full,3.054322851,174.9998086,1612340,26/04/2021 11.45,0.423,0.128930396,24.7,NA,NA,2.279916318,101.7405858,18S
245,11.052814357569329,6.384668279259097,4.042396544305175,M087,Maunalua,Sample,26/04/2021,11.45,2021,April,21,PN245,15,2,21.274484,-157.760817,663,2021_April,Dry,Maunalua_Dry,0.998097203,Full,3.054322851,174.9998086,1612340,26/04/2021 11.45,0.423,0.128930396,24.7,NA,NA,2.279916318,101.7405858,18S
246,23.35824308356996,13.030351721429726,8.36983565155926,M089,Maunalua,Sample,26/04/2021,11.45,2021,April,21,PN246,15,3,21.274484,-157.760817,663,2021_April,Dry,Maunalua_Dry,0.998097203,Full,3.054322851,174.9998086,1612340,26/04/2021 11.45,0.423,0.128930396,24.7,NA,NA,2.279916318,101.7405858,18S
248,23.075173755634363,14.284124560488387,9.951520514603567,M091,Maunalua,Sample,01/06/2021,10,2021,June,23,PN248,16,1,21.274484,-157.760817,699,2021_June,Dry,Maunalua_Dry,0.638935859,Last quarter,4.430811118,253.8667769,1612340,01/06/2021 10.00,0.807,0.245973592,25.9,1.505,347,1.725833333,155.0253165,18S
249,22.461279690416127,13.979125675073798,9.015262831915253,M093,Maunalua,Sample,01/06/2021,10,2021,June,23,PN249,16,2,21.274484,-157.760817,699,2021_June,Dry,Maunalua_Dry,0.638935859,Last quarter,4.430811118,253.8667769,1612340,01/06/2021 10.00,0.807,0.245973592,25.9,1.505,347,1.725833333,155.0253165,18S
250,11.721821414803124,7.984998984893024,5.647538711520761,M095,Maunalua,Sample,01/06/2021,10,2021,June,23,PN250,16,3,21.274484,-157.760817,699,2021_June,Dry,Maunalua_Dry,0.638935859,Last quarter,4.430811118,253.8667769,1612340,01/06/2021 10.00,0.807,0.245973592,25.9,1.505,347,1.725833333,155.0253165,18S
252,38.960986449109896,21.927075332415065,11.848431831233508,M097,Maunalua,Sample,26/06/2023,13,2023,June,23,PN252,17,1,21.274484,-157.760817,1454,2023_June,Dry,Maunalua_Dry,0.568569798,First quarter,1.708369472,97.8823606,1612340,26/06/2023 13.00,1.044,0.31821119,26.1,2.348541667,76.54166667,2.450416667,73.81512605,18S
253,50.764810925630385,27.530901288491,13.177141138106599,M099,Maunalua,Sample,26/06/2023,13,2023,June,23,PN253,17,2,21.274484,-157.760817,1454,2023_June,Dry,Maunalua_Dry,0.568569798,First quarter,1.708369472,97.8823606,1612340,26/06/2023 13.00,1.044,0.31821119,26.1,2.348541667,76.54166667,2.450416667,73.81512605,18S
254,32.7444103321213,19.023116535264236,11.18977045207049,M101,Maunalua,Sample,26/06/2023,13,2023,June,23,PN254,17,3,21.274484,-157.760817,1454,2023_June,Dry,Maunalua_Dry,0.568569798,First quarter,1.708369472,97.8823606,1612340,26/06/2023 13.00,1.044,0.31821119,26.1,2.348541667,76.54166667,2.450416667,73.81512605,18S
256,47.565550769501684,26.190270634540884,14.301652959716009,W079,Waimānalo,Sample,31/03/2021,13.45,2021,March,20,PN256,14,1,21.326702,-157.681698,637,2021_March,Wet,Waimānalo_Wet,0.893788591,Waning gibbous,3.805521688,218.0403316,1612480,31/03/2021 13.45,1.3,0.396239987,24,1.695,62.45833333,1.915,101.9113924,18S
257,11.056331314211974,6.046723720962096,4.081008152313405,W081,Waimānalo,Sample,31/03/2021,13.45,2021,March,20,PN257,14,2,21.326702,-157.681698,637,2021_March,Wet,Waimānalo_Wet,0.893788591,Waning gibbous,3.805521688,218.0403316,1612480,31/03/2021 13.45,1.3,0.396239987,24,1.695,62.45833333,1.915,101.9113924,18S
258,30.96789448324973,17.05475068968325,8.868588253413087,W083,Waimānalo,Sample,31/03/2021,13.45,2021,March,20,PN258,14,3,21.326702,-157.681698,637,2021_March,Wet,Waimānalo_Wet,0.893788591,Waning gibbous,3.805521688,218.0403316,1612480,31/03/2021 13.45,1.3,0.396239987,24,1.695,62.45833333,1.915,101.9113924,18S
260,13.900409555440584,6.270493705570566,3.2983249734994486,W085,Waimānalo,Sample,29/04/2021,10,2021,April,21,PN260,15,1,21.326702,-157.681698,666,2021_April,Dry,Waimānalo_Dry,0.925991194,Waning gibbous,3.692628982,211.572056,1612480,29/04/2021 10.00,-0.37,-0.112775996,24.2,NA,NA,1.830833333,112.2833333,18S
261,1.2628443864179406,1.203451487726767,1.1557904590530736,W087,Waimānalo,Sample,29/04/2021,10,2021,April,21,PN261,15,2,21.326702,-157.681698,666,2021_April,Dry,Waimānalo_Dry,0.925991194,Waning gibbous,3.692628982,211.572056,1612480,29/04/2021 10.00,-0.37,-0.112775996,24.2,NA,NA,1.830833333,112.2833333,18S
262,18.590532433272735,9.561798579615086,5.076837745485474,W089,Waimānalo,Sample,29/04/2021,10,2021,April,21,PN262,15,3,21.326702,-157.681698,666,2021_April,Dry,Waimānalo_Dry,0.925991194,Waning gibbous,3.692628982,211.572056,1612480,29/04/2021 10.00,-0.37,-0.112775996,24.2,NA,NA,1.830833333,112.2833333,18S
264,8.311939919628573,3.09461266649094,1.8580807539192643,W091,Waimānalo,Sample,03/06/2021,10,2021,June,23,PN264,16,1,21.326702,-157.681698,701,2021_June,Dry,Waimānalo_Dry,0.428268586,Last quarter,4.856348538,278.2482751,1612480,03/06/2021 10.00,1.365,0.416051987,26.1,1.486458333,296.9791667,2.227916667,74.85294118,18S
265,11.91264838036838,4.383468663876089,2.332437515529405,W093,Waimānalo,Sample,03/06/2021,10,2021,June,23,PN265,16,2,21.326702,-157.681698,701,2021_June,Dry,Waimānalo_Dry,0.428268586,Last quarter,4.856348538,278.2482751,1612480,03/06/2021 10.00,1.365,0.416051987,26.1,1.486458333,296.9791667,2.227916667,74.85294118,18S
266,1.9107143486855476,1.6089238775786694,1.4217018145069473,W095,Waimānalo,Sample,03/06/2021,10,2021,June,23,PN266,16,3,21.326702,-157.681698,701,2021_June,Dry,Waimānalo_Dry,0.428268586,Last quarter,4.856348538,278.2482751,1612480,03/06/2021 10.00,1.365,0.416051987,26.1,1.486458333,296.9791667,2.227916667,74.85294118,18S
268,0.9999999999999997,1,1.0000000000000004,W097,Waimānalo,Sample,28/06/2023,16.3,2023,June,23,PN268,17,1,21.326702,-157.681698,1456,2023_June,Dry,Waimānalo_Dry,0.766909533,Waxing gibbous,2.133906893,122.2638588,1612480,28/06/2023 16.30,0.909,0.277063191,25.2,1.789583333,76,2.322083333,64.57142857,18S
269,1.0000000000000002,1,0.9999999999999998,W099,Waimānalo,Sample,28/06/2023,16.3,2023,June,23,PN269,17,2,21.326702,-157.681698,1456,2023_June,Dry,Waimānalo_Dry,0.766909533,Waxing gibbous,2.133906893,122.2638588,1612480,28/06/2023 16.30,0.909,0.277063191,25.2,1.789583333,76,2.322083333,64.57142857,18S
270,0.9999999999999997,1,1.0000000000000004,W101,Waimānalo,Sample,28/06/2023,16.3,2023,June,23,PN270,17,3,21.326702,-157.681698,1456,2023_June,Dry,Waimānalo_Dry,0.766909533,Waxing gibbous,2.133906893,122.2638588,1612480,28/06/2023 16.30,0.909,0.277063191,25.2,1.789583333,76,2.322083333,64.57142857,18S
