SAMPLE_ID,Hill_q0,Hill_q1,Hill_q2,SAMPLE,SITE,TYPE,DATE,HOUR,YEAR,MONTH,MONTHS,MGAL_ID,STEP,REPLICATE,LAT,LON,TIME,YEAR_MONTH,SEASON,SITE_SEASON,illum,phase,radians,degrees,STATION,SAMPLED_DATETIME,tide_height_ft,tide_height_m,SST,WVHT,MWD,WSPD,WDIR
001,55.449438202247194,7.905777250247708,3.8181185746309105,K001,Kāneʻohe,Sample,10/07/2019,11.4,2019,July,0,PN001,1,1,21.435115,-157.7867,7,2019_July,Dry,Kāneʻohe_Dry,0.56844901,First quarter,1.708125596,97.86838752,1612480,10/07/2019 11.40,1.897,0.578205581,27.4,1.555833333,98.08695652,1.823430962,93.08786611
002,40.996231747527084,3.8538056598613637,2.587260602312836,K003,Kāneʻohe,Sample,10/07/2019,11.4,2019,July,0,PN002,1,2,21.435115,-157.7867,7,2019_July,Dry,Kāneʻohe_Dry,0.56844901,First quarter,1.708125596,97.86838752,1612480,10/07/2019 11.40,1.897,0.578205581,27.4,1.555833333,98.08695652,1.823430962,93.08786611
003,107.34042480721546,6.549394118630348,4.024603217897538,K005,Kāneʻohe,Sample,10/07/2019,11.4,2019,July,0,PN003,1,3,21.435115,-157.7867,7,2019_July,Dry,Kāneʻohe_Dry,0.56844901,First quarter,1.708125596,97.86838752,1612480,10/07/2019 11.40,1.897,0.578205581,27.4,1.555833333,98.08695652,1.823430962,93.08786611
005,184.6206567941862,8.54591639736037,3.410814539650394,K007,Kāneʻohe,Sample,19/09/2019,10.3,2019,September,2,PN005,2,1,21.435115,-157.7867,78,2019_September,Dry,Kāneʻohe_Dry,0.723789221,Waning gibbous,4.248333419,243.4115749,1612480,19/09/2019 10.30,1.339,0.408127187,27.3,1.622083333,83.46808511,1.911715481,70.03361345
006,176.32789470821777,9.048526447565894,3.838279009382297,K009,Kāneʻohe,Sample,19/09/2019,10.3,2019,September,2,PN006,2,2,21.435115,-157.7867,78,2019_September,Dry,Kāneʻohe_Dry,0.723789221,Waning gibbous,4.248333419,243.4115749,1612480,19/09/2019 10.30,1.339,0.408127187,27.3,1.622083333,83.46808511,1.911715481,70.03361345
007,249.80847276610893,10.126121790419715,5.398893516513479,K011,Kāneʻohe,Sample,19/09/2019,10.3,2019,September,2,PN007,2,3,21.435115,-157.7867,78,2019_September,Dry,Kāneʻohe_Dry,0.723789221,Waning gibbous,4.248333419,243.4115749,1612480,19/09/2019 10.30,1.339,0.408127187,27.3,1.622083333,83.46808511,1.911715481,70.03361345
009,155.786847767617,10.229558068450231,4.14842545415321,K013,Kāneʻohe,Sample,21/11/2019,10.3,2019,November,4,PN009,3,1,21.435115,-157.7867,141,2019_November,Wet,Kāneʻohe_Wet,0.317327881,Last quarter,5.086391559,291.4287693,1612480,21/11/2019 10.30,2.402,0.732129577,27.2,1.8475,67.95833333,1.988333333,82.52301255
010,196.92118226600985,12.493451776338537,4.402557827331809,K015,Kāneʻohe,Sample,21/11/2019,10.3,2019,November,4,PN010,3,2,21.435115,-157.7867,141,2019_November,Wet,Kāneʻohe_Wet,0.317327881,Last quarter,5.086391559,291.4287693,1612480,21/11/2019 10.30,2.402,0.732129577,27.2,1.8475,67.95833333,1.988333333,82.52301255
011,119.3624018395592,7.860915033957787,3.6664293766586105,K017,Kāneʻohe,Sample,21/11/2019,10.3,2019,November,4,PN011,3,3,21.435115,-157.7867,141,2019_November,Wet,Kāneʻohe_Wet,0.317327881,Last quarter,5.086391559,291.4287693,1612480,21/11/2019 10.30,2.402,0.732129577,27.2,1.8475,67.95833333,1.988333333,82.52301255
013,116.86270764119601,9.301986951662144,3.5205157520325026,K019,Kāneʻohe,Sample,12/02/2020,9.3,2020,February,7,PN013,4,1,21.435115,-157.7867,224,2020_February,Wet,Kāneʻohe_Wet,0.864120028,Waning gibbous,3.896638599,223.260946,1612480,12/02/2020 9.30,0.916,0.279196791,24.2,2.685208333,196.8333333,1.604477612,166.2857143
014,186.87486935866983,19.497197761481793,6.4275182278363365,K021,Kāneʻohe,Sample,12/02/2020,9.3,2020,February,7,PN014,4,2,21.435115,-157.7867,224,2020_February,Wet,Kāneʻohe_Wet,0.864120028,Waning gibbous,3.896638599,223.260946,1612480,12/02/2020 9.30,0.916,0.279196791,24.2,2.685208333,196.8333333,1.604477612,166.2857143
015,120.43964232488823,14.6362485278057,4.598899300298703,K023,Kāneʻohe,Sample,12/02/2020,9.3,2020,February,7,PN015,4,3,21.435115,-157.7867,224,2020_February,Wet,Kāneʻohe_Wet,0.864120028,Waning gibbous,3.896638599,223.260946,1612480,12/02/2020 9.30,0.916,0.279196791,24.2,2.685208333,196.8333333,1.604477612,166.2857143
017,270.3225808947855,3.0241329753727326,1.6384367876351005,K025,Kāneʻohe,Sample,27/05/2020,10.3,2020,May,10,PN017,5,1,21.435115,-157.7867,329,2020_May,Dry,Kāneʻohe_Dry,0.275259451,Waxing crescent,1.104611961,63.28960337,1612480,27/05/2020 10.30,0.312,0.095097597,25.7,1.214791667,121.3829787,1.59375,92.54201681
018,119.99671525354137,3.411314377936045,1.699634689885444,K027,Kāneʻohe,Sample,27/05/2020,10.3,2020,May,10,PN018,5,2,21.435115,-157.7867,329,2020_May,Dry,Kāneʻohe_Dry,0.275259451,Waxing crescent,1.104611961,63.28960337,1612480,27/05/2020 10.30,0.312,0.095097597,25.7,1.214791667,121.3829787,1.59375,92.54201681
019,208.01434535217126,3.3807210466171855,1.7037189521294143,K029,Kāneʻohe,Sample,27/05/2020,10.3,2020,May,10,PN019,5,3,21.435115,-157.7867,329,2020_May,Dry,Kāneʻohe_Dry,0.275259451,Waxing crescent,1.104611961,63.28960337,1612480,27/05/2020 10.30,0.312,0.095097597,25.7,1.214791667,121.3829787,1.59375,92.54201681
021,250.51295275756172,3.7368029750487475,1.7996375308673707,K031,Kāneʻohe,Sample,26/06/2020,11,2020,June,11,PN021,6,1,21.435115,-157.7867,359,2020_June,Dry,Kāneʻohe_Dry,0.32091442,First quarter,1.204487965,69.0120769,1612480,26/06/2020 11.00,0.837,0.255117592,26.1,1.663829787,78.14893617,2.064583333,79.62869198
022,226.75730355092503,5.369892097999092,2.784164100374042,K033,Kāneʻohe,Sample,26/06/2020,11,2020,June,11,PN022,6,2,21.435115,-157.7867,359,2020_June,Dry,Kāneʻohe_Dry,0.32091442,First quarter,1.204487965,69.0120769,1612480,26/06/2020 11.00,0.837,0.255117592,26.1,1.663829787,78.14893617,2.064583333,79.62869198
023,253.28406574647613,4.775950956691563,2.3770814017536734,K035,Kāneʻohe,Sample,26/06/2020,11,2020,June,11,PN023,6,3,21.435115,-157.7867,359,2020_June,Dry,Kāneʻohe_Dry,0.32091442,First quarter,1.204487965,69.0120769,1612480,26/06/2020 11.00,0.837,0.255117592,26.1,1.663829787,78.14893617,2.064583333,79.62869198
025,141.9198218262806,13.146544293142137,5.770182953910524,K037,Kāneʻohe,Sample,31/07/2020,14,2020,July,12,PN025,7,1,21.435115,-157.7867,394,2020_July,Dry,Kāneʻohe_Dry,0.857775026,Waxing gibbous,2.368207522,135.688296,1612480,31/07/2020 14.00,1.588,0.484022385,26.7,1.933617021,62.25531915,2.827111111,66.97333333
026,182.11519462410251,11.273366775183309,4.448497873799488,K039,Kāneʻohe,Sample,31/07/2020,14,2020,July,12,PN026,7,2,21.435115,-157.7867,394,2020_July,Dry,Kāneʻohe_Dry,0.857775026,Waxing gibbous,2.368207522,135.688296,1612480,31/07/2020 14.00,1.588,0.484022385,26.7,1.933617021,62.25531915,2.827111111,66.97333333
027,103.98703888334995,14.383702626456081,8.560060443536349,K041,Kāneʻohe,Sample,31/07/2020,14,2020,July,12,PN027,7,3,21.435115,-157.7867,394,2020_July,Dry,Kāneʻohe_Dry,0.857775026,Waxing gibbous,2.368207522,135.688296,1612480,31/07/2020 14.00,1.588,0.484022385,26.7,1.933617021,62.25531915,2.827111111,66.97333333
029,184.00572129909366,11.746824499662235,4.359132025369661,K043,Kāneʻohe,Sample,27/08/2020,12,2020,August,13,PN029,8,1,21.435115,-157.7867,421,2020_August,Dry,Kāneʻohe_Dry,0.628047867,First quarter,1.829777395,104.8385222,1612480,27/08/2020 12.00,2.691,0.820216774,26.7,1.305,55.8125,2.269565217,62.00434783
030,221.36216580543697,6.672370379843207,2.836073479503097,K045,Kāneʻohe,Sample,27/08/2020,12,2020,August,13,PN030,8,2,21.435115,-157.7867,421,2020_August,Dry,Kāneʻohe_Dry,0.628047867,First quarter,1.829777395,104.8385222,1612480,27/08/2020 12.00,2.691,0.820216774,26.7,1.305,55.8125,2.269565217,62.00434783
031,239.05930568948892,7.688720537167503,3.510168829958288,K047,Kāneʻohe,Sample,27/08/2020,12,2020,August,13,PN031,8,3,21.435115,-157.7867,421,2020_August,Dry,Kāneʻohe_Dry,0.628047867,First quarter,1.829777395,104.8385222,1612480,27/08/2020 12.00,2.691,0.820216774,26.7,1.305,55.8125,2.269565217,62.00434783
033,169.612874251497,5.749835721156549,2.9690019395297393,K049,Kāneʻohe,Sample,30/09/2020,11,2020,September,14,PN033,9,1,21.435115,-157.7867,455,2020_September,Dry,Kāneʻohe_Dry,0.967795982,Full,2.780728241,159.3239922,1612480,30/09/2020 11.00,1.926,0.587044781,27.1,1.383404255,139.9361702,1.859817352,166.5981735
034,236.01059146729847,8.795085119854777,4.841165347909703,K051,Kāneʻohe,Sample,30/09/2020,11,2020,September,14,PN034,9,2,21.435115,-157.7867,455,2020_September,Dry,Kāneʻohe_Dry,0.967795982,Full,2.780728241,159.3239922,1612480,30/09/2020 11.00,1.926,0.587044781,27.1,1.383404255,139.9361702,1.859817352,166.5981735
035,195.17079093432008,12.471467103810673,4.891566567754138,K053,Kāneʻohe,Sample,30/09/2020,11,2020,September,14,PN035,9,3,21.435115,-157.7867,455,2020_September,Dry,Kāneʻohe_Dry,0.967795982,Full,2.780728241,159.3239922,1612480,30/09/2020 11.00,1.926,0.587044781,27.1,1.383404255,139.9361702,1.859817352,166.5981735
037,4.49937106918239,1.726615810595798,1.5177446501562883,K055,Kāneʻohe,Sample,29/10/2020,11,2020,October,15,PN037,10,1,21.435115,-157.7867,484,2020_October,Dry,Kāneʻohe_Dry,0.944930226,Waxing gibbous,2.667835535,152.8557166,1612480,29/10/2020 11.00,2.202,0.671169579,27.7,1.079583333,120.75,1.992237443,174.1238532
038,37.49613625611102,2.0889412489249675,1.696238868864105,K057,Kāneʻohe,Sample,29/10/2020,11,2020,October,15,PN038,10,2,21.435115,-157.7867,484,2020_October,Dry,Kāneʻohe_Dry,0.944930226,Waxing gibbous,2.667835535,152.8557166,1612480,29/10/2020 11.00,2.202,0.671169579,27.7,1.079583333,120.75,1.992237443,174.1238532
039,100.65480513192932,10.66888961481094,4.514087467209037,K059,Kāneʻohe,Sample,29/10/2020,11,2020,October,15,PN039,10,3,21.435115,-157.7867,484,2020_October,Dry,Kāneʻohe_Dry,0.944930226,Waxing gibbous,2.667835535,152.8557166,1612480,29/10/2020 11.00,2.202,0.671169579,27.7,1.079583333,120.75,1.992237443,174.1238532
041,211.9576453697057,12.013402256047465,5.142511616065183,K061,Kāneʻohe,Sample,30/11/2020,11,2020,November,16,PN041,11,1,21.435115,-157.7867,516,2020_November,Wet,Kāneʻohe_Wet,0.999333055,Full,3.19324896,182.9596883,1612480,30/11/2020 11.00,1.618,0.493166384,26.2,1.889375,82.70833333,1.510697674,86.20187793
042,164.9531070195627,12.250319950522826,4.981060806170451,K063,Kāneʻohe,Sample,30/11/2020,11,2020,November,16,PN042,11,2,21.435115,-157.7867,516,2020_November,Wet,Kāneʻohe_Wet,0.999333055,Full,3.19324896,182.9596883,1612480,30/11/2020 11.00,1.618,0.493166384,26.2,1.889375,82.70833333,1.510697674,86.20187793
043,169.77006706802348,3.9788316122000427,1.8616279690690343,K065,Kāneʻohe,Sample,30/11/2020,11,2020,November,16,PN043,11,3,21.435115,-157.7867,516,2020_November,Wet,Kāneʻohe_Wet,0.999333055,Full,3.19324896,182.9596883,1612480,30/11/2020 11.00,1.618,0.493166384,26.2,1.889375,82.70833333,1.510697674,86.20187793
045,104.0999099909991,13.024668436623717,5.279137298044103,K067,Kāneʻohe,Sample,28/12/2020,10.3,2020,December,17,PN045,12,1,21.435115,-157.7867,544,2020_December,Wet,Kāneʻohe_Wet,0.98134744,Full,2.867587544,164.3006636,1612480,28/12/2020 10.30,1.46,0.445007986,25.9,2.421666667,65.66666667,1.488983051,139.1694915
046,172.73883659184168,33.70359026739189,15.657339095285806,K069,Kāneʻohe,Sample,28/12/2020,10.3,2020,December,17,PN046,12,2,21.435115,-157.7867,544,2020_December,Wet,Kāneʻohe_Wet,0.98134744,Full,2.867587544,164.3006636,1612480,28/12/2020 10.30,1.46,0.445007986,25.9,2.421666667,65.66666667,1.488983051,139.1694915
047,155.76388206388208,13.260484577234148,5.410306060754594,K071,Kāneʻohe,Sample,28/12/2020,10.3,2020,December,17,PN047,12,3,21.435115,-157.7867,544,2020_December,Wet,Kāneʻohe_Wet,0.98134744,Full,2.867587544,164.3006636,1612480,28/12/2020 10.30,1.46,0.445007986,25.9,2.421666667,65.66666667,1.488983051,139.1694915
049,168.34496840058338,7.476115477379261,3.1029691408191873,K073,Kāneʻohe,Sample,19/01/2021,10.3,2021,January,18,PN049,13,1,21.435115,-157.7867,566,2021_January,Wet,Kāneʻohe_Wet,0.349623333,First quarter,1.265313865,72.49714423,1612480,19/01/2021 10.30,1.441,0.439216786,25.2,3.227708333,51.66666667,2.647826087,119.0043478
050,196.35305571373465,5.531081436520535,2.2240244188418252,K075,Kāneʻohe,Sample,19/01/2021,10.3,2021,January,18,PN050,13,2,21.435115,-157.7867,566,2021_January,Wet,Kāneʻohe_Wet,0.349623333,First quarter,1.265313865,72.49714423,1612480,19/01/2021 10.30,1.441,0.439216786,25.2,3.227708333,51.66666667,2.647826087,119.0043478
051,250.24273436895118,11.09115705928096,3.566770797169044,K077,Kāneʻohe,Sample,19/01/2021,10.3,2021,January,18,PN051,13,3,21.435115,-157.7867,566,2021_January,Wet,Kāneʻohe_Wet,0.349623333,First quarter,1.265313865,72.49714423,1612480,19/01/2021 10.30,1.441,0.439216786,25.2,3.227708333,51.66666667,2.647826087,119.0043478
053,27.247478822105688,4.692069311486083,3.3965513428155134,L001,Lanikai,Sample,16/07/2019,10.3,2019,July,0,PN053,1,1,21.392735,-157.714014,13,2019_July,Dry,Lanikai_Dry,0.993861744,Full,2.984737858,171.0128822,1612480,16/07/2019 10.30,0.778,0.237134392,27.6,1.285625,79.70833333,2.294067797,75.57627119
054,31.494483671668135,4.305156883900691,3.2343521956457693,L003,Lanikai,Sample,16/07/2019,10.3,2019,July,0,PN054,1,2,21.392735,-157.714014,13,2019_July,Dry,Lanikai_Dry,0.993861744,Full,2.984737858,171.0128822,1612480,16/07/2019 10.30,0.778,0.237134392,27.6,1.285625,79.70833333,2.294067797,75.57627119
055,50.16116416552978,2.429833269061317,1.5050869098765345,L005,Lanikai,Sample,16/07/2019,10.3,2019,July,0,PN055,1,3,21.392735,-157.714014,13,2019_July,Dry,Lanikai_Dry,0.993861744,Full,2.984737858,171.0128822,1612480,16/07/2019 10.30,0.778,0.237134392,27.6,1.285625,79.70833333,2.294067797,75.57627119
057,81.50969387755102,10.177335564404686,4.4136141894368786,L007,Lanikai,Sample,18/09/2019,10.3,2019,September,2,PN057,2,1,21.392735,-157.714014,77,2019_September,Dry,Lanikai_Dry,0.813160249,Waning gibbous,4.035564709,231.2208258,1612480,18/09/2019 10.30,1.149,0.350215189,27.4,1.620416667,83.89130435,2.215062762,75.96581197
058,76.14039855072464,17.843695770750365,7.144201807228899,L009,Lanikai,Sample,18/09/2019,10.3,2019,September,2,PN058,2,2,21.392735,-157.714014,77,2019_September,Dry,Lanikai_Dry,0.813160249,Waning gibbous,4.035564709,231.2208258,1612480,18/09/2019 10.30,1.149,0.350215189,27.4,1.620416667,83.89130435,2.215062762,75.96581197
059,74.48485915492958,18.513281516155132,9.618092759834687,L011,Lanikai,Sample,18/09/2019,10.3,2019,September,2,PN059,2,3,21.392735,-157.714014,77,2019_September,Dry,Lanikai_Dry,0.813160249,Waning gibbous,4.035564709,231.2208258,1612480,18/09/2019 10.30,1.149,0.350215189,27.4,1.620416667,83.89130435,2.215062762,75.96581197
061,145.95682210708117,19.034184989244057,6.5923006524370145,L013,Lanikai,Sample,26/11/2019,9.3,2019,November,4,PN061,3,1,21.392735,-157.714014,146,2019_November,Wet,Lanikai_Wet,0.004412434,New,6.150235111,352.3825149,1612480,26/11/2019 9.30,1.375,0.419099987,26.8,2.224583333,54.0625,1.498333333,103.7394958
062,181.2725889027259,29.01735267923141,13.291628828531294,L015,Lanikai,Sample,26/11/2019,9.3,2019,November,4,PN062,3,2,21.392735,-157.714014,146,2019_November,Wet,Lanikai_Wet,0.004412434,New,6.150235111,352.3825149,1612480,26/11/2019 9.30,1.375,0.419099987,26.8,2.224583333,54.0625,1.498333333,103.7394958
063,111.62152777777777,23.049149761336988,10.189337886549033,L017,Lanikai,Sample,26/11/2019,9.3,2019,November,4,PN063,3,3,21.392735,-157.714014,146,2019_November,Wet,Lanikai_Wet,0.004412434,New,6.150235111,352.3825149,1612480,26/11/2019 9.30,1.375,0.419099987,26.8,2.224583333,54.0625,1.498333333,103.7394958
065,184.23027573027574,4.966052287039743,2.1838472318638877,L019,Lanikai,Sample,05/02/2020,10,2020,February,7,PN065,4,1,21.392735,-157.714014,217,2020_February,Wet,Lanikai_Wet,0.871138256,Waxing gibbous,2.407257627,137.9257022,1612480,05/02/2020 10.00,1.313,0.400202387,24.8,1.589574468,55.06382979,1.522413793,133.8965517
066,166.06472196900637,18.603387876446146,6.187979289544924,L021,Lanikai,Sample,05/02/2020,10,2020,February,7,PN066,4,2,21.392735,-157.714014,217,2020_February,Wet,Lanikai_Wet,0.871138256,Waxing gibbous,2.407257627,137.9257022,1612480,05/02/2020 10.00,1.313,0.400202387,24.8,1.589574468,55.06382979,1.522413793,133.8965517
067,138.61831248628482,5.375607385136696,2.3104472394300313,L023,Lanikai,Sample,05/02/2020,10,2020,February,7,PN067,4,3,21.392735,-157.714014,217,2020_February,Wet,Lanikai_Wet,0.871138256,Waxing gibbous,2.407257627,137.9257022,1612480,05/02/2020 10.00,1.313,0.400202387,24.8,1.589574468,55.06382979,1.522413793,133.8965517
069,59.57888888888888,22.497069375683374,8.687635574837321,L025,Lanikai,Sample,26/05/2020,13,2020,May,10,PN069,5,1,21.392735,-157.714014,328,2020_May,Dry,Lanikai_Dry,0.18601069,Waxing crescent,0.891843251,51.09885425,1612480,26/05/2020 13.00,1.057,0.32217359,25.7,1.287708333,275.1041667,1.738333333,132.4333333
070,82.46808510638297,27.401981748985836,12.209497206703876,L027,Lanikai,Sample,26/05/2020,13,2020,May,10,PN070,5,2,21.392735,-157.714014,328,2020_May,Dry,Lanikai_Dry,0.18601069,Waxing crescent,0.891843251,51.09885425,1612480,26/05/2020 13.00,1.057,0.32217359,25.7,1.287708333,275.1041667,1.738333333,132.4333333
071,76.00542005420054,22.422568422013356,9.473484848484857,L029,Lanikai,Sample,26/05/2020,13,2020,May,10,PN071,5,3,21.392735,-157.714014,328,2020_May,Dry,Lanikai_Dry,0.18601069,Waxing crescent,0.891843251,51.09885425,1612480,26/05/2020 13.00,1.057,0.32217359,25.7,1.287708333,275.1041667,1.738333333,132.4333333
073,174.93540051679588,6.867753416431913,3.147954475545987,L031,Lanikai,Sample,25/06/2020,12.3,2020,June,11,PN073,6,1,21.392735,-157.714014,358,2020_June,Dry,Lanikai_Dry,0.226374146,Waxing crescent,0.991719255,56.82132778,1612480,25/06/2020 12.30,0.932,0.284073591,25.9,1.797083333,70.97916667,2.130833333,83.19246862
074,107.87776694974244,6.370566669750931,2.8130477696388385,L033,Lanikai,Sample,25/06/2020,12.3,2020,June,11,PN074,6,2,21.392735,-157.714014,358,2020_June,Dry,Lanikai_Dry,0.226374146,Waxing crescent,0.991719255,56.82132778,1612480,25/06/2020 12.30,0.932,0.284073591,25.9,1.797083333,70.97916667,2.130833333,83.19246862
075,108.48329207920793,4.818690236782274,2.5018474139186817,L035,Lanikai,Sample,25/06/2020,12.3,2020,June,11,PN075,6,3,21.392735,-157.714014,358,2020_June,Dry,Lanikai_Dry,0.226374146,Waxing crescent,0.991719255,56.82132778,1612480,25/06/2020 12.30,0.932,0.284073591,25.9,1.797083333,70.97916667,2.130833333,83.19246862
077,66.82142857142857,28.568517201125797,11.638755980861252,L037,Lanikai,Sample,24/07/2020,11.3,2020,July,12,PN077,7,1,21.392735,-157.714014,387,2020_July,Dry,Lanikai_Dry,0.180972435,Waxing crescent,0.878826549,50.35305219,1612480,24/07/2020 11.30,0.935,0.284987991,26.9,1.742765957,52.12765957,2.248826291,72.85714286
078,69.96147919876734,5.960453078113439,2.6271036094001743,L039,Lanikai,Sample,24/07/2020,11.3,2020,July,12,PN078,7,2,21.392735,-157.714014,387,2020_July,Dry,Lanikai_Dry,0.180972435,Waxing crescent,0.878826549,50.35305219,1612480,24/07/2020 11.30,0.935,0.284987991,26.9,1.742765957,52.12765957,2.248826291,72.85714286
079,96.99042896678966,17.68983523199189,8.424951155039668,L041,Lanikai,Sample,24/07/2020,11.3,2020,July,12,PN079,7,3,21.392735,-157.714014,387,2020_July,Dry,Lanikai_Dry,0.180972435,Waxing crescent,0.878826549,50.35305219,1612480,24/07/2020 11.30,0.935,0.284987991,26.9,1.742765957,52.12765957,2.248826291,72.85714286
081,131.9232089232089,24.30253955691434,10.168874172185424,L043,Lanikai,Sample,26/08/2020,9.45,2020,August,13,PN081,8,1,21.392735,-157.714014,420,2020_August,Dry,Lanikai_Dry,0.523097956,First quarter,1.617008685,92.64777307,1612480,26/08/2020 9.45,2.428,0.740054376,26.8,1.237291667,82.08333333,2.060810811,99.24311927
082,55.672199170124486,18.028042161098387,9.579330904272943,L045,Lanikai,Sample,26/08/2020,9.45,2020,August,13,PN082,8,2,21.392735,-157.714014,420,2020_August,Dry,Lanikai_Dry,0.523097956,First quarter,1.617008685,92.64777307,1612480,26/08/2020 9.45,2.428,0.740054376,26.8,1.237291667,82.08333333,2.060810811,99.24311927
083,117.01681686514323,20.86201847408731,8.415368716320955,L047,Lanikai,Sample,26/08/2020,9.45,2020,August,13,PN083,8,3,21.392735,-157.714014,420,2020_August,Dry,Lanikai_Dry,0.523097956,First quarter,1.617008685,92.64777307,1612480,26/08/2020 9.45,2.428,0.740054376,26.8,1.237291667,82.08333333,2.060810811,99.24311927
085,86.03126954346467,29.852706595398914,15.351502801833892,L049,Lanikai,Sample,24/09/2020,11.15,2020,September,14,PN085,9,1,21.392735,-157.714014,449,2020_September,Dry,Lanikai_Dry,0.466684527,First quarter,1.504115979,86.17949747,1612480,24/09/2020 11.15,2.556,0.779068775,27,1.694791667,167.6458333,2.628378378,76.49545455
086,90.05070754716981,27.08788965344415,14.51395197923426,L051,Lanikai,Sample,24/09/2020,11.15,2020,September,14,PN086,9,2,21.392735,-157.714014,449,2020_September,Dry,Lanikai_Dry,0.466684527,First quarter,1.504115979,86.17949747,1612480,24/09/2020 11.15,2.556,0.779068775,27,1.694791667,167.6458333,2.628378378,76.49545455
087,135.95088113985753,27.10604654518757,12.587376108502896,L053,Lanikai,Sample,24/09/2020,11.15,2020,September,14,PN087,9,3,21.392735,-157.714014,449,2020_September,Dry,Lanikai_Dry,0.466684527,First quarter,1.504115979,86.17949747,1612480,24/09/2020 11.15,2.556,0.779068775,27,1.694791667,167.6458333,2.628378378,76.49545455
089,124.91880980861245,27.346539125559616,12.422035347776491,L055,Lanikai,Sample,26/10/2020,10.45,2020,October,15,PN089,10,1,21.392735,-157.714014,481,2020_October,Dry,Lanikai_Dry,0.721406261,Waxing gibbous,2.029529404,116.2834692,1612480,26/10/2020 10.45,2.605,0.794003975,27.7,1.528333333,79.375,1.662441315,188.0471698
090,170.91076631701634,31.86972745130075,14.568730325288547,L057,Lanikai,Sample,26/10/2020,10.45,2020,October,15,PN090,10,2,21.392735,-157.714014,481,2020_October,Dry,Lanikai_Dry,0.721406261,Waxing gibbous,2.029529404,116.2834692,1612480,26/10/2020 10.45,2.605,0.794003975,27.7,1.528333333,79.375,1.662441315,188.0471698
091,152.41332378223495,31.79647009682816,15.288353968952277,L059,Lanikai,Sample,26/10/2020,10.45,2020,October,15,PN091,10,3,21.392735,-157.714014,481,2020_October,Dry,Lanikai_Dry,0.721406261,Waxing gibbous,2.029529404,116.2834692,1612480,26/10/2020 10.45,2.605,0.794003975,27.7,1.528333333,79.375,1.662441315,188.0471698
093,206.94880460873742,29.69416733058138,13.473446461081593,L061,Lanikai,Sample,27/11/2020,11.3,2020,November,16,PN093,11,1,21.392735,-157.714014,513,2020_November,Wet,Lanikai_Wet,0.91639996,Waxing gibbous,2.554942829,146.387441,1612480,27/11/2020 11.30,1.966,0.599236781,26.3,1.934791667,80.33333333,2.961574074,54.16666667
094,175.90017086657608,29.88316787539219,14.54134482514267,L063,Lanikai,Sample,27/11/2020,11.3,2020,November,16,PN094,11,2,21.392735,-157.714014,513,2020_November,Wet,Lanikai_Wet,0.91639996,Waxing gibbous,2.554942829,146.387441,1612480,27/11/2020 11.30,1.966,0.599236781,26.3,1.934791667,80.33333333,2.961574074,54.16666667
095,157.88088235294117,27.467061757943082,14.921147880041437,L065,Lanikai,Sample,27/11/2020,11.3,2020,November,16,PN095,11,3,21.392735,-157.714014,513,2020_November,Wet,Lanikai_Wet,0.91639996,Waxing gibbous,2.554942829,146.387441,1612480,27/11/2020 11.30,1.966,0.599236781,26.3,1.934791667,80.33333333,2.961574074,54.16666667
097,118.4481934905942,27.26537311872669,13.595866529014138,L067,Lanikai,Sample,21/12/2020,10.3,2020,December,17,PN097,12,1,21.392735,-157.714014,537,2020_December,Wet,Lanikai_Wet,0.404299295,First quarter,1.378206571,78.96541982,1612480,21/12/2020 10.30,2.005,0.61112398,26,1.962682927,80.65853659,1.753947368,90.57777778
098,154.71464375223775,25.81174605508294,11.722265847120289,L069,Lanikai,Sample,21/12/2020,10.3,2020,December,17,PN098,12,2,21.392735,-157.714014,537,2020_December,Wet,Lanikai_Wet,0.404299295,First quarter,1.378206571,78.96541982,1612480,21/12/2020 10.30,2.005,0.61112398,26,1.962682927,80.65853659,1.753947368,90.57777778
099,156.38980509745127,27.775014009063067,11.897953717591637,L071,Lanikai,Sample,21/12/2020,10.3,2020,December,17,PN099,12,3,21.392735,-157.714014,537,2020_December,Wet,Lanikai_Wet,0.404299295,First quarter,1.378206571,78.96541982,1612480,21/12/2020 10.30,2.005,0.61112398,26,1.962682927,80.65853659,1.753947368,90.57777778
101,230.94003514867484,25.486955349821198,9.765552962211135,L073,Lanikai,Sample,14/01/2021,10.3,2021,January,18,PN101,13,1,21.392735,-157.714014,561,2021_January,Wet,Lanikai_Wet,0.010113294,New,0.201470313,11.54339864,1612480,14/01/2021 10.30,1.355,0.413003987,25.4,2.14375,330.3541667,1.857964602,120.1238938
102,227.84010731975786,35.83261145850209,15.134797379276835,L075,Lanikai,Sample,14/01/2021,10.3,2021,January,18,PN102,13,2,21.392735,-157.714014,561,2021_January,Wet,Lanikai_Wet,0.010113294,New,0.201470313,11.54339864,1612480,14/01/2021 10.30,1.355,0.413003987,25.4,2.14375,330.3541667,1.857964602,120.1238938
103,133.2260677466863,28.81171971828965,14.261323215556061,L077,Lanikai,Sample,14/01/2021,10.3,2021,January,18,PN103,13,3,21.392735,-157.714014,561,2021_January,Wet,Lanikai_Wet,0.010113294,New,0.201470313,11.54339864,1612480,14/01/2021 10.30,1.355,0.413003987,25.4,2.14375,330.3541667,1.857964602,120.1238938
105,209.71878199914573,17.532072390244327,7.953280621445443,M001,Maunalua,Sample,03/07/2019,11,2019,July,0,PN105,1,1,21.274484,-157.760817,0,2019_July,Dry,Maunalua_Dry,0.01191468,New,0.218744623,12.5331437,1612340,03/07/2019 11.00,0.082,0.024993599,27.6,1.278958333,79.60416667,1.632916667,119.4556962
107,2,2.0306040966347476,2,M005,Maunalua,Sample,03/07/2019,11,2019,July,0,PN107,1,3,21.274484,-157.760817,0,2019_July,Dry,Maunalua_Dry,0.01191468,New,0.218744623,12.5331437,1612340,03/07/2019 11.00,0.082,0.024993599,27.6,1.278958333,79.60416667,1.632916667,119.4556962
109,242.69396230433392,6.190272258701652,2.315857874805321,M007,Maunalua,Sample,12/09/2019,9.3,2019,September,2,PN109,2,1,21.274484,-157.760817,71,2019_September,Dry,Maunalua_Dry,0.963841047,Full,2.758952446,158.076331,1612340,12/09/2019 9.30,0.614,0.187147194,28.1,1.407083333,72.52083333,1.962184874,101.8781513
110,186.2022902569441,32.755648686570055,15.410720628380632,M009,Maunalua,Sample,12/09/2019,9.3,2019,September,2,PN110,2,2,21.274484,-157.760817,71,2019_September,Dry,Maunalua_Dry,0.963841047,Full,2.758952446,158.076331,1612340,12/09/2019 9.30,0.614,0.187147194,28.1,1.407083333,72.52083333,1.962184874,101.8781513
111,282.4816137844085,23.176507484679966,9.766779876828963,M011,Maunalua,Sample,12/09/2019,9.3,2019,September,2,PN111,2,3,21.274484,-157.760817,71,2019_September,Dry,Maunalua_Dry,0.963841047,Full,2.758952446,158.076331,1612340,12/09/2019 9.30,0.614,0.187147194,28.1,1.407083333,72.52083333,1.962184874,101.8781513
113,186.0710506424792,23.086299358214227,7.348271358134636,M013,Maunalua,Sample,27/11/2019,12.3,2019,November,4,PN113,3,1,21.274484,-157.760817,147,2019_November,Wet,Maunalua_Wet,0.001591903,New,0.079818514,4.573263979,1612340,27/11/2019 12.30,0.738,0.224942393,27.1,2.236041667,54.27083333,1.815416667,158.2416667
114,145.97231833910035,48.39810133488781,22.206585475868234,M015,Maunalua,Sample,27/11/2019,12.3,2019,November,4,PN114,3,2,21.274484,-157.760817,147,2019_November,Wet,Maunalua_Wet,0.001591903,New,0.079818514,4.573263979,1612340,27/11/2019 12.30,0.738,0.224942393,27.1,2.236041667,54.27083333,1.815416667,158.2416667
115,111.15149630090423,7.392706684439326,2.3734542359055464,M017,Maunalua,Sample,27/11/2019,12.3,2019,November,4,PN115,3,3,21.274484,-157.760817,147,2019_November,Wet,Maunalua_Wet,0.001591903,New,0.079818514,4.573263979,1612340,27/11/2019 12.30,0.738,0.224942393,27.1,2.236041667,54.27083333,1.815416667,158.2416667
117,205.00438386190837,18.886126131180685,7.074800851959528,M019,Maunalua,Sample,13/02/2020,9.3,2020,February,7,PN117,4,1,21.274484,-157.760817,225,2020_February,Wet,Maunalua_Wet,0.783550419,Waning gibbous,4.10940731,235.4516951,1612340,13/02/2020 9.30,1.27,0.387095988,24.2,2.605531915,45.34042553,1.733333333,109.4351145
118,299.2089260057471,14.963408421913776,7.28808443339231,M021,Maunalua,Sample,13/02/2020,9.3,2020,February,7,PN118,4,2,21.274484,-157.760817,225,2020_February,Wet,Maunalua_Wet,0.783550419,Waning gibbous,4.10940731,235.4516951,1612340,13/02/2020 9.30,1.27,0.387095988,24.2,2.605531915,45.34042553,1.733333333,109.4351145
119,125.41977309562398,22.80997271743406,8.92606857679661,M023,Maunalua,Sample,13/02/2020,9.3,2020,February,7,PN119,4,3,21.274484,-157.760817,225,2020_February,Wet,Maunalua_Wet,0.783550419,Waning gibbous,4.10940731,235.4516951,1612340,13/02/2020 9.30,1.27,0.387095988,24.2,2.605531915,45.34042553,1.733333333,109.4351145
121,213.8060482346715,22.63615875143721,9.907774251138653,M025,Maunalua,Sample,25/05/2020,10.45,2020,May,10,PN121,5,1,21.274484,-157.760817,327,2020_May,Dry,Maunalua_Dry,0.110922846,Waxing crescent,0.67907454,38.90810514,1612340,25/05/2020 10.45,0.256,0.078028798,26.1,1.413125,188.2291667,1.839583333,129.2468619
122,217.85607107426304,26.476518160048176,11.053856254763494,M027,Maunalua,Sample,25/05/2020,10.45,2020,May,10,PN122,5,2,21.274484,-157.760817,327,2020_May,Dry,Maunalua_Dry,0.110922846,Waxing crescent,0.67907454,38.90810514,1612340,25/05/2020 10.45,0.256,0.078028798,26.1,1.413125,188.2291667,1.839583333,129.2468619
123,264.24060621242484,28.106804077247826,11.783883530376931,M029,Maunalua,Sample,25/05/2020,10.45,2020,May,10,PN123,5,3,21.274484,-157.760817,327,2020_May,Dry,Maunalua_Dry,0.110922846,Waxing crescent,0.67907454,38.90810514,1612340,25/05/2020 10.45,0.256,0.078028798,26.1,1.413125,188.2291667,1.839583333,129.2468619
125,316.7669398907104,40.40868292327219,15.145113063639354,M031,Maunalua,Sample,29/06/2020,11.3,2020,June,11,PN125,6,1,21.274484,-157.760817,362,2020_June,Dry,Maunalua_Dry,0.634328148,First quarter,1.842794097,105.5843242,1612340,29/06/2020 11.30,2.057,0.62697358,27.1,1.300208333,53.14583333,1.7175,91.63291139
126,294.30824495381455,47.30876414510966,18.734991265974116,M033,Maunalua,Sample,29/06/2020,11.3,2020,June,11,PN126,6,2,21.274484,-157.760817,362,2020_June,Dry,Maunalua_Dry,0.634328148,First quarter,1.842794097,105.5843242,1612340,29/06/2020 11.30,2.057,0.62697358,27.1,1.300208333,53.14583333,1.7175,91.63291139
127,247.52134445534836,52.54281923397979,22.640490636867614,M035,Maunalua,Sample,29/06/2020,11.3,2020,June,11,PN127,6,3,21.274484,-157.760817,362,2020_June,Dry,Maunalua_Dry,0.634328148,First quarter,1.842794097,105.5843242,1612340,29/06/2020 11.30,2.057,0.62697358,27.1,1.300208333,53.14583333,1.7175,91.63291139
129,331.1095802627363,32.80236659972396,10.764710174247044,M037,Maunalua,Sample,29/07/2020,11.3,2020,July,12,PN129,7,1,21.274484,-157.760817,392,2020_July,Dry,Maunalua_Dry,0.681680884,First quarter,1.942670101,111.3067978,1612340,29/07/2020 11.30,2.497,0.761085576,27.1,2.053617021,69.68085106,2.326086957,64.8115942
130,344.50813231712107,29.08640593735727,8.918040789310389,M039,Maunalua,Sample,29/07/2020,11.3,2020,July,12,PN130,7,2,21.274484,-157.760817,392,2020_July,Dry,Maunalua_Dry,0.681680884,First quarter,1.942670101,111.3067978,1612340,29/07/2020 11.30,2.497,0.761085576,27.1,2.053617021,69.68085106,2.326086957,64.8115942
131,265.31966843997344,30.45475233504026,11.64986663444823,M041,Maunalua,Sample,29/07/2020,11.3,2020,July,12,PN131,7,3,21.274484,-157.760817,392,2020_July,Dry,Maunalua_Dry,0.681680884,First quarter,1.942670101,111.3067978,1612340,29/07/2020 11.30,2.497,0.761085576,27.1,2.053617021,69.68085106,2.326086957,64.8115942
133,301.90799684626427,37.42873560060126,17.561483804249917,M043,Maunalua,Sample,25/08/2020,12.3,2020,August,13,PN133,8,1,21.274484,-157.760817,419,2020_August,Dry,Maunalua_Dry,0.417106327,First quarter,1.404239974,80.45702395,1612340,25/08/2020 12.30,2.136,0.651052779,27.4,1.318085106,86.46808511,1.87027027,101.0727273
134,206.25993686716984,21.754528640339235,7.619305876738997,M045,Maunalua,Sample,25/08/2020,12.3,2020,August,13,PN134,8,2,21.274484,-157.760817,419,2020_August,Dry,Maunalua_Dry,0.417106327,First quarter,1.404239974,80.45702395,1612340,25/08/2020 12.30,2.136,0.651052779,27.4,1.318085106,86.46808511,1.87027027,101.0727273
135,291.7963139281828,41.10814413917513,17.038738336499154,M047,Maunalua,Sample,25/08/2020,12.3,2020,August,13,PN135,8,3,21.274484,-157.760817,419,2020_August,Dry,Maunalua_Dry,0.417106327,First quarter,1.404239974,80.45702395,1612340,25/08/2020 12.30,2.136,0.651052779,27.4,1.318085106,86.46808511,1.87027027,101.0727273
137,281.2133626125792,21.582966406745925,7.779754647767842,M049,Maunalua,Sample,22/09/2020,12.3,2020,September,14,PN137,9,1,21.274484,-157.760817,447,2020_September,Dry,Maunalua_Dry,0.26370923,Waxing crescent,1.078578558,61.79799924,1612340,22/09/2020 12.30,1.637,0.498957584,27.2,1.422173913,56.80434783,2.06372093,63.89252336
138,233.12802216524955,20.706913044126505,8.39157943026077,M051,Maunalua,Sample,22/09/2020,12.3,2020,September,14,PN138,9,2,21.274484,-157.760817,447,2020_September,Dry,Maunalua_Dry,0.26370923,Waxing crescent,1.078578558,61.79799924,1612340,22/09/2020 12.30,1.637,0.498957584,27.2,1.422173913,56.80434783,2.06372093,63.89252336
139,263.0007285997185,24.88969174884612,8.151097521485188,M053,Maunalua,Sample,22/09/2020,12.3,2020,September,14,PN139,9,3,21.274484,-157.760817,447,2020_September,Dry,Maunalua_Dry,0.26370923,Waxing crescent,1.078578558,61.79799924,1612340,22/09/2020 12.30,1.637,0.498957584,27.2,1.422173913,56.80434783,2.06372093,63.89252336
141,111.03869517977084,17.25477865514835,8.379467953716446,M055,Maunalua,Sample,30/10/2020,10.3,2020,October,15,PN141,10,1,21.274484,-157.760817,485,2020_October,Dry,Maunalua_Dry,0.983067703,Full,2.880604245,165.0464657,1612340,30/10/2020 10.30,1.07,0.32613599,27.6,1.249791667,209.7708333,3.136403509,239.8502203
142,77.19798882681565,14.093674112820219,7.230360151821104,M057,Maunalua,Sample,30/10/2020,10.3,2020,October,15,PN142,10,2,21.274484,-157.760817,485,2020_October,Dry,Maunalua_Dry,0.983067703,Full,2.880604245,165.0464657,1612340,30/10/2020 10.30,1.07,0.32613599,27.6,1.249791667,209.7708333,3.136403509,239.8502203
143,157.39291338582677,11.678300947386234,4.278963545723257,M059,Maunalua,Sample,30/10/2020,10.3,2020,October,15,PN143,10,3,21.274484,-157.760817,485,2020_October,Dry,Maunalua_Dry,0.983067703,Full,2.880604245,165.0464657,1612340,30/10/2020 10.30,1.07,0.32613599,27.6,1.249791667,209.7708333,3.136403509,239.8502203
145,374.0229132569558,38.76738400491679,10.36834548900241,M061,Maunalua,Sample,23/11/2020,10.3,2020,November,16,PN145,11,1,21.274484,-157.760817,509,2020_November,Wet,Maunalua_Wet,0.566339634,First quarter,1.703867987,97.62444453,1612340,23/11/2020 10.30,1.962,0.598017581,26.1,3.039166667,66.04166667,2.65745614,73.29646018
146,361.01304963582413,30.63390730473621,7.173874813083111,M063,Maunalua,Sample,23/11/2020,10.3,2020,November,16,PN146,11,2,21.274484,-157.760817,509,2020_November,Wet,Maunalua_Wet,0.566339634,First quarter,1.703867987,97.62444453,1612340,23/11/2020 10.30,1.962,0.598017581,26.1,3.039166667,66.04166667,2.65745614,73.29646018
147,327.6018810776343,36.55426101047894,8.83685833582267,M065,Maunalua,Sample,23/11/2020,10.3,2020,November,16,PN147,11,3,21.274484,-157.760817,509,2020_November,Wet,Maunalua_Wet,0.566339634,First quarter,1.703867987,97.62444453,1612340,23/11/2020 10.30,1.962,0.598017581,26.1,3.039166667,66.04166667,2.65745614,73.29646018
149,316.18044641587255,13.11731804032797,6.323716524892504,M067,Maunalua,Sample,29/12/2020,10.15,2020,December,17,PN149,12,1,21.274484,-157.760817,545,2020_December,Wet,Maunalua_Wet,0.999062819,Full,3.080356254,176.4914128,1612340,29/12/2020 10.15,0.653,0.199034394,25.7,1.767708333,83.25,1.370044053,136.6902655
150,266.6102080981941,12.475400901049499,6.3559706723135925,M069,Maunalua,Sample,29/12/2020,10.15,2020,December,17,PN150,12,2,21.274484,-157.760817,545,2020_December,Wet,Maunalua_Wet,0.999062819,Full,3.080356254,176.4914128,1612340,29/12/2020 10.15,0.653,0.199034394,25.7,1.767708333,83.25,1.370044053,136.6902655
151,248.59453441295545,18.018277427981587,8.522724744271153,M071,Maunalua,Sample,29/12/2020,10.15,2020,December,17,PN151,12,3,21.274484,-157.760817,545,2020_December,Wet,Maunalua_Wet,0.999062819,Full,3.080356254,176.4914128,1612340,29/12/2020 10.15,0.653,0.199034394,25.7,1.767708333,83.25,1.370044053,136.6902655
153,138.31898148148147,34.460734532568765,16.540208995910987,M073,Maunalua,Sample,20/01/2021,15,2021,January,18,PN153,13,1,21.274484,-157.760817,567,2021_January,Wet,Maunalua_Wet,0.453709508,First quarter,1.478082575,84.68789334,1612340,20/01/2021 15.00,1.69,0.515111984,25.3,2.584680851,143.5319149,1.772727273,81.29126214
154,164.8997345663156,28.251110793892664,15.022312470138521,M075,Maunalua,Sample,20/01/2021,15,2021,January,18,PN154,13,2,21.274484,-157.760817,567,2021_January,Wet,Maunalua_Wet,0.453709508,First quarter,1.478082575,84.68789334,1612340,20/01/2021 15.00,1.69,0.515111984,25.3,2.584680851,143.5319149,1.772727273,81.29126214
155,130.01210567823344,11.682120792181387,3.675572536548534,M077,Maunalua,Sample,20/01/2021,15,2021,January,18,PN155,13,3,21.274484,-157.760817,567,2021_January,Wet,Maunalua_Wet,0.453709508,First quarter,1.478082575,84.68789334,1612340,20/01/2021 15.00,1.69,0.515111984,25.3,2.584680851,143.5319149,1.772727273,81.29126214
157,4,1.6147985046328608,1.2764202810018381,W001,Waimānalo,Sample,11/07/2019,11,2019,July,0,PN157,1,1,21.326702,-157.681698,8,2019_July,Dry,Waimānalo_Dry,0.671494923,First quarter,1.920894306,110.0591366,1612480,11/07/2019 11.00,2.107,0.642213579,27.3,1.41375,95.60416667,2.142857143,87.00421941
158,4.230769230769231,3.3698429087503388,2.599999999999998,W003,Waimānalo,Sample,11/07/2019,11,2019,July,0,PN158,1,2,21.326702,-157.681698,8,2019_July,Dry,Waimānalo_Dry,0.671494923,First quarter,1.920894306,110.0591366,1612480,11/07/2019 11.00,2.107,0.642213579,27.3,1.41375,95.60416667,2.142857143,87.00421941
159,20.456293706293707,1.4529002169905356,1.1537481598912902,W005,Waimānalo,Sample,11/07/2019,11,2019,July,0,PN159,1,3,21.326702,-157.681698,8,2019_July,Dry,Waimānalo_Dry,0.671494923,First quarter,1.920894306,110.0591366,1612480,11/07/2019 11.00,2.107,0.642213579,27.3,1.41375,95.60416667,2.142857143,87.00421941
161,123.02295111593024,27.58719700550338,12.075361561247623,W007,Waimānalo,Sample,16/09/2019,10,2019,September,2,PN161,2,1,21.326702,-157.681698,75,2019_September,Dry,Waimānalo_Dry,0.946138064,Waning gibbous,3.610027288,206.8393275,1612480,16/09/2019 10.00,0.955,0.291083991,28.3,1.333541667,73.85416667,1.680334728,98.53164557
162,198.37957418496342,10.544490186024973,2.983221072083768,W009,Waimānalo,Sample,16/09/2019,10,2019,September,2,PN162,2,2,21.326702,-157.681698,75,2019_September,Dry,Waimānalo_Dry,0.946138064,Waning gibbous,3.610027288,206.8393275,1612480,16/09/2019 10.00,0.955,0.291083991,28.3,1.333541667,73.85416667,1.680334728,98.53164557
163,166.0732724489257,26.5759367695195,11.70287088106349,W011,Waimānalo,Sample,16/09/2019,10,2019,September,2,PN163,2,3,21.326702,-157.681698,75,2019_September,Dry,Waimānalo_Dry,0.946138064,Waning gibbous,3.610027288,206.8393275,1612480,16/09/2019 10.00,0.955,0.291083991,28.3,1.333541667,73.85416667,1.680334728,98.53164557
165,177.04505960800162,52.012611892779056,26.803887874556995,W013,Waimānalo,Sample,26/11/2019,10.2,2019,November,4,PN165,3,1,21.326702,-157.681698,146,2019_November,Wet,Waimānalo_Wet,0.004412434,New,6.150235111,352.3825149,1612480,26/11/2019 10.20,1.565,0.477011985,26.8,2.224583333,54.0625,1.498333333,103.7394958
166,68.85903083700441,20.904754583376537,13.304460580912886,W015,Waimānalo,Sample,26/11/2019,10.2,2019,November,4,PN166,3,2,21.326702,-157.681698,146,2019_November,Wet,Waimānalo_Wet,0.004412434,New,6.150235111,352.3825149,1612480,26/11/2019 10.20,1.565,0.477011985,26.8,2.224583333,54.0625,1.498333333,103.7394958
167,92.72727272727272,28.337161140791967,13.11050358138769,W017,Waimānalo,Sample,26/11/2019,10.2,2019,November,4,PN167,3,3,21.326702,-157.681698,146,2019_November,Wet,Waimānalo_Wet,0.004412434,New,6.150235111,352.3825149,1612480,26/11/2019 10.20,1.565,0.477011985,26.8,2.224583333,54.0625,1.498333333,103.7394958
168,308.15726990267996,52.637338605758806,22.414441231501915,W019,Waimānalo,Sample,01/02/2020,10,2020,February,7,PN168,4,1,21.326702,-157.681698,213,2020_February,Wet,Waimānalo_Wet,0.492693489,First quarter,1.556182785,89.16270574,1612480,01/02/2020 10.00,1.099,0.334975189,25,2.239791667,131.7708333,1.683035714,89.09090909
169,239.36195201255745,48.860323125505694,23.947826829476515,W021,Waimānalo,Sample,01/02/2020,10,2020,February,7,PN169,4,2,21.326702,-157.681698,213,2020_February,Wet,Waimānalo_Wet,0.492693489,First quarter,1.556182785,89.16270574,1612480,01/02/2020 10.00,1.099,0.334975189,25,2.239791667,131.7708333,1.683035714,89.09090909
170,301.01778308849373,31.16311090272858,9.115284673674864,W023,Waimānalo,Sample,01/02/2020,10,2020,February,7,PN170,4,3,21.326702,-157.681698,213,2020_February,Wet,Waimānalo_Wet,0.492693489,First quarter,1.556182785,89.16270574,1612480,01/02/2020 10.00,1.099,0.334975189,25,2.239791667,131.7708333,1.683035714,89.09090909
172,251.03473490508605,52.84663216669528,19.277780739824582,W025,Waimānalo,Sample,18/05/2020,12.45,2020,May,10,PN172,5,1,21.326702,-157.681698,320,2020_May,Dry,Waimānalo_Dry,0.155361772,Waning crescent,5.472878875,313.5728613,1612480,18/05/2020 12.45,2.041,0.62209678,25.9,1.441875,211.7708333,2.0075,79.2605042
173,257.44375484871995,46.68825708610804,17.446375654147634,W027,Waimānalo,Sample,18/05/2020,12.45,2020,May,10,PN173,5,2,21.326702,-157.681698,320,2020_May,Dry,Waimānalo_Dry,0.155361772,Waning crescent,5.472878875,313.5728613,1612480,18/05/2020 12.45,2.041,0.62209678,25.9,1.441875,211.7708333,2.0075,79.2605042
174,212.31541046567452,40.11660709383084,16.168477328819773,W029,Waimānalo,Sample,18/05/2020,12.45,2020,May,10,PN174,5,3,21.326702,-157.681698,320,2020_May,Dry,Waimānalo_Dry,0.155361772,Waning crescent,5.472878875,313.5728613,1612480,18/05/2020 12.45,2.041,0.62209678,25.9,1.441875,211.7708333,2.0075,79.2605042
176,258.0143702144646,69.45410887710698,35.29786547663854,W031,Waimānalo,Sample,24/06/2020,13,2020,June,11,PN176,6,1,21.326702,-157.681698,357,2020_June,Dry,Waimānalo_Dry,0.144174397,Waxing crescent,0.778950545,44.63057866,1612480,24/06/2020 13.00,1.254,0.382219188,25.9,1.574255319,74.76595745,2.155416667,74.32352941
177,279.4329651431973,50.99321390149865,18.633453698471502,W033,Waimānalo,Sample,24/06/2020,13,2020,June,11,PN177,6,2,21.326702,-157.681698,357,2020_June,Dry,Waimānalo_Dry,0.144174397,Waxing crescent,0.778950545,44.63057866,1612480,24/06/2020 13.00,1.254,0.382219188,25.9,1.574255319,74.76595745,2.155416667,74.32352941
178,221.425979048469,26.890729541249073,6.849572734409576,W035,Waimānalo,Sample,24/06/2020,13,2020,June,11,PN178,6,3,21.326702,-157.681698,357,2020_June,Dry,Waimānalo_Dry,0.144174397,Waxing crescent,0.778950545,44.63057866,1612480,24/06/2020 13.00,1.254,0.382219188,25.9,1.574255319,74.76595745,2.155416667,74.32352941
180,238.2105286132088,52.4693323283383,22.881703073246438,W037,Waimānalo,Sample,23/07/2020,12,2020,July,12,PN180,7,1,21.326702,-157.681698,386,2020_July,Dry,Waimānalo_Dry,0.106868202,Waxing crescent,0.666057839,38.16230307,1612480,23/07/2020 12.00,1.09,0.332231989,27.1,1.395217391,50.86956522,1.59953271,78.69014085
181,227.88167275383492,55.1532907705307,23.551058907769036,W039,Waimānalo,Sample,23/07/2020,12,2020,July,12,PN181,7,2,21.326702,-157.681698,386,2020_July,Dry,Waimānalo_Dry,0.106868202,Waxing crescent,0.666057839,38.16230307,1612480,23/07/2020 12.00,1.09,0.332231989,27.1,1.395217391,50.86956522,1.59953271,78.69014085
182,285.090283541728,45.693210141232385,19.655113601173923,W041,Waimānalo,Sample,23/07/2020,12,2020,July,12,PN182,7,3,21.326702,-157.681698,386,2020_July,Dry,Waimānalo_Dry,0.106868202,Waxing crescent,0.666057839,38.16230307,1612480,23/07/2020 12.00,1.09,0.332231989,27.1,1.395217391,50.86956522,1.59953271,78.69014085
184,260.60860954288836,67.75997855408049,31.575970914593295,W043,Waimānalo,Sample,24/08/2020,11.3,2020,August,13,PN184,8,1,21.326702,-157.681698,418,2020_August,Dry,Waimānalo_Dry,0.314853203,First quarter,1.191471264,68.26627483,1612480,24/08/2020 11.30,1.851,0.564184782,26.7,1.394375,82.47916667,2.216425121,70.51941748
185,264.64135815885436,53.31990232584775,20.678836757914432,W045,Waimānalo,Sample,24/08/2020,11.3,2020,August,13,PN185,8,2,21.326702,-157.681698,418,2020_August,Dry,Waimānalo_Dry,0.314853203,First quarter,1.191471264,68.26627483,1612480,24/08/2020 11.30,1.851,0.564184782,26.7,1.394375,82.47916667,2.216425121,70.51941748
186,280.1832036316472,43.87599886138575,16.11457340096883,W047,Waimānalo,Sample,24/08/2020,11.3,2020,August,13,PN186,8,3,21.326702,-157.681698,418,2020_August,Dry,Waimānalo_Dry,0.314853203,First quarter,1.191471264,68.26627483,1612480,24/08/2020 11.30,1.851,0.564184782,26.7,1.394375,82.47916667,2.216425121,70.51941748
188,237.3971577330147,36.34327379949676,14.160451647848031,W049,Waimānalo,Sample,25/09/2020,9.45,2020,September,14,PN188,9,1,21.326702,-157.681698,450,2020_September,Dry,Waimānalo_Dry,0.572784642,First quarter,1.716884689,98.37024659,1612480,25/09/2020 9.45,2.448,0.746150376,27,1.916666667,326.3333333,2.596086957,69.8
189,235.6965144230769,50.17417479897666,20.11578372474061,W051,Waimānalo,Sample,25/09/2020,9.45,2020,September,14,PN189,9,2,21.326702,-157.681698,450,2020_September,Dry,Waimānalo_Dry,0.572784642,First quarter,1.716884689,98.37024659,1612480,25/09/2020 9.45,2.448,0.746150376,27,1.916666667,326.3333333,2.596086957,69.8
190,205.1355412125701,59.129641246055535,23.858692704095503,W053,Waimānalo,Sample,25/09/2020,9.45,2020,September,14,PN190,9,3,21.326702,-157.681698,450,2020_September,Dry,Waimānalo_Dry,0.572784642,First quarter,1.716884689,98.37024659,1612480,25/09/2020 9.45,2.448,0.746150376,27,1.916666667,326.3333333,2.596086957,69.8
192,144.69130661114002,25.683754491568134,10.263747616020341,W055,Waimānalo,Sample,28/10/2020,11,2020,October,15,PN192,10,1,21.326702,-157.681698,483,2020_October,Dry,Waimānalo_Dry,0.886726398,Waxing gibbous,2.455066825,140.6649675,1612480,28/10/2020 11.00,2.395,0.729995977,27.6,1.123829787,53.95744681,1.353271028,149.8356808
193,181.29855967078188,24.35470948617745,11.280289019827146,W057,Waimānalo,Sample,28/10/2020,11,2020,October,15,PN193,10,2,21.326702,-157.681698,483,2020_October,Dry,Waimānalo_Dry,0.886726398,Waxing gibbous,2.455066825,140.6649675,1612480,28/10/2020 11.00,2.395,0.729995977,27.6,1.123829787,53.95744681,1.353271028,149.8356808
194,175.4984802431611,39.53103114449215,17.2275092936803,W059,Waimānalo,Sample,28/10/2020,11,2020,October,15,PN194,10,3,21.326702,-157.681698,483,2020_October,Dry,Waimānalo_Dry,0.886726398,Waxing gibbous,2.455066825,140.6649675,1612480,28/10/2020 11.00,2.395,0.729995977,27.6,1.123829787,53.95744681,1.353271028,149.8356808
196,259.44284781188765,48.5873289262869,19.649939601369045,W061,Waimānalo,Sample,29/11/2020,10.45,2020,November,16,PN196,11,1,21.326702,-157.681698,515,2020_November,Wet,Waimānalo_Wet,0.993524723,Full,2.98048025,170.7689392,1612480,29/11/2020 10.45,1.595,0.486155984,26.3,2.16173913,104.8478261,2.067298578,88.78199052
197,261.9711010723634,50.215198051668125,22.300756832327348,W063,Waimānalo,Sample,29/11/2020,10.45,2020,November,16,PN197,11,2,21.326702,-157.681698,515,2020_November,Wet,Waimānalo_Wet,0.993524723,Full,2.98048025,170.7689392,1612480,29/11/2020 10.45,1.595,0.486155984,26.3,2.16173913,104.8478261,2.067298578,88.78199052
198,230.31821513332403,60.88227338461784,29.10392168566825,W065,Waimānalo,Sample,29/11/2020,10.45,2020,November,16,PN198,11,3,21.326702,-157.681698,515,2020_November,Wet,Waimānalo_Wet,0.993524723,Full,2.98048025,170.7689392,1612480,29/11/2020 10.45,1.595,0.486155984,26.3,2.16173913,104.8478261,2.067298578,88.78199052
200,268.6832740213523,45.72902160617901,16.83582548136006,W067,Waimānalo,Sample,30/12/2020,10.45,2020,December,17,PN200,12,1,21.326702,-157.681698,546,2020_December,Wet,Waimānalo_Wet,0.994270466,Full,3.293124965,188.6821619,1612480,30/12/2020 10.45,1.372,0.418185587,25.8,1.925625,187.625,1.676233184,92.71300448
201,247.5670672636347,54.74485914239399,20.725276827780853,W069,Waimānalo,Sample,30/12/2020,10.45,2020,December,17,PN201,12,2,21.326702,-157.681698,546,2020_December,Wet,Waimānalo_Wet,0.994270466,Full,3.293124965,188.6821619,1612480,30/12/2020 10.45,1.372,0.418185587,25.8,1.925625,187.625,1.676233184,92.71300448
202,184.31858638743455,3.2227441540771635,1.4756335929379634,W071,Waimānalo,Sample,30/12/2020,10.45,2020,December,17,PN202,12,3,21.326702,-157.681698,546,2020_December,Wet,Waimānalo_Wet,0.994270466,Full,3.293124965,188.6821619,1612480,30/12/2020 10.45,1.372,0.418185587,25.8,1.925625,187.625,1.676233184,92.71300448
204,147.96190781049935,25.994996402703695,11.47923419009569,W073,Waimānalo,Sample,18/01/2021,10,2021,January,18,PN204,13,1,21.326702,-157.681698,565,2021_January,Wet,Waimānalo_Wet,0.252319144,Waxing crescent,1.052545155,60.30639511,1612480,18/01/2021 10.00,1.641,0.500176784,25.3,2.034042553,78.74468085,2.605164319,239.5539906
205,163.01685473557512,9.420253841470648,5.543746291491014,W075,Waimānalo,Sample,18/01/2021,10,2021,January,18,PN205,13,2,21.326702,-157.681698,565,2021_January,Wet,Waimānalo_Wet,0.252319144,Waxing crescent,1.052545155,60.30639511,1612480,18/01/2021 10.00,1.641,0.500176784,25.3,2.034042553,78.74468085,2.605164319,239.5539906
206,181.29458963778083,26.336515492390348,12.178410846457112,W077,Waimānalo,Sample,18/01/2021,10,2021,January,18,PN206,13,3,21.326702,-157.681698,565,2021_January,Wet,Waimānalo_Wet,0.252319144,Waxing crescent,1.052545155,60.30639511,1612480,18/01/2021 10.00,1.641,0.500176784,25.3,2.034042553,78.74468085,2.605164319,239.5539906
208,146.69110966904606,3.8268270216135103,2.445058964378227,K079,Kāneʻohe,Sample,20/03/2021,10.45,2021,March,20,PN208,14,1,21.435115,-157.7867,626,2021_March,Wet,Kāneʻohe_Wet,0.447233215,First quarter,1.465065874,83.94209128,1612480,20/03/2021 10.45,0.328,0.099974397,24,2.608125,55.375,3.077916667,69.40585774
209,210.01506357942685,6.540012761626974,3.261338977291115,K081,Kāneʻohe,Sample,20/03/2021,10.45,2021,March,20,PN209,14,2,21.435115,-157.7867,626,2021_March,Wet,Kāneʻohe_Wet,0.447233215,First quarter,1.465065874,83.94209128,1612480,20/03/2021 10.45,0.328,0.099974397,24,2.608125,55.375,3.077916667,69.40585774
210,233.02362719699278,4.745867830988191,2.0527502458537574,K083,Kāneʻohe,Sample,20/03/2021,10.45,2021,March,20,PN210,14,3,21.435115,-157.7867,626,2021_March,Wet,Kāneʻohe_Wet,0.447233215,First quarter,1.465065874,83.94209128,1612480,20/03/2021 10.45,0.328,0.099974397,24,2.608125,55.375,3.077916667,69.40585774
212,158.2233060285092,4.50032822239154,3.00975356457839,K085,Kāneʻohe,Sample,30/04/2021,10.15,2021,April,21,PN212,15,1,21.435115,-157.7867,667,2021_April,Dry,Kāneʻohe_Dry,0.861104698,Waning gibbous,3.905397692,223.7628051,1612480,30/04/2021 10.15,-0.272,-0.082905597,24.2,NA,NA,2.413333333,76.46025105
213,182.77579893867926,6.276300362172937,3.73928656228027,K087,Kāneʻohe,Sample,30/04/2021,10.15,2021,April,21,PN213,15,2,21.435115,-157.7867,667,2021_April,Dry,Kāneʻohe_Dry,0.861104698,Waning gibbous,3.905397692,223.7628051,1612480,30/04/2021 10.15,-0.272,-0.082905597,24.2,NA,NA,2.413333333,76.46025105
214,210.89359402460457,6.235120502342673,3.1578563091590492,K089,Kāneʻohe,Sample,30/04/2021,10.15,2021,April,21,PN214,15,3,21.435115,-157.7867,667,2021_April,Dry,Kāneʻohe_Dry,0.861104698,Waning gibbous,3.905397692,223.7628051,1612480,30/04/2021 10.15,-0.272,-0.082905597,24.2,NA,NA,2.413333333,76.46025105
216,122.60233242753623,10.693466933370313,5.738783818166411,K091,Kāneʻohe,Sample,04/06/2021,10,2021,June,23,PN216,16,1,21.435115,-157.7867,702,2021_June,Dry,Kāneʻohe_Dry,0.325394825,Last quarter,5.069117249,290.4390242,1612480,04/06/2021 10.00,1.48,0.451103986,25.8,1.654255319,61.78723404,2.14279476,83.51315789
217,119.46239900559354,6.040141204991619,2.9875430128634455,K093,Kāneʻohe,Sample,04/06/2021,10,2021,June,23,PN217,16,2,21.435115,-157.7867,702,2021_June,Dry,Kāneʻohe_Dry,0.325394825,Last quarter,5.069117249,290.4390242,1612480,04/06/2021 10.00,1.48,0.451103986,25.8,1.654255319,61.78723404,2.14279476,83.51315789
218,108.97457627118644,7.677620954146216,4.176354624610517,K095,Kāneʻohe,Sample,04/06/2021,10,2021,June,23,PN218,16,3,21.435115,-157.7867,702,2021_June,Dry,Kāneʻohe_Dry,0.325394825,Last quarter,5.069117249,290.4390242,1612480,04/06/2021 10.00,1.48,0.451103986,25.8,1.654255319,61.78723404,2.14279476,83.51315789
220,15.999812144836332,1.0318477096590042,1.0081183076048117,K097,Kāneʻohe,Sample,20/06/2023,16.15,2023,June,23,PN220,17,1,21.435115,-157.7867,1448,2023_June,Dry,Kāneʻohe_Dry,0.045884091,Waxing crescent,0.43175721,24.73786589,1612480,20/06/2023 16.15,1.07,0.32613599,26.1,1.311041667,57.77083333,2.027083333,122.7763713
221,46.16504150213555,1.2162301185241917,1.0626971331013573,K099,Kāneʻohe,Sample,20/06/2023,16.15,2023,June,23,PN221,17,2,21.435115,-157.7867,1448,2023_June,Dry,Kāneʻohe_Dry,0.045884091,Waxing crescent,0.43175721,24.73786589,1612480,20/06/2023 16.15,1.07,0.32613599,26.1,1.311041667,57.77083333,2.027083333,122.7763713
222,124.99447942724058,1.385227576746959,1.1205484159413068,K101,Kāneʻohe,Sample,20/06/2023,16.15,2023,June,23,PN222,17,3,21.435115,-157.7867,1448,2023_June,Dry,Kāneʻohe_Dry,0.045884091,Waxing crescent,0.43175721,24.73786589,1612480,20/06/2023 16.15,1.07,0.32613599,26.1,1.311041667,57.77083333,2.027083333,122.7763713
224,187.95603926589843,45.334188133640815,18.512269938650263,L079,Lanikai,Sample,26/03/2021,10.3,2021,March,20,PN224,14,1,21.392735,-157.714014,632,2021_March,Wet,Lanikai_Wet,0.96054714,Waxing gibbous,2.741678136,157.086586,1612480,26/03/2021 10.30,1.309,0.398983187,24.3,2.115416667,136.6666667,1.690833333,156.9125
225,131.81254214430209,8.751168112240087,3.7588480969793063,L081,Lanikai,Sample,26/03/2021,10.3,2021,March,20,PN225,14,2,21.392735,-157.714014,632,2021_March,Wet,Lanikai_Wet,0.96054714,Waxing gibbous,2.741678136,157.086586,1612480,26/03/2021 10.30,1.309,0.398983187,24.3,2.115416667,136.6666667,1.690833333,156.9125
226,193.46506758043023,19.63757033510608,5.836564270802294,L083,Lanikai,Sample,26/03/2021,10.3,2021,March,20,PN226,14,3,21.392735,-157.714014,632,2021_March,Wet,Lanikai_Wet,0.96054714,Waxing gibbous,2.741678136,157.086586,1612480,26/03/2021 10.30,1.309,0.398983187,24.3,2.115416667,136.6666667,1.690833333,156.9125
228,168.3118760757315,10.526774704443536,4.29720587111076,L085,Lanikai,Sample,27/04/2021,9.3,2021,April,21,PN228,15,1,21.392735,-157.714014,664,2021_April,Dry,Lanikai_Dry,0.996067671,Full,3.267091561,187.1905577,1612480,27/04/2021 9.30,-0.069,-0.021031199,24.2,NA,NA,2.426666667,198.83613450000001
229,101.47739852398524,16.210072555604306,7.62022588601844,L087,Lanikai,Sample,27/04/2021,9.3,2021,April,21,PN229,15,2,21.392735,-157.714014,664,2021_April,Dry,Lanikai_Dry,0.996067671,Full,3.267091561,187.1905577,1612480,27/04/2021 9.30,-0.069,-0.021031199,24.2,NA,NA,2.426666667,198.83613450000001
230,158.1608902480462,10.633944901919474,4.253769669463445,L089,Lanikai,Sample,27/04/2021,9.3,2021,April,21,PN230,15,3,21.392735,-157.714014,664,2021_April,Dry,Lanikai_Dry,0.996067671,Full,3.267091561,187.1905577,1612480,27/04/2021 9.30,-0.069,-0.021031199,24.2,NA,NA,2.426666667,198.83613450000001
232,87.11494475673581,2.076694024450375,1.2861352004549382,L091,Lanikai,Sample,05/06/2021,9.3,2021,June,23,PN232,16,1,21.392735,-157.714014,703,2021_June,Dry,Lanikai_Dry,0.230395757,Waning crescent,5.281885959,302.6297733,1612480,05/06/2021 9.30,1.408,0.429158386,25.7,1.837083333,53.9375,2.8175,69.35
233,118.17529880478088,11.828042342949823,5.164307602509852,L093,Lanikai,Sample,05/06/2021,9.3,2021,June,23,PN233,16,2,21.392735,-157.714014,703,2021_June,Dry,Lanikai_Dry,0.230395757,Waning crescent,5.281885959,302.6297733,1612480,05/06/2021 9.30,1.408,0.429158386,25.7,1.837083333,53.9375,2.8175,69.35
234,138.14539132484677,3.893021598022962,2.282974062110212,L095,Lanikai,Sample,05/06/2021,9.3,2021,June,23,PN234,16,3,21.392735,-157.714014,703,2021_June,Dry,Lanikai_Dry,0.230395757,Waning crescent,5.281885959,302.6297733,1612480,05/06/2021 9.30,1.408,0.429158386,25.7,1.837083333,53.9375,2.8175,69.35
236,99.47496423462088,28.006975450751217,15.998966331955142,L097,Lanikai,Sample,28/06/2023,15,2023,June,23,PN236,17,1,21.392735,-157.714014,1456,2023_June,Dry,Lanikai_Dry,0.766909533,Waxing gibbous,2.133906893,122.2638588,1612480,28/06/2023 15.00,0.909,0.277063191,25.2,1.789583333,76,2.322083333,64.57142857
237,84.94830571357903,26.487693863039475,13.972463768115965,L099,Lanikai,Sample,28/06/2023,15,2023,June,23,PN237,17,2,21.392735,-157.714014,1456,2023_June,Dry,Lanikai_Dry,0.766909533,Waxing gibbous,2.133906893,122.2638588,1612480,28/06/2023 15.00,0.909,0.277063191,25.2,1.789583333,76,2.322083333,64.57142857
238,127.59953703703704,23.66466617631478,7.970568826712438,L101,Lanikai,Sample,28/06/2023,15,2023,June,23,PN238,17,3,21.392735,-157.714014,1456,2023_June,Dry,Lanikai_Dry,0.766909533,Waxing gibbous,2.133906893,122.2638588,1612480,28/06/2023 15.00,0.909,0.277063191,25.2,1.789583333,76,2.322083333,64.57142857
240,247.39895104895106,20.446064746720143,9.83241110523027,M079,Maunalua,Sample,25/03/2021,9.3,2021,March,20,PN240,14,1,21.274484,-157.760817,631,2021_March,Wet,Maunalua_Wet,0.909053968,Waxing gibbous,2.528909426,144.8958369,1612340,25/03/2021 9.30,0.499,0.152095195,24.7,2.200625,83.89583333,3.167916667,214.2541667
241,254.49738793394,17.24112966573269,8.251209620002562,M081,Maunalua,Sample,25/03/2021,9.3,2021,March,20,PN241,14,2,21.274484,-157.760817,631,2021_March,Wet,Maunalua_Wet,0.909053968,Waxing gibbous,2.528909426,144.8958369,1612340,25/03/2021 9.30,0.499,0.152095195,24.7,2.200625,83.89583333,3.167916667,214.2541667
242,208.37758719268155,13.982715675643576,6.824537638847797,M083,Maunalua,Sample,25/03/2021,9.3,2021,March,20,PN242,14,3,21.274484,-157.760817,631,2021_March,Wet,Maunalua_Wet,0.909053968,Waxing gibbous,2.528909426,144.8958369,1612340,25/03/2021 9.30,0.499,0.152095195,24.7,2.200625,83.89583333,3.167916667,214.2541667
244,328.08332825976663,20.796682945837357,11.025466234724673,M085,Maunalua,Sample,26/04/2021,11.45,2021,April,21,PN244,15,1,21.274484,-157.760817,663,2021_April,Dry,Maunalua_Dry,0.998097203,Full,3.054322851,174.9998086,1612340,26/04/2021 11.45,0.423,0.128930396,24.7,NA,NA,2.279916318,101.7405858
245,238.00614683631363,11.759143066232014,4.496444279638078,M087,Maunalua,Sample,26/04/2021,11.45,2021,April,21,PN245,15,2,21.274484,-157.760817,663,2021_April,Dry,Maunalua_Dry,0.998097203,Full,3.054322851,174.9998086,1612340,26/04/2021 11.45,0.423,0.128930396,24.7,NA,NA,2.279916318,101.7405858
246,227.04794781625026,22.488226053850372,9.400393771254704,M089,Maunalua,Sample,26/04/2021,11.45,2021,April,21,PN246,15,3,21.274484,-157.760817,663,2021_April,Dry,Maunalua_Dry,0.998097203,Full,3.054322851,174.9998086,1612340,26/04/2021 11.45,0.423,0.128930396,24.7,NA,NA,2.279916318,101.7405858
248,292.40389249304917,25.99977756259668,11.556852269165917,M091,Maunalua,Sample,01/06/2021,10,2021,June,23,PN248,16,1,21.274484,-157.760817,699,2021_June,Dry,Maunalua_Dry,0.638935859,Last quarter,4.430811118,253.8667769,1612340,01/06/2021 10.00,0.807,0.245973592,25.9,1.505,347,1.725833333,155.0253165
249,332.9325842696629,25.400493569219197,10.44391727739528,M093,Maunalua,Sample,01/06/2021,10,2021,June,23,PN249,16,2,21.274484,-157.760817,699,2021_June,Dry,Maunalua_Dry,0.638935859,Last quarter,4.430811118,253.8667769,1612340,01/06/2021 10.00,0.807,0.245973592,25.9,1.505,347,1.725833333,155.0253165
250,235.74518877308307,15.035218002400194,6.73677540600927,M095,Maunalua,Sample,01/06/2021,10,2021,June,23,PN250,16,3,21.274484,-157.760817,699,2021_June,Dry,Maunalua_Dry,0.638935859,Last quarter,4.430811118,253.8667769,1612340,01/06/2021 10.00,0.807,0.245973592,25.9,1.505,347,1.725833333,155.0253165
252,244.0052718006795,36.88012617449033,13.202459365214466,M097,Maunalua,Sample,26/06/2023,13,2023,June,23,PN252,17,1,21.274484,-157.760817,1454,2023_June,Dry,Maunalua_Dry,0.568569798,First quarter,1.708369472,97.8823606,1612340,26/06/2023 13.00,1.044,0.31821119,26.1,2.348541667,76.54166667,2.450416667,73.81512605
253,245.26897335932424,45.102510729658114,14.47846948613208,M099,Maunalua,Sample,26/06/2023,13,2023,June,23,PN253,17,2,21.274484,-157.760817,1454,2023_June,Dry,Maunalua_Dry,0.568569798,First quarter,1.708369472,97.8823606,1612340,26/06/2023 13.00,1.044,0.31821119,26.1,2.348541667,76.54166667,2.450416667,73.81512605
254,248.73178325384208,32.26963861310392,12.664339420933839,M101,Maunalua,Sample,26/06/2023,13,2023,June,23,PN254,17,3,21.274484,-157.760817,1454,2023_June,Dry,Maunalua_Dry,0.568569798,First quarter,1.708369472,97.8823606,1612340,26/06/2023 13.00,1.044,0.31821119,26.1,2.348541667,76.54166667,2.450416667,73.81512605
256,263.50389812889813,43.48017085154535,15.906454661333559,W079,Waimānalo,Sample,31/03/2021,13.45,2021,March,20,PN256,14,1,21.326702,-157.681698,637,2021_March,Wet,Waimānalo_Wet,0.893788591,Waning gibbous,3.805521688,218.0403316,1612480,31/03/2021 13.45,1.3,0.396239987,24,1.695,62.45833333,1.915,101.9113924
257,246.3444350260544,10.81692643086729,4.501458967419956,W081,Waimānalo,Sample,31/03/2021,13.45,2021,March,20,PN257,14,2,21.326702,-157.681698,637,2021_March,Wet,Waimānalo_Wet,0.893788591,Waning gibbous,3.805521688,218.0403316,1612480,31/03/2021 13.45,1.3,0.396239987,24,1.695,62.45833333,1.915,101.9113924
258,204.7741057713408,29.00939074868154,9.794407301578438,W083,Waimānalo,Sample,31/03/2021,13.45,2021,March,20,PN258,14,3,21.326702,-157.681698,637,2021_March,Wet,Waimānalo_Wet,0.893788591,Waning gibbous,3.805521688,218.0403316,1612480,31/03/2021 13.45,1.3,0.396239987,24,1.695,62.45833333,1.915,101.9113924
260,194.22466690042074,10.781883396921714,3.498186599161407,W085,Waimānalo,Sample,29/04/2021,10,2021,April,21,PN260,15,1,21.326702,-157.681698,666,2021_April,Dry,Waimānalo_Dry,0.925991194,Waning gibbous,3.692628982,211.572056,1612480,29/04/2021 10.00,-0.37,-0.112775996,24.2,NA,NA,1.830833333,112.2833333
261,282.3477328936521,2.876347334032888,1.4552521601762773,W087,Waimānalo,Sample,29/04/2021,10,2021,April,21,PN261,15,2,21.326702,-157.681698,666,2021_April,Dry,Waimānalo_Dry,0.925991194,Waning gibbous,3.692628982,211.572056,1612480,29/04/2021 10.00,-0.37,-0.112775996,24.2,NA,NA,1.830833333,112.2833333
262,179.1863091503484,16.356233876384525,5.519566259512847,W089,Waimānalo,Sample,29/04/2021,10,2021,April,21,PN262,15,3,21.326702,-157.681698,666,2021_April,Dry,Waimānalo_Dry,0.925991194,Waning gibbous,3.692628982,211.572056,1612480,29/04/2021 10.00,-0.37,-0.112775996,24.2,NA,NA,1.830833333,112.2833333
264,140.42465617888593,5.282313586802535,1.9149310289563681,W091,Waimānalo,Sample,03/06/2021,10,2021,June,23,PN264,16,1,21.326702,-157.681698,701,2021_June,Dry,Waimānalo_Dry,0.428268586,Last quarter,4.856348538,278.2482751,1612480,03/06/2021 10.00,1.365,0.416051987,26.1,1.486458333,296.9791667,2.227916667,74.85294118
265,151.91571279916752,7.352424917213598,2.4161411301305376,W093,Waimānalo,Sample,03/06/2021,10,2021,June,23,PN265,16,2,21.326702,-157.681698,701,2021_June,Dry,Waimānalo_Dry,0.428268586,Last quarter,4.856348538,278.2482751,1612480,03/06/2021 10.00,1.365,0.416051987,26.1,1.486458333,296.9791667,2.227916667,74.85294118
266,203.51969215204508,3.957129185321742,1.6385945891859592,W095,Waimānalo,Sample,03/06/2021,10,2021,June,23,PN266,16,3,21.326702,-157.681698,701,2021_June,Dry,Waimānalo_Dry,0.428268586,Last quarter,4.856348538,278.2482751,1612480,03/06/2021 10.00,1.365,0.416051987,26.1,1.486458333,296.9791667,2.227916667,74.85294118
268,194.45106321602242,1.4794953484868543,1.1054786900108513,W097,Waimānalo,Sample,28/06/2023,16.3,2023,June,23,PN268,17,1,21.326702,-157.681698,1456,2023_June,Dry,Waimānalo_Dry,0.766909533,Waxing gibbous,2.133906893,122.2638588,1612480,28/06/2023 16.30,0.909,0.277063191,25.2,1.789583333,76,2.322083333,64.57142857
269,148.3713608957795,1.1965321189512865,1.0414268396954887,W099,Waimānalo,Sample,28/06/2023,16.3,2023,June,23,PN269,17,2,21.326702,-157.681698,1456,2023_June,Dry,Waimānalo_Dry,0.766909533,Waxing gibbous,2.133906893,122.2638588,1612480,28/06/2023 16.30,0.909,0.277063191,25.2,1.789583333,76,2.322083333,64.57142857
270,150.85416488945071,1.227939257901925,1.0550175422197086,W101,Waimānalo,Sample,28/06/2023,16.3,2023,June,23,PN270,17,3,21.326702,-157.681698,1456,2023_June,Dry,Waimānalo_Dry,0.766909533,Waxing gibbous,2.133906893,122.2638588,1612480,28/06/2023 16.30,0.909,0.277063191,25.2,1.789583333,76,2.322083333,64.57142857
