"NMDS1","NMDS2","NMDS3","SAMPLE_ID","SAMPLE","SITE","TYPE","DATE","HOUR","YEAR","MONTH","MONTHS","MGAL_ID","STEP","REPLICATE","LAT","LON","TIME","YEAR_MONTH","SEASON","SITE_SEASON","illum","phase","radians","degrees","STATION","SAMPLED_DATETIME","tide_height_ft","tide_height_m","SST","WVHT","MWD","WSPD","WDIR"
-0.426569676937286,-0.174796974358107,-0.0573241198330503,"001","K001","Kāneʻohe","Sample","10/07/2019",11.4,2019,"July",0,"PN001",1,1,21.435115,-157.7867,7,"2019_July","Dry","Kāneʻohe_Dry",0.56844901,"First quarter",1.708125596,97.86838752,1612480,"10/07/2019 11.40",1.897,0.578205581,27.4,1.555833333,98.08695652,1.823430962,93.08786611
-0.421823415690499,-0.095090115267109,-0.0499262411245599,"002","K003","Kāneʻohe","Sample","10/07/2019",11.4,2019,"July",0,"PN002",1,2,21.435115,-157.7867,7,"2019_July","Dry","Kāneʻohe_Dry",0.56844901,"First quarter",1.708125596,97.86838752,1612480,"10/07/2019 11.40",1.897,0.578205581,27.4,1.555833333,98.08695652,1.823430962,93.08786611
-0.37030613777422,-0.0449216297970913,-0.0135638582694684,"003","K005","Kāneʻohe","Sample","10/07/2019",11.4,2019,"July",0,"PN003",1,3,21.435115,-157.7867,7,"2019_July","Dry","Kāneʻohe_Dry",0.56844901,"First quarter",1.708125596,97.86838752,1612480,"10/07/2019 11.40",1.897,0.578205581,27.4,1.555833333,98.08695652,1.823430962,93.08786611
-0.319355660789808,-0.00286894484399375,-0.0191901151414906,"005","K007","Kāneʻohe","Sample","19/09/2019",10.3,2019,"September",2,"PN005",2,1,21.435115,-157.7867,78,"2019_September","Dry","Kāneʻohe_Dry",0.723789221,"Waning gibbous",4.248333419,243.4115749,1612480,"19/09/2019 10.30",1.339,0.408127187,27.3,1.622083333,83.46808511,1.911715481,70.03361345
-0.286051960399783,0.0100241200900495,0.00623124719544639,"006","K009","Kāneʻohe","Sample","19/09/2019",10.3,2019,"September",2,"PN006",2,2,21.435115,-157.7867,78,"2019_September","Dry","Kāneʻohe_Dry",0.723789221,"Waning gibbous",4.248333419,243.4115749,1612480,"19/09/2019 10.30",1.339,0.408127187,27.3,1.622083333,83.46808511,1.911715481,70.03361345
-0.331506036163392,-0.00272632983335171,-0.00178799604948232,"007","K011","Kāneʻohe","Sample","19/09/2019",10.3,2019,"September",2,"PN007",2,3,21.435115,-157.7867,78,"2019_September","Dry","Kāneʻohe_Dry",0.723789221,"Waning gibbous",4.248333419,243.4115749,1612480,"19/09/2019 10.30",1.339,0.408127187,27.3,1.622083333,83.46808511,1.911715481,70.03361345
-0.389458314319685,-0.0301767077783308,-0.048336757488207,"009","K013","Kāneʻohe","Sample","21/11/2019",10.3,2019,"November",4,"PN009",3,1,21.435115,-157.7867,141,"2019_November","Wet","Kāneʻohe_Wet",0.317327881,"Last quarter",5.086391559,291.4287693,1612480,"21/11/2019 10.30",2.402,0.732129577,27.2,1.8475,67.95833333,1.988333333,82.52301255
-0.352854796571825,0.00468587109136774,-0.0145531811770751,"010","K015","Kāneʻohe","Sample","21/11/2019",10.3,2019,"November",4,"PN010",3,2,21.435115,-157.7867,141,"2019_November","Wet","Kāneʻohe_Wet",0.317327881,"Last quarter",5.086391559,291.4287693,1612480,"21/11/2019 10.30",2.402,0.732129577,27.2,1.8475,67.95833333,1.988333333,82.52301255
-0.373068385739557,0.012645109258456,-0.0497069264667919,"011","K017","Kāneʻohe","Sample","21/11/2019",10.3,2019,"November",4,"PN011",3,3,21.435115,-157.7867,141,"2019_November","Wet","Kāneʻohe_Wet",0.317327881,"Last quarter",5.086391559,291.4287693,1612480,"21/11/2019 10.30",2.402,0.732129577,27.2,1.8475,67.95833333,1.988333333,82.52301255
-0.340494285567799,0.0123913252063694,-0.0815632569265121,"013","K019","Kāneʻohe","Sample","12/02/2020",9.3,2020,"February",7,"PN013",4,1,21.435115,-157.7867,224,"2020_February","Wet","Kāneʻohe_Wet",0.864120028,"Waning gibbous",3.896638599,223.260946,1612480,"12/02/2020 9.30",0.916,0.279196791,24.2,2.685208333,196.8333333,1.604477612,166.2857143
-0.2537490596519,0.00912828349317467,0.0994504549306438,"014","K021","Kāneʻohe","Sample","12/02/2020",9.3,2020,"February",7,"PN014",4,2,21.435115,-157.7867,224,"2020_February","Wet","Kāneʻohe_Wet",0.864120028,"Waning gibbous",3.896638599,223.260946,1612480,"12/02/2020 9.30",0.916,0.279196791,24.2,2.685208333,196.8333333,1.604477612,166.2857143
-0.352578060821383,0.0414782839710335,-0.0180069608417614,"015","K023","Kāneʻohe","Sample","12/02/2020",9.3,2020,"February",7,"PN015",4,3,21.435115,-157.7867,224,"2020_February","Wet","Kāneʻohe_Wet",0.864120028,"Waning gibbous",3.896638599,223.260946,1612480,"12/02/2020 9.30",0.916,0.279196791,24.2,2.685208333,196.8333333,1.604477612,166.2857143
-0.318092853891627,0.0348266118920666,0.0894865939316319,"017","K025","Kāneʻohe","Sample","27/05/2020",10.3,2020,"May",10,"PN017",5,1,21.435115,-157.7867,329,"2020_May","Dry","Kāneʻohe_Dry",0.275259451,"Waxing crescent",1.104611961,63.28960337,1612480,"27/05/2020 10.30",0.312,0.095097597,25.7,1.214791667,121.3829787,1.59375,92.54201681
-0.344899038611709,0.0291047516050132,0.0619951719254286,"018","K027","Kāneʻohe","Sample","27/05/2020",10.3,2020,"May",10,"PN018",5,2,21.435115,-157.7867,329,"2020_May","Dry","Kāneʻohe_Dry",0.275259451,"Waxing crescent",1.104611961,63.28960337,1612480,"27/05/2020 10.30",0.312,0.095097597,25.7,1.214791667,121.3829787,1.59375,92.54201681
-0.268372831751444,0.0320721753004972,0.131077579753317,"019","K029","Kāneʻohe","Sample","27/05/2020",10.3,2020,"May",10,"PN019",5,3,21.435115,-157.7867,329,"2020_May","Dry","Kāneʻohe_Dry",0.275259451,"Waxing crescent",1.104611961,63.28960337,1612480,"27/05/2020 10.30",0.312,0.095097597,25.7,1.214791667,121.3829787,1.59375,92.54201681
-0.271764403604858,0.041817540810932,0.103896324357558,"021","K031","Kāneʻohe","Sample","26/06/2020",11,2020,"June",11,"PN021",6,1,21.435115,-157.7867,359,"2020_June","Dry","Kāneʻohe_Dry",0.32091442,"First quarter",1.204487965,69.0120769,1612480,"26/06/2020 11.00",0.837,0.255117592,26.1,1.663829787,78.14893617,2.064583333,79.62869198
-0.255251058305541,0.0859886016717256,0.10608748953729,"022","K033","Kāneʻohe","Sample","26/06/2020",11,2020,"June",11,"PN022",6,2,21.435115,-157.7867,359,"2020_June","Dry","Kāneʻohe_Dry",0.32091442,"First quarter",1.204487965,69.0120769,1612480,"26/06/2020 11.00",0.837,0.255117592,26.1,1.663829787,78.14893617,2.064583333,79.62869198
-0.2745957010754,0.047956349461897,0.0495281332447733,"023","K035","Kāneʻohe","Sample","26/06/2020",11,2020,"June",11,"PN023",6,3,21.435115,-157.7867,359,"2020_June","Dry","Kāneʻohe_Dry",0.32091442,"First quarter",1.204487965,69.0120769,1612480,"26/06/2020 11.00",0.837,0.255117592,26.1,1.663829787,78.14893617,2.064583333,79.62869198
-0.369807267118327,-0.0340437862081555,-0.0510468222749376,"025","K037","Kāneʻohe","Sample","31/07/2020",14,2020,"July",12,"PN025",7,1,21.435115,-157.7867,394,"2020_July","Dry","Kāneʻohe_Dry",0.857775026,"Waxing gibbous",2.368207522,135.688296,1612480,"31/07/2020 14.00",1.588,0.484022385,26.7,1.933617021,62.25531915,2.827111111,66.97333333
-0.271809066147498,-0.0194752087303364,0.0426924173328643,"026","K039","Kāneʻohe","Sample","31/07/2020",14,2020,"July",12,"PN026",7,2,21.435115,-157.7867,394,"2020_July","Dry","Kāneʻohe_Dry",0.857775026,"Waxing gibbous",2.368207522,135.688296,1612480,"31/07/2020 14.00",1.588,0.484022385,26.7,1.933617021,62.25531915,2.827111111,66.97333333
-0.370014950536099,-0.01439792058828,0.00344575380244938,"027","K041","Kāneʻohe","Sample","31/07/2020",14,2020,"July",12,"PN027",7,3,21.435115,-157.7867,394,"2020_July","Dry","Kāneʻohe_Dry",0.857775026,"Waxing gibbous",2.368207522,135.688296,1612480,"31/07/2020 14.00",1.588,0.484022385,26.7,1.933617021,62.25531915,2.827111111,66.97333333
-0.29350956371245,0.0195779657208326,0.0281495057386786,"029","K043","Kāneʻohe","Sample","27/08/2020",12,2020,"August",13,"PN029",8,1,21.435115,-157.7867,421,"2020_August","Dry","Kāneʻohe_Dry",0.628047867,"First quarter",1.829777395,104.8385222,1612480,"27/08/2020 12.00",2.691,0.820216774,26.7,1.305,55.8125,2.269565217,62.00434783
-0.29947009464769,-0.00668961819948108,0.0263103167053607,"030","K045","Kāneʻohe","Sample","27/08/2020",12,2020,"August",13,"PN030",8,2,21.435115,-157.7867,421,"2020_August","Dry","Kāneʻohe_Dry",0.628047867,"First quarter",1.829777395,104.8385222,1612480,"27/08/2020 12.00",2.691,0.820216774,26.7,1.305,55.8125,2.269565217,62.00434783
-0.227816352922748,0.0386567450353089,0.0522015567484286,"031","K047","Kāneʻohe","Sample","27/08/2020",12,2020,"August",13,"PN031",8,3,21.435115,-157.7867,421,"2020_August","Dry","Kāneʻohe_Dry",0.628047867,"First quarter",1.829777395,104.8385222,1612480,"27/08/2020 12.00",2.691,0.820216774,26.7,1.305,55.8125,2.269565217,62.00434783
-0.293546549779982,0.0392858888560377,0.0157802685691663,"033","K049","Kāneʻohe","Sample","30/09/2020",11,2020,"September",14,"PN033",9,1,21.435115,-157.7867,455,"2020_September","Dry","Kāneʻohe_Dry",0.967795982,"Full",2.780728241,159.3239922,1612480,"30/09/2020 11.00",1.926,0.587044781,27.1,1.383404255,139.9361702,1.859817352,166.5981735
-0.322794392663557,0.0269835715565851,-0.00607544128906027,"034","K051","Kāneʻohe","Sample","30/09/2020",11,2020,"September",14,"PN034",9,2,21.435115,-157.7867,455,"2020_September","Dry","Kāneʻohe_Dry",0.967795982,"Full",2.780728241,159.3239922,1612480,"30/09/2020 11.00",1.926,0.587044781,27.1,1.383404255,139.9361702,1.859817352,166.5981735
-0.313337375944887,0.0222089198665738,-0.0174262167259166,"035","K053","Kāneʻohe","Sample","30/09/2020",11,2020,"September",14,"PN035",9,3,21.435115,-157.7867,455,"2020_September","Dry","Kāneʻohe_Dry",0.967795982,"Full",2.780728241,159.3239922,1612480,"30/09/2020 11.00",1.926,0.587044781,27.1,1.383404255,139.9361702,1.859817352,166.5981735
-0.406565965125591,-0.12787505118261,-0.176143956377018,"037","K055","Kāneʻohe","Sample","29/10/2020",11,2020,"October",15,"PN037",10,1,21.435115,-157.7867,484,"2020_October","Dry","Kāneʻohe_Dry",0.944930226,"Waxing gibbous",2.667835535,152.8557166,1612480,"29/10/2020 11.00",2.202,0.671169579,27.7,1.079583333,120.75,1.992237443,174.1238532
-0.416710940959805,-0.15708117202969,-0.146660680004488,"038","K057","Kāneʻohe","Sample","29/10/2020",11,2020,"October",15,"PN038",10,2,21.435115,-157.7867,484,"2020_October","Dry","Kāneʻohe_Dry",0.944930226,"Waxing gibbous",2.667835535,152.8557166,1612480,"29/10/2020 11.00",2.202,0.671169579,27.7,1.079583333,120.75,1.992237443,174.1238532
-0.31831051054867,-0.0697036159058685,-0.0440639258860053,"039","K059","Kāneʻohe","Sample","29/10/2020",11,2020,"October",15,"PN039",10,3,21.435115,-157.7867,484,"2020_October","Dry","Kāneʻohe_Dry",0.944930226,"Waxing gibbous",2.667835535,152.8557166,1612480,"29/10/2020 11.00",2.202,0.671169579,27.7,1.079583333,120.75,1.992237443,174.1238532
-0.24861727442652,0.107842418118946,0.1330008110242,"041","K061","Kāneʻohe","Sample","30/11/2020",11,2020,"November",16,"PN041",11,1,21.435115,-157.7867,516,"2020_November","Wet","Kāneʻohe_Wet",0.999333055,"Full",3.19324896,182.9596883,1612480,"30/11/2020 11.00",1.618,0.493166384,26.2,1.889375,82.70833333,1.510697674,86.20187793
-0.261441264646261,0.0939121413832272,0.045523273817667,"042","K063","Kāneʻohe","Sample","30/11/2020",11,2020,"November",16,"PN042",11,2,21.435115,-157.7867,516,"2020_November","Wet","Kāneʻohe_Wet",0.999333055,"Full",3.19324896,182.9596883,1612480,"30/11/2020 11.00",1.618,0.493166384,26.2,1.889375,82.70833333,1.510697674,86.20187793
-0.242956704902164,0.0910199118086859,0.0680932094141163,"043","K065","Kāneʻohe","Sample","30/11/2020",11,2020,"November",16,"PN043",11,3,21.435115,-157.7867,516,"2020_November","Wet","Kāneʻohe_Wet",0.999333055,"Full",3.19324896,182.9596883,1612480,"30/11/2020 11.00",1.618,0.493166384,26.2,1.889375,82.70833333,1.510697674,86.20187793
-0.334275244225889,0.0312484946177872,-0.16689115155963,"045","K067","Kāneʻohe","Sample","28/12/2020",10.3,2020,"December",17,"PN045",12,1,21.435115,-157.7867,544,"2020_December","Wet","Kāneʻohe_Wet",0.98134744,"Full",2.867587544,164.3006636,1612480,"28/12/2020 10.30",1.46,0.445007986,25.9,2.421666667,65.66666667,1.488983051,139.1694915
-0.287300097646845,0.0427420012824227,-0.0636976067512117,"046","K069","Kāneʻohe","Sample","28/12/2020",10.3,2020,"December",17,"PN046",12,2,21.435115,-157.7867,544,"2020_December","Wet","Kāneʻohe_Wet",0.98134744,"Full",2.867587544,164.3006636,1612480,"28/12/2020 10.30",1.46,0.445007986,25.9,2.421666667,65.66666667,1.488983051,139.1694915
-0.316639813264437,0.0505335388164563,0.00575034836910821,"047","K071","Kāneʻohe","Sample","28/12/2020",10.3,2020,"December",17,"PN047",12,3,21.435115,-157.7867,544,"2020_December","Wet","Kāneʻohe_Wet",0.98134744,"Full",2.867587544,164.3006636,1612480,"28/12/2020 10.30",1.46,0.445007986,25.9,2.421666667,65.66666667,1.488983051,139.1694915
-0.272723628836959,-0.0146864215524511,0.081801665225175,"049","K073","Kāneʻohe","Sample","19/01/2021",10.3,2021,"January",18,"PN049",13,1,21.435115,-157.7867,566,"2021_January","Wet","Kāneʻohe_Wet",0.349623333,"First quarter",1.265313865,72.49714423,1612480,"19/01/2021 10.30",1.441,0.439216786,25.2,3.227708333,51.66666667,2.647826087,119.0043478
-0.295442631610938,0.0068830720209161,0.0521399068719941,"050","K075","Kāneʻohe","Sample","19/01/2021",10.3,2021,"January",18,"PN050",13,2,21.435115,-157.7867,566,"2021_January","Wet","Kāneʻohe_Wet",0.349623333,"First quarter",1.265313865,72.49714423,1612480,"19/01/2021 10.30",1.441,0.439216786,25.2,3.227708333,51.66666667,2.647826087,119.0043478
-0.288401315782297,-0.00296381044382749,0.0847692177232082,"051","K077","Kāneʻohe","Sample","19/01/2021",10.3,2021,"January",18,"PN051",13,3,21.435115,-157.7867,566,"2021_January","Wet","Kāneʻohe_Wet",0.349623333,"First quarter",1.265313865,72.49714423,1612480,"19/01/2021 10.30",1.441,0.439216786,25.2,3.227708333,51.66666667,2.647826087,119.0043478
-0.0256800866806232,-0.371399338585464,-0.216892864662304,"053","L001","Lanikai","Sample","16/07/2019",10.3,2019,"July",0,"PN053",1,1,21.392735,-157.714014,13,"2019_July","Dry","Lanikai_Dry",0.993861744,"Full",2.984737858,171.0128822,1612480,"16/07/2019 10.30",0.778,0.237134392,27.6,1.285625,79.70833333,2.294067797,75.57627119
-0.0184124313368518,-0.353040141401156,-0.267605624098621,"054","L003","Lanikai","Sample","16/07/2019",10.3,2019,"July",0,"PN054",1,2,21.392735,-157.714014,13,"2019_July","Dry","Lanikai_Dry",0.993861744,"Full",2.984737858,171.0128822,1612480,"16/07/2019 10.30",0.778,0.237134392,27.6,1.285625,79.70833333,2.294067797,75.57627119
-0.034815162117672,-0.322774751797255,0.246454009685919,"055","L005","Lanikai","Sample","16/07/2019",10.3,2019,"July",0,"PN055",1,3,21.392735,-157.714014,13,"2019_July","Dry","Lanikai_Dry",0.993861744,"Full",2.984737858,171.0128822,1612480,"16/07/2019 10.30",0.778,0.237134392,27.6,1.285625,79.70833333,2.294067797,75.57627119
0.0754710581565962,-0.128019035542087,-0.0996368911947299,"057","L007","Lanikai","Sample","18/09/2019",10.3,2019,"September",2,"PN057",2,1,21.392735,-157.714014,77,"2019_September","Dry","Lanikai_Dry",0.813160249,"Waning gibbous",4.035564709,231.2208258,1612480,"18/09/2019 10.30",1.149,0.350215189,27.4,1.620416667,83.89130435,2.215062762,75.96581197
0.0307719412596222,-0.141910445374402,-0.268496039404,"058","L009","Lanikai","Sample","18/09/2019",10.3,2019,"September",2,"PN058",2,2,21.392735,-157.714014,77,"2019_September","Dry","Lanikai_Dry",0.813160249,"Waning gibbous",4.035564709,231.2208258,1612480,"18/09/2019 10.30",1.149,0.350215189,27.4,1.620416667,83.89130435,2.215062762,75.96581197
0.08106287151289,-0.145851540166222,-0.106341157619806,"059","L011","Lanikai","Sample","18/09/2019",10.3,2019,"September",2,"PN059",2,3,21.392735,-157.714014,77,"2019_September","Dry","Lanikai_Dry",0.813160249,"Waning gibbous",4.035564709,231.2208258,1612480,"18/09/2019 10.30",1.149,0.350215189,27.4,1.620416667,83.89130435,2.215062762,75.96581197
0.0675328851488616,-0.204774523400953,0.12491517995732,"061","L013","Lanikai","Sample","26/11/2019",9.3,2019,"November",4,"PN061",3,1,21.392735,-157.714014,146,"2019_November","Wet","Lanikai_Wet",0.004412434,"New",6.150235111,352.3825149,1612480,"26/11/2019 9.30",1.375,0.419099987,26.8,2.224583333,54.0625,1.498333333,103.7394958
0.104277979007576,-0.136595770298907,0.0411987888571591,"062","L015","Lanikai","Sample","26/11/2019",9.3,2019,"November",4,"PN062",3,2,21.392735,-157.714014,146,"2019_November","Wet","Lanikai_Wet",0.004412434,"New",6.150235111,352.3825149,1612480,"26/11/2019 9.30",1.375,0.419099987,26.8,2.224583333,54.0625,1.498333333,103.7394958
0.0457524229245157,-0.22617786290943,0.062876500767217,"063","L017","Lanikai","Sample","26/11/2019",9.3,2019,"November",4,"PN063",3,3,21.392735,-157.714014,146,"2019_November","Wet","Lanikai_Wet",0.004412434,"New",6.150235111,352.3825149,1612480,"26/11/2019 9.30",1.375,0.419099987,26.8,2.224583333,54.0625,1.498333333,103.7394958
0.101009670060377,-0.0889909083592354,0.0653181995859032,"065","L019","Lanikai","Sample","05/02/2020",10,2020,"February",7,"PN065",4,1,21.392735,-157.714014,217,"2020_February","Wet","Lanikai_Wet",0.871138256,"Waxing gibbous",2.407257627,137.9257022,1612480,"05/02/2020 10.00",1.313,0.400202387,24.8,1.589574468,55.06382979,1.522413793,133.8965517
0.118444634392295,-0.134468086183702,0.0944691695270281,"066","L021","Lanikai","Sample","05/02/2020",10,2020,"February",7,"PN066",4,2,21.392735,-157.714014,217,"2020_February","Wet","Lanikai_Wet",0.871138256,"Waxing gibbous",2.407257627,137.9257022,1612480,"05/02/2020 10.00",1.313,0.400202387,24.8,1.589574468,55.06382979,1.522413793,133.8965517
0.120565407807226,-0.0738450841037864,0.108948366118402,"067","L023","Lanikai","Sample","05/02/2020",10,2020,"February",7,"PN067",4,3,21.392735,-157.714014,217,"2020_February","Wet","Lanikai_Wet",0.871138256,"Waxing gibbous",2.407257627,137.9257022,1612480,"05/02/2020 10.00",1.313,0.400202387,24.8,1.589574468,55.06382979,1.522413793,133.8965517
0.21839414873842,-0.196559102252836,-0.128571641257759,"069","L025","Lanikai","Sample","26/05/2020",13,2020,"May",10,"PN069",5,1,21.392735,-157.714014,328,"2020_May","Dry","Lanikai_Dry",0.18601069,"Waxing crescent",0.891843251,51.09885425,1612480,"26/05/2020 13.00",1.057,0.32217359,25.7,1.287708333,275.1041667,1.738333333,132.4333333
0.17730397069983,-0.170824043870727,-0.0991467152775738,"070","L027","Lanikai","Sample","26/05/2020",13,2020,"May",10,"PN070",5,2,21.392735,-157.714014,328,"2020_May","Dry","Lanikai_Dry",0.18601069,"Waxing crescent",0.891843251,51.09885425,1612480,"26/05/2020 13.00",1.057,0.32217359,25.7,1.287708333,275.1041667,1.738333333,132.4333333
0.207084085914876,-0.201962765920065,0.00391563291391296,"071","L029","Lanikai","Sample","26/05/2020",13,2020,"May",10,"PN071",5,3,21.392735,-157.714014,328,"2020_May","Dry","Lanikai_Dry",0.18601069,"Waxing crescent",0.891843251,51.09885425,1612480,"26/05/2020 13.00",1.057,0.32217359,25.7,1.287708333,275.1041667,1.738333333,132.4333333
0.105246345182187,-0.170249225022822,-0.0383578900462226,"073","L031","Lanikai","Sample","25/06/2020",12.3,2020,"June",11,"PN073",6,1,21.392735,-157.714014,358,"2020_June","Dry","Lanikai_Dry",0.226374146,"Waxing crescent",0.991719255,56.82132778,1612480,"25/06/2020 12.30",0.932,0.284073591,25.9,1.797083333,70.97916667,2.130833333,83.19246862
0.143020930502312,-0.2544576862521,-0.0853201740915955,"074","L033","Lanikai","Sample","25/06/2020",12.3,2020,"June",11,"PN074",6,2,21.392735,-157.714014,358,"2020_June","Dry","Lanikai_Dry",0.226374146,"Waxing crescent",0.991719255,56.82132778,1612480,"25/06/2020 12.30",0.932,0.284073591,25.9,1.797083333,70.97916667,2.130833333,83.19246862
0.140209731045256,-0.176559534908838,-0.114918925455852,"075","L035","Lanikai","Sample","25/06/2020",12.3,2020,"June",11,"PN075",6,3,21.392735,-157.714014,358,"2020_June","Dry","Lanikai_Dry",0.226374146,"Waxing crescent",0.991719255,56.82132778,1612480,"25/06/2020 12.30",0.932,0.284073591,25.9,1.797083333,70.97916667,2.130833333,83.19246862
0.144080033298498,-0.23155011165466,-0.0390297774543441,"077","L037","Lanikai","Sample","24/07/2020",11.3,2020,"July",12,"PN077",7,1,21.392735,-157.714014,387,"2020_July","Dry","Lanikai_Dry",0.180972435,"Waxing crescent",0.878826549,50.35305219,1612480,"24/07/2020 11.30",0.935,0.284987991,26.9,1.742765957,52.12765957,2.248826291,72.85714286
0.125712075086772,-0.225679226354763,-0.159042248894302,"078","L039","Lanikai","Sample","24/07/2020",11.3,2020,"July",12,"PN078",7,2,21.392735,-157.714014,387,"2020_July","Dry","Lanikai_Dry",0.180972435,"Waxing crescent",0.878826549,50.35305219,1612480,"24/07/2020 11.30",0.935,0.284987991,26.9,1.742765957,52.12765957,2.248826291,72.85714286
0.124211585710132,-0.159915951922452,-0.0748140198685471,"079","L041","Lanikai","Sample","24/07/2020",11.3,2020,"July",12,"PN079",7,3,21.392735,-157.714014,387,"2020_July","Dry","Lanikai_Dry",0.180972435,"Waxing crescent",0.878826549,50.35305219,1612480,"24/07/2020 11.30",0.935,0.284987991,26.9,1.742765957,52.12765957,2.248826291,72.85714286
0.0483322875388474,-0.0838288417013845,0.102961443265277,"081","L043","Lanikai","Sample","26/08/2020",9.45,2020,"August",13,"PN081",8,1,21.392735,-157.714014,420,"2020_August","Dry","Lanikai_Dry",0.523097956,"First quarter",1.617008685,92.64777307,1612480,"26/08/2020 9.45",2.428,0.740054376,26.8,1.237291667,82.08333333,2.060810811,99.24311927
0.052573429304442,-0.103458483401784,0.0857990210983524,"082","L045","Lanikai","Sample","26/08/2020",9.45,2020,"August",13,"PN082",8,2,21.392735,-157.714014,420,"2020_August","Dry","Lanikai_Dry",0.523097956,"First quarter",1.617008685,92.64777307,1612480,"26/08/2020 9.45",2.428,0.740054376,26.8,1.237291667,82.08333333,2.060810811,99.24311927
0.0761775462253892,-0.0707511140891282,0.0743043209418881,"083","L047","Lanikai","Sample","26/08/2020",9.45,2020,"August",13,"PN083",8,3,21.392735,-157.714014,420,"2020_August","Dry","Lanikai_Dry",0.523097956,"First quarter",1.617008685,92.64777307,1612480,"26/08/2020 9.45",2.428,0.740054376,26.8,1.237291667,82.08333333,2.060810811,99.24311927
0.117111565536311,-0.192316248715622,0.0102950797970212,"085","L049","Lanikai","Sample","24/09/2020",11.15,2020,"September",14,"PN085",9,1,21.392735,-157.714014,449,"2020_September","Dry","Lanikai_Dry",0.466684527,"First quarter",1.504115979,86.17949747,1612480,"24/09/2020 11.15",2.556,0.779068775,27,1.694791667,167.6458333,2.628378378,76.49545455
0.130246187399885,-0.186474538152891,0.00852424219089533,"086","L051","Lanikai","Sample","24/09/2020",11.15,2020,"September",14,"PN086",9,2,21.392735,-157.714014,449,"2020_September","Dry","Lanikai_Dry",0.466684527,"First quarter",1.504115979,86.17949747,1612480,"24/09/2020 11.15",2.556,0.779068775,27,1.694791667,167.6458333,2.628378378,76.49545455
0.075748435334128,-0.124618142277702,0.107288671369046,"087","L053","Lanikai","Sample","24/09/2020",11.15,2020,"September",14,"PN087",9,3,21.392735,-157.714014,449,"2020_September","Dry","Lanikai_Dry",0.466684527,"First quarter",1.504115979,86.17949747,1612480,"24/09/2020 11.15",2.556,0.779068775,27,1.694791667,167.6458333,2.628378378,76.49545455
0.074401022752818,-0.12949804010266,0.0785287712382129,"089","L055","Lanikai","Sample","26/10/2020",10.45,2020,"October",15,"PN089",10,1,21.392735,-157.714014,481,"2020_October","Dry","Lanikai_Dry",0.721406261,"Waxing gibbous",2.029529404,116.2834692,1612480,"26/10/2020 10.45",2.605,0.794003975,27.7,1.528333333,79.375,1.662441315,188.0471698
0.119379014326395,-0.131996661563795,0.058194271641921,"090","L057","Lanikai","Sample","26/10/2020",10.45,2020,"October",15,"PN090",10,2,21.392735,-157.714014,481,"2020_October","Dry","Lanikai_Dry",0.721406261,"Waxing gibbous",2.029529404,116.2834692,1612480,"26/10/2020 10.45",2.605,0.794003975,27.7,1.528333333,79.375,1.662441315,188.0471698
0.0692464487413001,-0.108441174925468,0.0565432275984498,"091","L059","Lanikai","Sample","26/10/2020",10.45,2020,"October",15,"PN091",10,3,21.392735,-157.714014,481,"2020_October","Dry","Lanikai_Dry",0.721406261,"Waxing gibbous",2.029529404,116.2834692,1612480,"26/10/2020 10.45",2.605,0.794003975,27.7,1.528333333,79.375,1.662441315,188.0471698
0.101733254409585,-0.0722580293059565,0.11262428069742,"093","L061","Lanikai","Sample","27/11/2020",11.3,2020,"November",16,"PN093",11,1,21.392735,-157.714014,513,"2020_November","Wet","Lanikai_Wet",0.91639996,"Waxing gibbous",2.554942829,146.387441,1612480,"27/11/2020 11.30",1.966,0.599236781,26.3,1.934791667,80.33333333,2.961574074,54.16666667
0.0911941506492288,-0.0669256832211788,0.0819353379776995,"094","L063","Lanikai","Sample","27/11/2020",11.3,2020,"November",16,"PN094",11,2,21.392735,-157.714014,513,"2020_November","Wet","Lanikai_Wet",0.91639996,"Waxing gibbous",2.554942829,146.387441,1612480,"27/11/2020 11.30",1.966,0.599236781,26.3,1.934791667,80.33333333,2.961574074,54.16666667
0.112315083146086,-0.0781275410500263,0.124775227701966,"095","L065","Lanikai","Sample","27/11/2020",11.3,2020,"November",16,"PN095",11,3,21.392735,-157.714014,513,"2020_November","Wet","Lanikai_Wet",0.91639996,"Waxing gibbous",2.554942829,146.387441,1612480,"27/11/2020 11.30",1.966,0.599236781,26.3,1.934791667,80.33333333,2.961574074,54.16666667
0.0611233330011383,-0.207502340347281,0.0191317887735728,"097","L067","Lanikai","Sample","21/12/2020",10.3,2020,"December",17,"PN097",12,1,21.392735,-157.714014,537,"2020_December","Wet","Lanikai_Wet",0.404299295,"First quarter",1.378206571,78.96541982,1612480,"21/12/2020 10.30",2.005,0.61112398,26,1.962682927,80.65853659,1.753947368,90.57777778
0.0565127739787453,-0.293137410897333,-0.0690148387413769,"098","L069","Lanikai","Sample","21/12/2020",10.3,2020,"December",17,"PN098",12,2,21.392735,-157.714014,537,"2020_December","Wet","Lanikai_Wet",0.404299295,"First quarter",1.378206571,78.96541982,1612480,"21/12/2020 10.30",2.005,0.61112398,26,1.962682927,80.65853659,1.753947368,90.57777778
0.16562801066541,-0.183158358731603,0.0615066172306833,"099","L071","Lanikai","Sample","21/12/2020",10.3,2020,"December",17,"PN099",12,3,21.392735,-157.714014,537,"2020_December","Wet","Lanikai_Wet",0.404299295,"First quarter",1.378206571,78.96541982,1612480,"21/12/2020 10.30",2.005,0.61112398,26,1.962682927,80.65853659,1.753947368,90.57777778
0.116649225923888,-0.105063327585083,0.101831910815494,"101","L073","Lanikai","Sample","14/01/2021",10.3,2021,"January",18,"PN101",13,1,21.392735,-157.714014,561,"2021_January","Wet","Lanikai_Wet",0.010113294,"New",0.201470313,11.54339864,1612480,"14/01/2021 10.30",1.355,0.413003987,25.4,2.14375,330.3541667,1.857964602,120.1238938
0.0920508465113374,-0.10635172853644,0.138425860751099,"102","L075","Lanikai","Sample","14/01/2021",10.3,2021,"January",18,"PN102",13,2,21.392735,-157.714014,561,"2021_January","Wet","Lanikai_Wet",0.010113294,"New",0.201470313,11.54339864,1612480,"14/01/2021 10.30",1.355,0.413003987,25.4,2.14375,330.3541667,1.857964602,120.1238938
0.0242728793096764,-0.17719769553185,0.154696106555889,"103","L077","Lanikai","Sample","14/01/2021",10.3,2021,"January",18,"PN103",13,3,21.392735,-157.714014,561,"2021_January","Wet","Lanikai_Wet",0.010113294,"New",0.201470313,11.54339864,1612480,"14/01/2021 10.30",1.355,0.413003987,25.4,2.14375,330.3541667,1.857964602,120.1238938
0.0796897579908321,0.125086180518606,-0.0340974561604478,"105","M001","Maunalua","Sample","03/07/2019",11,2019,"July",0,"PN105",1,1,21.274484,-157.760817,0,"2019_July","Dry","Maunalua_Dry",0.01191468,"New",0.218744623,12.5331437,1612340,"03/07/2019 11.00",0.082,0.024993599,27.6,1.278958333,79.60416667,1.632916667,119.4556962
0.0323790859164744,0.161487101922259,-0.100843660619948,"109","M007","Maunalua","Sample","12/09/2019",9.3,2019,"September",2,"PN109",2,1,21.274484,-157.760817,71,"2019_September","Dry","Maunalua_Dry",0.963841047,"Full",2.758952446,158.076331,1612340,"12/09/2019 9.30",0.614,0.187147194,28.1,1.407083333,72.52083333,1.962184874,101.8781513
0.00308995379924927,0.19642665660423,-0.147777140745492,"110","M009","Maunalua","Sample","12/09/2019",9.3,2019,"September",2,"PN110",2,2,21.274484,-157.760817,71,"2019_September","Dry","Maunalua_Dry",0.963841047,"Full",2.758952446,158.076331,1612340,"12/09/2019 9.30",0.614,0.187147194,28.1,1.407083333,72.52083333,1.962184874,101.8781513
0.0721811607039039,0.188677532100104,-0.134041971549505,"111","M011","Maunalua","Sample","12/09/2019",9.3,2019,"September",2,"PN111",2,3,21.274484,-157.760817,71,"2019_September","Dry","Maunalua_Dry",0.963841047,"Full",2.758952446,158.076331,1612340,"12/09/2019 9.30",0.614,0.187147194,28.1,1.407083333,72.52083333,1.962184874,101.8781513
0.0784002691038903,0.136816279737767,-0.096093559337576,"113","M013","Maunalua","Sample","27/11/2019",12.3,2019,"November",4,"PN113",3,1,21.274484,-157.760817,147,"2019_November","Wet","Maunalua_Wet",0.001591903,"New",0.079818514,4.573263979,1612340,"27/11/2019 12.30",0.738,0.224942393,27.1,2.236041667,54.27083333,1.815416667,158.2416667
0.102764645524297,0.129776673806961,-0.0551909276499292,"114","M015","Maunalua","Sample","27/11/2019",12.3,2019,"November",4,"PN114",3,2,21.274484,-157.760817,147,"2019_November","Wet","Maunalua_Wet",0.001591903,"New",0.079818514,4.573263979,1612340,"27/11/2019 12.30",0.738,0.224942393,27.1,2.236041667,54.27083333,1.815416667,158.2416667
0.0460317211416454,0.207629799104987,-0.163835185662313,"115","M017","Maunalua","Sample","27/11/2019",12.3,2019,"November",4,"PN115",3,3,21.274484,-157.760817,147,"2019_November","Wet","Maunalua_Wet",0.001591903,"New",0.079818514,4.573263979,1612340,"27/11/2019 12.30",0.738,0.224942393,27.1,2.236041667,54.27083333,1.815416667,158.2416667
0.0808122369505628,0.162703770815196,-0.00764952961783413,"117","M019","Maunalua","Sample","13/02/2020",9.3,2020,"February",7,"PN117",4,1,21.274484,-157.760817,225,"2020_February","Wet","Maunalua_Wet",0.783550419,"Waning gibbous",4.10940731,235.4516951,1612340,"13/02/2020 9.30",1.27,0.387095988,24.2,2.605531915,45.34042553,1.733333333,109.4351145
0.11680325732208,0.157631699883495,0.00103997601245944,"118","M021","Maunalua","Sample","13/02/2020",9.3,2020,"February",7,"PN118",4,2,21.274484,-157.760817,225,"2020_February","Wet","Maunalua_Wet",0.783550419,"Waning gibbous",4.10940731,235.4516951,1612340,"13/02/2020 9.30",1.27,0.387095988,24.2,2.605531915,45.34042553,1.733333333,109.4351145
0.0798418969415366,0.178206952491035,-0.0162403003183296,"119","M023","Maunalua","Sample","13/02/2020",9.3,2020,"February",7,"PN119",4,3,21.274484,-157.760817,225,"2020_February","Wet","Maunalua_Wet",0.783550419,"Waning gibbous",4.10940731,235.4516951,1612340,"13/02/2020 9.30",1.27,0.387095988,24.2,2.605531915,45.34042553,1.733333333,109.4351145
0.0504926000117962,0.123070766809141,-0.0190748331528494,"121","M025","Maunalua","Sample","25/05/2020",10.45,2020,"May",10,"PN121",5,1,21.274484,-157.760817,327,"2020_May","Dry","Maunalua_Dry",0.110922846,"Waxing crescent",0.67907454,38.90810514,1612340,"25/05/2020 10.45",0.256,0.078028798,26.1,1.413125,188.2291667,1.839583333,129.2468619
0.0701328159104804,0.126118641319761,-0.0140047382566128,"122","M027","Maunalua","Sample","25/05/2020",10.45,2020,"May",10,"PN122",5,2,21.274484,-157.760817,327,"2020_May","Dry","Maunalua_Dry",0.110922846,"Waxing crescent",0.67907454,38.90810514,1612340,"25/05/2020 10.45",0.256,0.078028798,26.1,1.413125,188.2291667,1.839583333,129.2468619
0.0796975063386039,0.118735765169853,-0.00778193655347418,"123","M029","Maunalua","Sample","25/05/2020",10.45,2020,"May",10,"PN123",5,3,21.274484,-157.760817,327,"2020_May","Dry","Maunalua_Dry",0.110922846,"Waxing crescent",0.67907454,38.90810514,1612340,"25/05/2020 10.45",0.256,0.078028798,26.1,1.413125,188.2291667,1.839583333,129.2468619
0.097074346051616,0.120993062793664,-0.0323219458583185,"125","M031","Maunalua","Sample","29/06/2020",11.3,2020,"June",11,"PN125",6,1,21.274484,-157.760817,362,"2020_June","Dry","Maunalua_Dry",0.634328148,"First quarter",1.842794097,105.5843242,1612340,"29/06/2020 11.30",2.057,0.62697358,27.1,1.300208333,53.14583333,1.7175,91.63291139
0.130435442673139,0.132888466972667,-0.0244092357432703,"126","M033","Maunalua","Sample","29/06/2020",11.3,2020,"June",11,"PN126",6,2,21.274484,-157.760817,362,"2020_June","Dry","Maunalua_Dry",0.634328148,"First quarter",1.842794097,105.5843242,1612340,"29/06/2020 11.30",2.057,0.62697358,27.1,1.300208333,53.14583333,1.7175,91.63291139
0.105738201392081,0.134174333043282,0.0319264067429019,"127","M035","Maunalua","Sample","29/06/2020",11.3,2020,"June",11,"PN127",6,3,21.274484,-157.760817,362,"2020_June","Dry","Maunalua_Dry",0.634328148,"First quarter",1.842794097,105.5843242,1612340,"29/06/2020 11.30",2.057,0.62697358,27.1,1.300208333,53.14583333,1.7175,91.63291139
0.110530723194994,0.137107927475533,0.016350870330437,"129","M037","Maunalua","Sample","29/07/2020",11.3,2020,"July",12,"PN129",7,1,21.274484,-157.760817,392,"2020_July","Dry","Maunalua_Dry",0.681680884,"First quarter",1.942670101,111.3067978,1612340,"29/07/2020 11.30",2.497,0.761085576,27.1,2.053617021,69.68085106,2.326086957,64.8115942
0.103150988053404,0.126610202313981,0.0297473400520162,"130","M039","Maunalua","Sample","29/07/2020",11.3,2020,"July",12,"PN130",7,2,21.274484,-157.760817,392,"2020_July","Dry","Maunalua_Dry",0.681680884,"First quarter",1.942670101,111.3067978,1612340,"29/07/2020 11.30",2.497,0.761085576,27.1,2.053617021,69.68085106,2.326086957,64.8115942
0.100075106643937,0.114262189575504,0.00818719718395682,"131","M041","Maunalua","Sample","29/07/2020",11.3,2020,"July",12,"PN131",7,3,21.274484,-157.760817,392,"2020_July","Dry","Maunalua_Dry",0.681680884,"First quarter",1.942670101,111.3067978,1612340,"29/07/2020 11.30",2.497,0.761085576,27.1,2.053617021,69.68085106,2.326086957,64.8115942
0.0700070611678792,0.118796700277285,-0.0502533588912785,"133","M043","Maunalua","Sample","25/08/2020",12.3,2020,"August",13,"PN133",8,1,21.274484,-157.760817,419,"2020_August","Dry","Maunalua_Dry",0.417106327,"First quarter",1.404239974,80.45702395,1612340,"25/08/2020 12.30",2.136,0.651052779,27.4,1.318085106,86.46808511,1.87027027,101.0727273
0.0684646690902602,0.112730595038349,-0.0679804534666392,"134","M045","Maunalua","Sample","25/08/2020",12.3,2020,"August",13,"PN134",8,2,21.274484,-157.760817,419,"2020_August","Dry","Maunalua_Dry",0.417106327,"First quarter",1.404239974,80.45702395,1612340,"25/08/2020 12.30",2.136,0.651052779,27.4,1.318085106,86.46808511,1.87027027,101.0727273
0.10871338927062,0.108394405467896,-0.0467167531758982,"135","M047","Maunalua","Sample","25/08/2020",12.3,2020,"August",13,"PN135",8,3,21.274484,-157.760817,419,"2020_August","Dry","Maunalua_Dry",0.417106327,"First quarter",1.404239974,80.45702395,1612340,"25/08/2020 12.30",2.136,0.651052779,27.4,1.318085106,86.46808511,1.87027027,101.0727273
0.063987848694926,0.128907020109145,-0.0682911118327094,"137","M049","Maunalua","Sample","22/09/2020",12.3,2020,"September",14,"PN137",9,1,21.274484,-157.760817,447,"2020_September","Dry","Maunalua_Dry",0.26370923,"Waxing crescent",1.078578558,61.79799924,1612340,"22/09/2020 12.30",1.637,0.498957584,27.2,1.422173913,56.80434783,2.06372093,63.89252336
0.0756201317982886,0.155087779722691,-0.0654992362953638,"138","M051","Maunalua","Sample","22/09/2020",12.3,2020,"September",14,"PN138",9,2,21.274484,-157.760817,447,"2020_September","Dry","Maunalua_Dry",0.26370923,"Waxing crescent",1.078578558,61.79799924,1612340,"22/09/2020 12.30",1.637,0.498957584,27.2,1.422173913,56.80434783,2.06372093,63.89252336
0.0901086811351713,0.1282115849784,-0.0724718732046367,"139","M053","Maunalua","Sample","22/09/2020",12.3,2020,"September",14,"PN139",9,3,21.274484,-157.760817,447,"2020_September","Dry","Maunalua_Dry",0.26370923,"Waxing crescent",1.078578558,61.79799924,1612340,"22/09/2020 12.30",1.637,0.498957584,27.2,1.422173913,56.80434783,2.06372093,63.89252336
0.00885129082442189,0.275783210414048,-0.141686732715173,"141","M055","Maunalua","Sample","30/10/2020",10.3,2020,"October",15,"PN141",10,1,21.274484,-157.760817,485,"2020_October","Dry","Maunalua_Dry",0.983067703,"Full",2.880604245,165.0464657,1612340,"30/10/2020 10.30",1.07,0.32613599,27.6,1.249791667,209.7708333,3.136403509,239.8502203
0.048181867223695,0.227803122264,-0.0870657306713631,"142","M057","Maunalua","Sample","30/10/2020",10.3,2020,"October",15,"PN142",10,2,21.274484,-157.760817,485,"2020_October","Dry","Maunalua_Dry",0.983067703,"Full",2.880604245,165.0464657,1612340,"30/10/2020 10.30",1.07,0.32613599,27.6,1.249791667,209.7708333,3.136403509,239.8502203
0.00426349376002431,0.235477506015132,-0.0960413272658764,"143","M059","Maunalua","Sample","30/10/2020",10.3,2020,"October",15,"PN143",10,3,21.274484,-157.760817,485,"2020_October","Dry","Maunalua_Dry",0.983067703,"Full",2.880604245,165.0464657,1612340,"30/10/2020 10.30",1.07,0.32613599,27.6,1.249791667,209.7708333,3.136403509,239.8502203
0.131045123451543,0.153105230432726,-0.0033490925611301,"145","M061","Maunalua","Sample","23/11/2020",10.3,2020,"November",16,"PN145",11,1,21.274484,-157.760817,509,"2020_November","Wet","Maunalua_Wet",0.566339634,"First quarter",1.703867987,97.62444453,1612340,"23/11/2020 10.30",1.962,0.598017581,26.1,3.039166667,66.04166667,2.65745614,73.29646018
0.115815215896234,0.134620011853498,-0.00523644586913077,"146","M063","Maunalua","Sample","23/11/2020",10.3,2020,"November",16,"PN146",11,2,21.274484,-157.760817,509,"2020_November","Wet","Maunalua_Wet",0.566339634,"First quarter",1.703867987,97.62444453,1612340,"23/11/2020 10.30",1.962,0.598017581,26.1,3.039166667,66.04166667,2.65745614,73.29646018
0.105071049262391,0.139596353800185,-0.0101040893260724,"147","M065","Maunalua","Sample","23/11/2020",10.3,2020,"November",16,"PN147",11,3,21.274484,-157.760817,509,"2020_November","Wet","Maunalua_Wet",0.566339634,"First quarter",1.703867987,97.62444453,1612340,"23/11/2020 10.30",1.962,0.598017581,26.1,3.039166667,66.04166667,2.65745614,73.29646018
0.0727332037295136,0.146753026111434,-0.0395774173486172,"149","M067","Maunalua","Sample","29/12/2020",10.15,2020,"December",17,"PN149",12,1,21.274484,-157.760817,545,"2020_December","Wet","Maunalua_Wet",0.999062819,"Full",3.080356254,176.4914128,1612340,"29/12/2020 10.15",0.653,0.199034394,25.7,1.767708333,83.25,1.370044053,136.6902655
0.0883691809461574,0.136125285976249,-0.0759926682417194,"150","M069","Maunalua","Sample","29/12/2020",10.15,2020,"December",17,"PN150",12,2,21.274484,-157.760817,545,"2020_December","Wet","Maunalua_Wet",0.999062819,"Full",3.080356254,176.4914128,1612340,"29/12/2020 10.15",0.653,0.199034394,25.7,1.767708333,83.25,1.370044053,136.6902655
0.0449375547006379,0.194750008062277,-0.0443376989701712,"151","M071","Maunalua","Sample","29/12/2020",10.15,2020,"December",17,"PN151",12,3,21.274484,-157.760817,545,"2020_December","Wet","Maunalua_Wet",0.999062819,"Full",3.080356254,176.4914128,1612340,"29/12/2020 10.15",0.653,0.199034394,25.7,1.767708333,83.25,1.370044053,136.6902655
0.0642203211370483,0.198566188763232,-0.0752001391261144,"153","M073","Maunalua","Sample","20/01/2021",15,2021,"January",18,"PN153",13,1,21.274484,-157.760817,567,"2021_January","Wet","Maunalua_Wet",0.453709508,"First quarter",1.478082575,84.68789334,1612340,"20/01/2021 15.00",1.69,0.515111984,25.3,2.584680851,143.5319149,1.772727273,81.29126214
0.0574878226035203,0.117776781651613,-0.014433466479621,"154","M075","Maunalua","Sample","20/01/2021",15,2021,"January",18,"PN154",13,2,21.274484,-157.760817,567,"2021_January","Wet","Maunalua_Wet",0.453709508,"First quarter",1.478082575,84.68789334,1612340,"20/01/2021 15.00",1.69,0.515111984,25.3,2.584680851,143.5319149,1.772727273,81.29126214
0.0943529264426431,0.177753145905337,-0.0330624578754825,"155","M077","Maunalua","Sample","20/01/2021",15,2021,"January",18,"PN155",13,3,21.274484,-157.760817,567,"2021_January","Wet","Maunalua_Wet",0.453709508,"First quarter",1.478082575,84.68789334,1612340,"20/01/2021 15.00",1.69,0.515111984,25.3,2.584680851,143.5319149,1.772727273,81.29126214
0.543589031263684,-0.0626934306765149,-0.272323832381357,"157","W001","Waimānalo","Sample","11/07/2019",11,2019,"July",0,"PN157",1,1,21.326702,-157.681698,8,"2019_July","Dry","Waimānalo_Dry",0.671494923,"First quarter",1.920894306,110.0591366,1612480,"11/07/2019 11.00",2.107,0.642213579,27.3,1.41375,95.60416667,2.142857143,87.00421941
0.132702108160248,-0.0388460273264956,-0.512299493196669,"158","W003","Waimānalo","Sample","11/07/2019",11,2019,"July",0,"PN158",1,2,21.326702,-157.681698,8,"2019_July","Dry","Waimānalo_Dry",0.671494923,"First quarter",1.920894306,110.0591366,1612480,"11/07/2019 11.00",2.107,0.642213579,27.3,1.41375,95.60416667,2.142857143,87.00421941
-0.0591256639348819,-0.0468308306527387,-0.464523145544837,"159","W005","Waimānalo","Sample","11/07/2019",11,2019,"July",0,"PN159",1,3,21.326702,-157.681698,8,"2019_July","Dry","Waimānalo_Dry",0.671494923,"First quarter",1.920894306,110.0591366,1612480,"11/07/2019 11.00",2.107,0.642213579,27.3,1.41375,95.60416667,2.142857143,87.00421941
0.102542107354327,0.0110053626267811,0.0105576818894934,"161","W007","Waimānalo","Sample","16/09/2019",10,2019,"September",2,"PN161",2,1,21.326702,-157.681698,75,"2019_September","Dry","Waimānalo_Dry",0.946138064,"Waning gibbous",3.610027288,206.8393275,1612480,"16/09/2019 10.00",0.955,0.291083991,28.3,1.333541667,73.85416667,1.680334728,98.53164557
0.0812544171077312,0.00442738935808276,-0.0357642923486887,"162","W009","Waimānalo","Sample","16/09/2019",10,2019,"September",2,"PN162",2,2,21.326702,-157.681698,75,"2019_September","Dry","Waimānalo_Dry",0.946138064,"Waning gibbous",3.610027288,206.8393275,1612480,"16/09/2019 10.00",0.955,0.291083991,28.3,1.333541667,73.85416667,1.680334728,98.53164557
0.121754800958267,0.0259381039921268,-0.0123145286559471,"163","W011","Waimānalo","Sample","16/09/2019",10,2019,"September",2,"PN163",2,3,21.326702,-157.681698,75,"2019_September","Dry","Waimānalo_Dry",0.946138064,"Waning gibbous",3.610027288,206.8393275,1612480,"16/09/2019 10.00",0.955,0.291083991,28.3,1.333541667,73.85416667,1.680334728,98.53164557
0.176457159091868,0.0586137331939095,0.109472212270851,"165","W013","Waimānalo","Sample","26/11/2019",10.2,2019,"November",4,"PN165",3,1,21.326702,-157.681698,146,"2019_November","Wet","Waimānalo_Wet",0.004412434,"New",6.150235111,352.3825149,1612480,"26/11/2019 10.20",1.565,0.477011985,26.8,2.224583333,54.0625,1.498333333,103.7394958
0.27869220051394,0.0389353961021869,0.229664055791065,"166","W015","Waimānalo","Sample","26/11/2019",10.2,2019,"November",4,"PN166",3,2,21.326702,-157.681698,146,"2019_November","Wet","Waimānalo_Wet",0.004412434,"New",6.150235111,352.3825149,1612480,"26/11/2019 10.20",1.565,0.477011985,26.8,2.224583333,54.0625,1.498333333,103.7394958
0.132011330143202,0.101560333185071,0.284734305796534,"167","W017","Waimānalo","Sample","26/11/2019",10.2,2019,"November",4,"PN167",3,3,21.326702,-157.681698,146,"2019_November","Wet","Waimānalo_Wet",0.004412434,"New",6.150235111,352.3825149,1612480,"26/11/2019 10.20",1.565,0.477011985,26.8,2.224583333,54.0625,1.498333333,103.7394958
0.139471138384759,0.0289504655066795,0.107917672628233,"168","W019","Waimānalo","Sample","01/02/2020",10,2020,"February",7,"PN168",4,1,21.326702,-157.681698,213,"2020_February","Wet","Waimānalo_Wet",0.492693489,"First quarter",1.556182785,89.16270574,1612480,"01/02/2020 10.00",1.099,0.334975189,25,2.239791667,131.7708333,1.683035714,89.09090909
0.096761525761259,0.059452645084013,0.129593035970331,"169","W021","Waimānalo","Sample","01/02/2020",10,2020,"February",7,"PN169",4,2,21.326702,-157.681698,213,"2020_February","Wet","Waimānalo_Wet",0.492693489,"First quarter",1.556182785,89.16270574,1612480,"01/02/2020 10.00",1.099,0.334975189,25,2.239791667,131.7708333,1.683035714,89.09090909
0.123858583221323,0.0283009141976273,0.081719696985153,"170","W023","Waimānalo","Sample","01/02/2020",10,2020,"February",7,"PN170",4,3,21.326702,-157.681698,213,"2020_February","Wet","Waimānalo_Wet",0.492693489,"First quarter",1.556182785,89.16270574,1612480,"01/02/2020 10.00",1.099,0.334975189,25,2.239791667,131.7708333,1.683035714,89.09090909
0.125782790972795,0.038490564772172,0.120570473419718,"172","W025","Waimānalo","Sample","18/05/2020",12.45,2020,"May",10,"PN172",5,1,21.326702,-157.681698,320,"2020_May","Dry","Waimānalo_Dry",0.155361772,"Waning crescent",5.472878875,313.5728613,1612480,"18/05/2020 12.45",2.041,0.62209678,25.9,1.441875,211.7708333,2.0075,79.2605042
0.127390467429861,0.0332028133274964,0.159316129512493,"173","W027","Waimānalo","Sample","18/05/2020",12.45,2020,"May",10,"PN173",5,2,21.326702,-157.681698,320,"2020_May","Dry","Waimānalo_Dry",0.155361772,"Waning crescent",5.472878875,313.5728613,1612480,"18/05/2020 12.45",2.041,0.62209678,25.9,1.441875,211.7708333,2.0075,79.2605042
0.136821612853372,0.0295235266529965,0.123246011260218,"174","W029","Waimānalo","Sample","18/05/2020",12.45,2020,"May",10,"PN174",5,3,21.326702,-157.681698,320,"2020_May","Dry","Waimānalo_Dry",0.155361772,"Waning crescent",5.472878875,313.5728613,1612480,"18/05/2020 12.45",2.041,0.62209678,25.9,1.441875,211.7708333,2.0075,79.2605042
0.153155320619211,0.0450927611077331,0.0398557693080559,"176","W031","Waimānalo","Sample","24/06/2020",13,2020,"June",11,"PN176",6,1,21.326702,-157.681698,357,"2020_June","Dry","Waimānalo_Dry",0.144174397,"Waxing crescent",0.778950545,44.63057866,1612480,"24/06/2020 13.00",1.254,0.382219188,25.9,1.574255319,74.76595745,2.155416667,74.32352941
0.120282092169225,0.0271817911002979,0.0260608908269986,"177","W033","Waimānalo","Sample","24/06/2020",13,2020,"June",11,"PN177",6,2,21.326702,-157.681698,357,"2020_June","Dry","Waimānalo_Dry",0.144174397,"Waxing crescent",0.778950545,44.63057866,1612480,"24/06/2020 13.00",1.254,0.382219188,25.9,1.574255319,74.76595745,2.155416667,74.32352941
0.146430693891071,0.0334937521507719,0.0330928638524196,"178","W035","Waimānalo","Sample","24/06/2020",13,2020,"June",11,"PN178",6,3,21.326702,-157.681698,357,"2020_June","Dry","Waimānalo_Dry",0.144174397,"Waxing crescent",0.778950545,44.63057866,1612480,"24/06/2020 13.00",1.254,0.382219188,25.9,1.574255319,74.76595745,2.155416667,74.32352941
0.116642652290641,0.0053473819300257,0.0191441843813035,"180","W037","Waimānalo","Sample","23/07/2020",12,2020,"July",12,"PN180",7,1,21.326702,-157.681698,386,"2020_July","Dry","Waimānalo_Dry",0.106868202,"Waxing crescent",0.666057839,38.16230307,1612480,"23/07/2020 12.00",1.09,0.332231989,27.1,1.395217391,50.86956522,1.59953271,78.69014085
0.122863070337741,0.00724218360694001,0.0647724619495578,"181","W039","Waimānalo","Sample","23/07/2020",12,2020,"July",12,"PN181",7,2,21.326702,-157.681698,386,"2020_July","Dry","Waimānalo_Dry",0.106868202,"Waxing crescent",0.666057839,38.16230307,1612480,"23/07/2020 12.00",1.09,0.332231989,27.1,1.395217391,50.86956522,1.59953271,78.69014085
0.124337428613447,0.0285613993547101,0.0299415876899773,"182","W041","Waimānalo","Sample","23/07/2020",12,2020,"July",12,"PN182",7,3,21.326702,-157.681698,386,"2020_July","Dry","Waimānalo_Dry",0.106868202,"Waxing crescent",0.666057839,38.16230307,1612480,"23/07/2020 12.00",1.09,0.332231989,27.1,1.395217391,50.86956522,1.59953271,78.69014085
0.162125170946854,-0.00774090048721552,0.0192558332503305,"184","W043","Waimānalo","Sample","24/08/2020",11.3,2020,"August",13,"PN184",8,1,21.326702,-157.681698,418,"2020_August","Dry","Waimānalo_Dry",0.314853203,"First quarter",1.191471264,68.26627483,1612480,"24/08/2020 11.30",1.851,0.564184782,26.7,1.394375,82.47916667,2.216425121,70.51941748
0.157600270278341,-0.0192498935002559,0.0451389201073614,"185","W045","Waimānalo","Sample","24/08/2020",11.3,2020,"August",13,"PN185",8,2,21.326702,-157.681698,418,"2020_August","Dry","Waimānalo_Dry",0.314853203,"First quarter",1.191471264,68.26627483,1612480,"24/08/2020 11.30",1.851,0.564184782,26.7,1.394375,82.47916667,2.216425121,70.51941748
0.159410307370391,-0.0138831846698078,-0.000901155856787147,"186","W047","Waimānalo","Sample","24/08/2020",11.3,2020,"August",13,"PN186",8,3,21.326702,-157.681698,418,"2020_August","Dry","Waimānalo_Dry",0.314853203,"First quarter",1.191471264,68.26627483,1612480,"24/08/2020 11.30",1.851,0.564184782,26.7,1.394375,82.47916667,2.216425121,70.51941748
0.189352338034276,0.0466744595170767,0.0290024819250665,"188","W049","Waimānalo","Sample","25/09/2020",9.45,2020,"September",14,"PN188",9,1,21.326702,-157.681698,450,"2020_September","Dry","Waimānalo_Dry",0.572784642,"First quarter",1.716884689,98.37024659,1612480,"25/09/2020 9.45",2.448,0.746150376,27,1.916666667,326.3333333,2.596086957,69.8
0.159791435925329,0.0158727739790744,-0.00407741817668273,"189","W051","Waimānalo","Sample","25/09/2020",9.45,2020,"September",14,"PN189",9,2,21.326702,-157.681698,450,"2020_September","Dry","Waimānalo_Dry",0.572784642,"First quarter",1.716884689,98.37024659,1612480,"25/09/2020 9.45",2.448,0.746150376,27,1.916666667,326.3333333,2.596086957,69.8
0.176201749484717,0.0167624873338954,-0.15597004613047,"190","W053","Waimānalo","Sample","25/09/2020",9.45,2020,"September",14,"PN190",9,3,21.326702,-157.681698,450,"2020_September","Dry","Waimānalo_Dry",0.572784642,"First quarter",1.716884689,98.37024659,1612480,"25/09/2020 9.45",2.448,0.746150376,27,1.916666667,326.3333333,2.596086957,69.8
0.0639739483581542,-0.0223207016016002,-0.245932748399498,"192","W055","Waimānalo","Sample","28/10/2020",11,2020,"October",15,"PN192",10,1,21.326702,-157.681698,483,"2020_October","Dry","Waimānalo_Dry",0.886726398,"Waxing gibbous",2.455066825,140.6649675,1612480,"28/10/2020 11.00",2.395,0.729995977,27.6,1.123829787,53.95744681,1.353271028,149.8356808
0.174070129978882,-0.0144648024915861,-0.154983307101661,"193","W057","Waimānalo","Sample","28/10/2020",11,2020,"October",15,"PN193",10,2,21.326702,-157.681698,483,"2020_October","Dry","Waimānalo_Dry",0.886726398,"Waxing gibbous",2.455066825,140.6649675,1612480,"28/10/2020 11.00",2.395,0.729995977,27.6,1.123829787,53.95744681,1.353271028,149.8356808
0.0427593243087029,0.0117888876789113,-0.122943982665863,"194","W059","Waimānalo","Sample","28/10/2020",11,2020,"October",15,"PN194",10,3,21.326702,-157.681698,483,"2020_October","Dry","Waimānalo_Dry",0.886726398,"Waxing gibbous",2.455066825,140.6649675,1612480,"28/10/2020 11.00",2.395,0.729995977,27.6,1.123829787,53.95744681,1.353271028,149.8356808
0.159188923135699,0.0161649594329973,0.0591360249900157,"196","W061","Waimānalo","Sample","29/11/2020",10.45,2020,"November",16,"PN196",11,1,21.326702,-157.681698,515,"2020_November","Wet","Waimānalo_Wet",0.993524723,"Full",2.98048025,170.7689392,1612480,"29/11/2020 10.45",1.595,0.486155984,26.3,2.16173913,104.8478261,2.067298578,88.78199052
0.154801873935694,0.0195589978497537,0.0455265957744738,"197","W063","Waimānalo","Sample","29/11/2020",10.45,2020,"November",16,"PN197",11,2,21.326702,-157.681698,515,"2020_November","Wet","Waimānalo_Wet",0.993524723,"Full",2.98048025,170.7689392,1612480,"29/11/2020 10.45",1.595,0.486155984,26.3,2.16173913,104.8478261,2.067298578,88.78199052
0.13278502325022,0.0181982110355863,0.0628451797738632,"198","W065","Waimānalo","Sample","29/11/2020",10.45,2020,"November",16,"PN198",11,3,21.326702,-157.681698,515,"2020_November","Wet","Waimānalo_Wet",0.993524723,"Full",2.98048025,170.7689392,1612480,"29/11/2020 10.45",1.595,0.486155984,26.3,2.16173913,104.8478261,2.067298578,88.78199052
0.165435707476031,0.0344003000566217,0.0951481027280004,"200","W067","Waimānalo","Sample","30/12/2020",10.45,2020,"December",17,"PN200",12,1,21.326702,-157.681698,546,"2020_December","Wet","Waimānalo_Wet",0.994270466,"Full",3.293124965,188.6821619,1612480,"30/12/2020 10.45",1.372,0.418185587,25.8,1.925625,187.625,1.676233184,92.71300448
0.178666413082261,0.0392170946955071,0.0840689224446176,"201","W069","Waimānalo","Sample","30/12/2020",10.45,2020,"December",17,"PN201",12,2,21.326702,-157.681698,546,"2020_December","Wet","Waimānalo_Wet",0.994270466,"Full",3.293124965,188.6821619,1612480,"30/12/2020 10.45",1.372,0.418185587,25.8,1.925625,187.625,1.676233184,92.71300448
0.193196570082034,-0.000155696244825437,0.0470120424906182,"202","W071","Waimānalo","Sample","30/12/2020",10.45,2020,"December",17,"PN202",12,3,21.326702,-157.681698,546,"2020_December","Wet","Waimānalo_Wet",0.994270466,"Full",3.293124965,188.6821619,1612480,"30/12/2020 10.45",1.372,0.418185587,25.8,1.925625,187.625,1.676233184,92.71300448
0.228925685098688,0.0224540193762399,0.041972333700644,"204","W073","Waimānalo","Sample","18/01/2021",10,2021,"January",18,"PN204",13,1,21.326702,-157.681698,565,"2021_January","Wet","Waimānalo_Wet",0.252319144,"Waxing crescent",1.052545155,60.30639511,1612480,"18/01/2021 10.00",1.641,0.500176784,25.3,2.034042553,78.74468085,2.605164319,239.5539906
0.245570236404666,-0.0190592885343045,0.0206729642509575,"205","W075","Waimānalo","Sample","18/01/2021",10,2021,"January",18,"PN205",13,2,21.326702,-157.681698,565,"2021_January","Wet","Waimānalo_Wet",0.252319144,"Waxing crescent",1.052545155,60.30639511,1612480,"18/01/2021 10.00",1.641,0.500176784,25.3,2.034042553,78.74468085,2.605164319,239.5539906
0.224570750359482,0.015458820646795,0.0732969475665919,"206","W077","Waimānalo","Sample","18/01/2021",10,2021,"January",18,"PN206",13,3,21.326702,-157.681698,565,"2021_January","Wet","Waimānalo_Wet",0.252319144,"Waxing crescent",1.052545155,60.30639511,1612480,"18/01/2021 10.00",1.641,0.500176784,25.3,2.034042553,78.74468085,2.605164319,239.5539906
-0.261557815000349,0.00939741779056319,0.133274486640852,"208","K079","Kāneʻohe","Sample","20/03/2021",10.45,2021,"March",20,"PN208",14,1,21.435115,-157.7867,626,"2021_March","Wet","Kāneʻohe_Wet",0.447233215,"First quarter",1.465065874,83.94209128,1612480,"20/03/2021 10.45",0.328,0.099974397,24,2.608125,55.375,3.077916667,69.40585774
-0.305179836651325,0.0162368887031099,0.167693816170241,"209","K081","Kāneʻohe","Sample","20/03/2021",10.45,2021,"March",20,"PN209",14,2,21.435115,-157.7867,626,"2021_March","Wet","Kāneʻohe_Wet",0.447233215,"First quarter",1.465065874,83.94209128,1612480,"20/03/2021 10.45",0.328,0.099974397,24,2.608125,55.375,3.077916667,69.40585774
-0.279450049307567,-0.0159161946563962,0.180214389497506,"210","K083","Kāneʻohe","Sample","20/03/2021",10.45,2021,"March",20,"PN210",14,3,21.435115,-157.7867,626,"2021_March","Wet","Kāneʻohe_Wet",0.447233215,"First quarter",1.465065874,83.94209128,1612480,"20/03/2021 10.45",0.328,0.099974397,24,2.608125,55.375,3.077916667,69.40585774
-0.286010659503445,0.0303131184505416,0.0504180013480466,"212","K085","Kāneʻohe","Sample","30/04/2021",10.15,2021,"April",21,"PN212",15,1,21.435115,-157.7867,667,"2021_April","Dry","Kāneʻohe_Dry",0.861104698,"Waning gibbous",3.905397692,223.7628051,1612480,"30/04/2021 10.15",-0.272,-0.082905597,24.2,NA,NA,2.413333333,76.46025105
-0.274400013110544,0.0500333054216033,0.104183093826794,"213","K087","Kāneʻohe","Sample","30/04/2021",10.15,2021,"April",21,"PN213",15,2,21.435115,-157.7867,667,"2021_April","Dry","Kāneʻohe_Dry",0.861104698,"Waning gibbous",3.905397692,223.7628051,1612480,"30/04/2021 10.15",-0.272,-0.082905597,24.2,NA,NA,2.413333333,76.46025105
-0.240051354580764,0.0564416579859758,0.106624292129211,"214","K089","Kāneʻohe","Sample","30/04/2021",10.15,2021,"April",21,"PN214",15,3,21.435115,-157.7867,667,"2021_April","Dry","Kāneʻohe_Dry",0.861104698,"Waning gibbous",3.905397692,223.7628051,1612480,"30/04/2021 10.15",-0.272,-0.082905597,24.2,NA,NA,2.413333333,76.46025105
-0.287160522732912,0.0378518689048405,-0.0156488432119037,"216","K091","Kāneʻohe","Sample","04/06/2021",10,2021,"June",23,"PN216",16,1,21.435115,-157.7867,702,"2021_June","Dry","Kāneʻohe_Dry",0.325394825,"Last quarter",5.069117249,290.4390242,1612480,"04/06/2021 10.00",1.48,0.451103986,25.8,1.654255319,61.78723404,2.14279476,83.51315789
-0.361194299428372,0.00902270231648129,-0.0737685940812209,"217","K093","Kāneʻohe","Sample","04/06/2021",10,2021,"June",23,"PN217",16,2,21.435115,-157.7867,702,"2021_June","Dry","Kāneʻohe_Dry",0.325394825,"Last quarter",5.069117249,290.4390242,1612480,"04/06/2021 10.00",1.48,0.451103986,25.8,1.654255319,61.78723404,2.14279476,83.51315789
-0.377546065058218,0.0362807013462719,-0.0778645813128883,"218","K095","Kāneʻohe","Sample","04/06/2021",10,2021,"June",23,"PN218",16,3,21.435115,-157.7867,702,"2021_June","Dry","Kāneʻohe_Dry",0.325394825,"Last quarter",5.069117249,290.4390242,1612480,"04/06/2021 10.00",1.48,0.451103986,25.8,1.654255319,61.78723404,2.14279476,83.51315789
-0.369049340441314,-0.0399064455086635,-0.218761306931726,"220","K097","Kāneʻohe","Sample","20/06/2023",16.15,2023,"June",23,"PN220",17,1,21.435115,-157.7867,1448,"2023_June","Dry","Kāneʻohe_Dry",0.045884091,"Waxing crescent",0.43175721,24.73786589,1612480,"20/06/2023 16.15",1.07,0.32613599,26.1,1.311041667,57.77083333,2.027083333,122.7763713
-0.35555914836457,-0.0505332691079565,0.0275662926783327,"221","K099","Kāneʻohe","Sample","20/06/2023",16.15,2023,"June",23,"PN221",17,2,21.435115,-157.7867,1448,"2023_June","Dry","Kāneʻohe_Dry",0.045884091,"Waxing crescent",0.43175721,24.73786589,1612480,"20/06/2023 16.15",1.07,0.32613599,26.1,1.311041667,57.77083333,2.027083333,122.7763713
-0.351082873878099,-0.0552137587126413,0.0767318686439993,"222","K101","Kāneʻohe","Sample","20/06/2023",16.15,2023,"June",23,"PN222",17,3,21.435115,-157.7867,1448,"2023_June","Dry","Kāneʻohe_Dry",0.045884091,"Waxing crescent",0.43175721,24.73786589,1612480,"20/06/2023 16.15",1.07,0.32613599,26.1,1.311041667,57.77083333,2.027083333,122.7763713
0.214543251129278,-0.135911190626774,-0.0101977760807956,"224","L079","Lanikai","Sample","26/03/2021",10.3,2021,"March",20,"PN224",14,1,21.392735,-157.714014,632,"2021_March","Wet","Lanikai_Wet",0.96054714,"Waxing gibbous",2.741678136,157.086586,1612480,"26/03/2021 10.30",1.309,0.398983187,24.3,2.115416667,136.6666667,1.690833333,156.9125
0.153782062651548,-0.134030284562377,-0.0549842740896945,"225","L081","Lanikai","Sample","26/03/2021",10.3,2021,"March",20,"PN225",14,2,21.392735,-157.714014,632,"2021_March","Wet","Lanikai_Wet",0.96054714,"Waxing gibbous",2.741678136,157.086586,1612480,"26/03/2021 10.30",1.309,0.398983187,24.3,2.115416667,136.6666667,1.690833333,156.9125
0.199523547594959,-0.144444588376299,0.030999917308409,"226","L083","Lanikai","Sample","26/03/2021",10.3,2021,"March",20,"PN226",14,3,21.392735,-157.714014,632,"2021_March","Wet","Lanikai_Wet",0.96054714,"Waxing gibbous",2.741678136,157.086586,1612480,"26/03/2021 10.30",1.309,0.398983187,24.3,2.115416667,136.6666667,1.690833333,156.9125
0.0792694617908405,-0.254110113820334,0.150121537043343,"228","L085","Lanikai","Sample","27/04/2021",9.3,2021,"April",21,"PN228",15,1,21.392735,-157.714014,664,"2021_April","Dry","Lanikai_Dry",0.996067671,"Full",3.267091561,187.1905577,1612480,"27/04/2021 9.30",-0.069,-0.021031199,24.2,NA,NA,2.426666667,198.8361345
0.10797493034305,-0.166638220088289,0.14359534847992,"229","L087","Lanikai","Sample","27/04/2021",9.3,2021,"April",21,"PN229",15,2,21.392735,-157.714014,664,"2021_April","Dry","Lanikai_Dry",0.996067671,"Full",3.267091561,187.1905577,1612480,"27/04/2021 9.30",-0.069,-0.021031199,24.2,NA,NA,2.426666667,198.8361345
0.00145915897855278,-0.11669536322384,0.112489452364844,"230","L089","Lanikai","Sample","27/04/2021",9.3,2021,"April",21,"PN230",15,3,21.392735,-157.714014,664,"2021_April","Dry","Lanikai_Dry",0.996067671,"Full",3.267091561,187.1905577,1612480,"27/04/2021 9.30",-0.069,-0.021031199,24.2,NA,NA,2.426666667,198.8361345
0.170123576740359,-0.287874044303718,-0.167573743732723,"232","L091","Lanikai","Sample","05/06/2021",9.3,2021,"June",23,"PN232",16,1,21.392735,-157.714014,703,"2021_June","Dry","Lanikai_Dry",0.230395757,"Waning crescent",5.281885959,302.6297733,1612480,"05/06/2021 9.30",1.408,0.429158386,25.7,1.837083333,53.9375,2.8175,69.35
0.0120302754551285,-0.263332367725683,0.0841276516703418,"233","L093","Lanikai","Sample","05/06/2021",9.3,2021,"June",23,"PN233",16,2,21.392735,-157.714014,703,"2021_June","Dry","Lanikai_Dry",0.230395757,"Waning crescent",5.281885959,302.6297733,1612480,"05/06/2021 9.30",1.408,0.429158386,25.7,1.837083333,53.9375,2.8175,69.35
-0.0174493803382099,-0.254511478922388,-0.261040192007347,"234","L095","Lanikai","Sample","05/06/2021",9.3,2021,"June",23,"PN234",16,3,21.392735,-157.714014,703,"2021_June","Dry","Lanikai_Dry",0.230395757,"Waning crescent",5.281885959,302.6297733,1612480,"05/06/2021 9.30",1.408,0.429158386,25.7,1.837083333,53.9375,2.8175,69.35
0.0162908379166555,-0.3732682891578,0.100534968761843,"236","L097","Lanikai","Sample","28/06/2023",15,2023,"June",23,"PN236",17,1,21.392735,-157.714014,1456,"2023_June","Dry","Lanikai_Dry",0.766909533,"Waxing gibbous",2.133906893,122.2638588,1612480,"28/06/2023 15.00",0.909,0.277063191,25.2,1.789583333,76,2.322083333,64.57142857
0.0535677692372655,-0.239090429962734,0.0132183086182919,"237","L099","Lanikai","Sample","28/06/2023",15,2023,"June",23,"PN237",17,2,21.392735,-157.714014,1456,"2023_June","Dry","Lanikai_Dry",0.766909533,"Waxing gibbous",2.133906893,122.2638588,1612480,"28/06/2023 15.00",0.909,0.277063191,25.2,1.789583333,76,2.322083333,64.57142857
0.112951700763278,-0.294197518939609,0.089941168381776,"238","L101","Lanikai","Sample","28/06/2023",15,2023,"June",23,"PN238",17,3,21.392735,-157.714014,1456,"2023_June","Dry","Lanikai_Dry",0.766909533,"Waxing gibbous",2.133906893,122.2638588,1612480,"28/06/2023 15.00",0.909,0.277063191,25.2,1.789583333,76,2.322083333,64.57142857
0.0920513176590897,0.14924115006415,-0.064930309731233,"240","M079","Maunalua","Sample","25/03/2021",9.3,2021,"March",20,"PN240",14,1,21.274484,-157.760817,631,"2021_March","Wet","Maunalua_Wet",0.909053968,"Waxing gibbous",2.528909426,144.8958369,1612340,"25/03/2021 9.30",0.499,0.152095195,24.7,2.200625,83.89583333,3.167916667,214.2541667
0.0766110615348829,0.176274786733201,-0.068596893025335,"241","M081","Maunalua","Sample","25/03/2021",9.3,2021,"March",20,"PN241",14,2,21.274484,-157.760817,631,"2021_March","Wet","Maunalua_Wet",0.909053968,"Waxing gibbous",2.528909426,144.8958369,1612340,"25/03/2021 9.30",0.499,0.152095195,24.7,2.200625,83.89583333,3.167916667,214.2541667
0.0498492139299076,0.194673718715252,-0.0503314446047561,"242","M083","Maunalua","Sample","25/03/2021",9.3,2021,"March",20,"PN242",14,3,21.274484,-157.760817,631,"2021_March","Wet","Maunalua_Wet",0.909053968,"Waxing gibbous",2.528909426,144.8958369,1612340,"25/03/2021 9.30",0.499,0.152095195,24.7,2.200625,83.89583333,3.167916667,214.2541667
0.0624387900374936,0.151837771704585,-0.06379212755699,"244","M085","Maunalua","Sample","26/04/2021",11.45,2021,"April",21,"PN244",15,1,21.274484,-157.760817,663,"2021_April","Dry","Maunalua_Dry",0.998097203,"Full",3.054322851,174.9998086,1612340,"26/04/2021 11.45",0.423,0.128930396,24.7,NA,NA,2.279916318,101.7405858
0.0455493057818983,0.152020894836699,-0.0899600703765956,"245","M087","Maunalua","Sample","26/04/2021",11.45,2021,"April",21,"PN245",15,2,21.274484,-157.760817,663,"2021_April","Dry","Maunalua_Dry",0.998097203,"Full",3.054322851,174.9998086,1612340,"26/04/2021 11.45",0.423,0.128930396,24.7,NA,NA,2.279916318,101.7405858
0.0702777079325607,0.138397489089958,-0.0619969545588215,"246","M089","Maunalua","Sample","26/04/2021",11.45,2021,"April",21,"PN246",15,3,21.274484,-157.760817,663,"2021_April","Dry","Maunalua_Dry",0.998097203,"Full",3.054322851,174.9998086,1612340,"26/04/2021 11.45",0.423,0.128930396,24.7,NA,NA,2.279916318,101.7405858
0.0596074181535725,0.169136384921618,-0.0645910341544867,"248","M091","Maunalua","Sample","01/06/2021",10,2021,"June",23,"PN248",16,1,21.274484,-157.760817,699,"2021_June","Dry","Maunalua_Dry",0.638935859,"Last quarter",4.430811118,253.8667769,1612340,"01/06/2021 10.00",0.807,0.245973592,25.9,1.505,347,1.725833333,155.0253165
0.0827642060126443,0.164720921160563,-0.023078506986059,"249","M093","Maunalua","Sample","01/06/2021",10,2021,"June",23,"PN249",16,2,21.274484,-157.760817,699,"2021_June","Dry","Maunalua_Dry",0.638935859,"Last quarter",4.430811118,253.8667769,1612340,"01/06/2021 10.00",0.807,0.245973592,25.9,1.505,347,1.725833333,155.0253165
0.0606217062464653,0.149934962552963,-0.0182221380410218,"250","M095","Maunalua","Sample","01/06/2021",10,2021,"June",23,"PN250",16,3,21.274484,-157.760817,699,"2021_June","Dry","Maunalua_Dry",0.638935859,"Last quarter",4.430811118,253.8667769,1612340,"01/06/2021 10.00",0.807,0.245973592,25.9,1.505,347,1.725833333,155.0253165
0.122482389966762,0.216760586333369,0.0373735105107623,"252","M097","Maunalua","Sample","26/06/2023",13,2023,"June",23,"PN252",17,1,21.274484,-157.760817,1454,"2023_June","Dry","Maunalua_Dry",0.568569798,"First quarter",1.708369472,97.8823606,1612340,"26/06/2023 13.00",1.044,0.31821119,26.1,2.348541667,76.54166667,2.450416667,73.81512605
0.111165992118796,0.185960450354288,0.0501700801613657,"253","M099","Maunalua","Sample","26/06/2023",13,2023,"June",23,"PN253",17,2,21.274484,-157.760817,1454,"2023_June","Dry","Maunalua_Dry",0.568569798,"First quarter",1.708369472,97.8823606,1612340,"26/06/2023 13.00",1.044,0.31821119,26.1,2.348541667,76.54166667,2.450416667,73.81512605
0.141437906886663,0.224307132839048,0.00294626322338452,"254","M101","Maunalua","Sample","26/06/2023",13,2023,"June",23,"PN254",17,3,21.274484,-157.760817,1454,"2023_June","Dry","Maunalua_Dry",0.568569798,"First quarter",1.708369472,97.8823606,1612340,"26/06/2023 13.00",1.044,0.31821119,26.1,2.348541667,76.54166667,2.450416667,73.81512605
0.160930948066783,0.0680864378404784,0.100712496539957,"256","W079","Waimānalo","Sample","31/03/2021",13.45,2021,"March",20,"PN256",14,1,21.326702,-157.681698,637,"2021_March","Wet","Waimānalo_Wet",0.893788591,"Waning gibbous",3.805521688,218.0403316,1612480,"31/03/2021 13.45",1.3,0.396239987,24,1.695,62.45833333,1.915,101.9113924
0.153193476154689,0.0274604611461879,0.0604419585168481,"257","W081","Waimānalo","Sample","31/03/2021",13.45,2021,"March",20,"PN257",14,2,21.326702,-157.681698,637,"2021_March","Wet","Waimānalo_Wet",0.893788591,"Waning gibbous",3.805521688,218.0403316,1612480,"31/03/2021 13.45",1.3,0.396239987,24,1.695,62.45833333,1.915,101.9113924
0.109890793948766,0.0455705929684081,0.110224184103968,"258","W083","Waimānalo","Sample","31/03/2021",13.45,2021,"March",20,"PN258",14,3,21.326702,-157.681698,637,"2021_March","Wet","Waimānalo_Wet",0.893788591,"Waning gibbous",3.805521688,218.0403316,1612480,"31/03/2021 13.45",1.3,0.396239987,24,1.695,62.45833333,1.915,101.9113924
0.105971442655373,0.0989755867735672,0.118890070298518,"260","W085","Waimānalo","Sample","29/04/2021",10,2021,"April",21,"PN260",15,1,21.326702,-157.681698,666,"2021_April","Dry","Waimānalo_Dry",0.925991194,"Waning gibbous",3.692628982,211.572056,1612480,"29/04/2021 10.00",-0.37,-0.112775996,24.2,NA,NA,1.830833333,112.2833333
0.117048392541032,0.0753436976567248,0.0933561172340745,"261","W087","Waimānalo","Sample","29/04/2021",10,2021,"April",21,"PN261",15,2,21.326702,-157.681698,666,"2021_April","Dry","Waimānalo_Dry",0.925991194,"Waning gibbous",3.692628982,211.572056,1612480,"29/04/2021 10.00",-0.37,-0.112775996,24.2,NA,NA,1.830833333,112.2833333
0.0945686284416437,0.0596900268179066,0.0715005883342866,"262","W089","Waimānalo","Sample","29/04/2021",10,2021,"April",21,"PN262",15,3,21.326702,-157.681698,666,"2021_April","Dry","Waimānalo_Dry",0.925991194,"Waning gibbous",3.692628982,211.572056,1612480,"29/04/2021 10.00",-0.37,-0.112775996,24.2,NA,NA,1.830833333,112.2833333
0.108565087625701,0.0663972991529911,0.0679621823399684,"264","W091","Waimānalo","Sample","03/06/2021",10,2021,"June",23,"PN264",16,1,21.326702,-157.681698,701,"2021_June","Dry","Waimānalo_Dry",0.428268586,"Last quarter",4.856348538,278.2482751,1612480,"03/06/2021 10.00",1.365,0.416051987,26.1,1.486458333,296.9791667,2.227916667,74.85294118
0.121597213224754,0.0567006060985487,0.0627934264082252,"265","W093","Waimānalo","Sample","03/06/2021",10,2021,"June",23,"PN265",16,2,21.326702,-157.681698,701,"2021_June","Dry","Waimānalo_Dry",0.428268586,"Last quarter",4.856348538,278.2482751,1612480,"03/06/2021 10.00",1.365,0.416051987,26.1,1.486458333,296.9791667,2.227916667,74.85294118
0.126742226235273,0.068387939442416,0.0863455680589768,"266","W095","Waimānalo","Sample","03/06/2021",10,2021,"June",23,"PN266",16,3,21.326702,-157.681698,701,"2021_June","Dry","Waimānalo_Dry",0.428268586,"Last quarter",4.856348538,278.2482751,1612480,"03/06/2021 10.00",1.365,0.416051987,26.1,1.486458333,296.9791667,2.227916667,74.85294118
0.171991573020901,0.0130793462116938,-0.0380835540717462,"268","W097","Waimānalo","Sample","28/06/2023",16.3,2023,"June",23,"PN268",17,1,21.326702,-157.681698,1456,"2023_June","Dry","Waimānalo_Dry",0.766909533,"Waxing gibbous",2.133906893,122.2638588,1612480,"28/06/2023 16.30",0.909,0.277063191,25.2,1.789583333,76,2.322083333,64.57142857
0.09606955308369,0.0198700455203874,-0.00498805433463652,"269","W099","Waimānalo","Sample","28/06/2023",16.3,2023,"June",23,"PN269",17,2,21.326702,-157.681698,1456,"2023_June","Dry","Waimānalo_Dry",0.766909533,"Waxing gibbous",2.133906893,122.2638588,1612480,"28/06/2023 16.30",0.909,0.277063191,25.2,1.789583333,76,2.322083333,64.57142857
0.205438255072044,0.0231929860742229,-0.0730506392820161,"270","W101","Waimānalo","Sample","28/06/2023",16.3,2023,"June",23,"PN270",17,3,21.326702,-157.681698,1456,"2023_June","Dry","Waimānalo_Dry",0.766909533,"Waxing gibbous",2.133906893,122.2638588,1612480,"28/06/2023 16.30",0.909,0.277063191,25.2,1.789583333,76,2.322083333,64.57142857
