"NMDS1","NMDS2","NMDS3","SAMPLE_ID","SAMPLE","SITE","TYPE","DATE","HOUR","YEAR","MONTH","MONTHS","MGAL_ID","STEP","REPLICATE","LAT","LON","TIME","YEAR_MONTH","SEASON","SITE_SEASON","illum","phase","radians","degrees","STATION","SAMPLED_DATETIME","tide_height_ft","tide_height_m","SST","WVHT","MWD","WSPD","WDIR"
-0.689594881867321,-0.142329274762397,-0.260239390132812,"001","K001","Kāneʻohe","Sample","10/07/2019",11.4,2019,"July",0,"PN001",1,1,21.435115,-157.7867,7,"2019_July","Dry","Kāneʻohe_Dry",0.56844901,"First quarter",1.708125596,97.86838752,1612480,"10/07/2019 11.40",1.897,0.578205581,27.4,1.555833333,98.08695652,1.823430962,93.08786611
-0.871356087686873,0.00859683823730771,-0.337360661489741,"002","K003","Kāneʻohe","Sample","10/07/2019",11.4,2019,"July",0,"PN002",1,2,21.435115,-157.7867,7,"2019_July","Dry","Kāneʻohe_Dry",0.56844901,"First quarter",1.708125596,97.86838752,1612480,"10/07/2019 11.40",1.897,0.578205581,27.4,1.555833333,98.08695652,1.823430962,93.08786611
-0.718357493407608,-0.184673295718397,-0.0510199778359817,"003","K005","Kāneʻohe","Sample","10/07/2019",11.4,2019,"July",0,"PN003",1,3,21.435115,-157.7867,7,"2019_July","Dry","Kāneʻohe_Dry",0.56844901,"First quarter",1.708125596,97.86838752,1612480,"10/07/2019 11.40",1.897,0.578205581,27.4,1.555833333,98.08695652,1.823430962,93.08786611
-0.363616096987301,-0.220024866115597,0.0605717658673315,"005","K007","Kāneʻohe","Sample","19/09/2019",10.3,2019,"September",2,"PN005",2,1,21.435115,-157.7867,78,"2019_September","Dry","Kāneʻohe_Dry",0.723789221,"Waning gibbous",4.248333419,243.4115749,1612480,"19/09/2019 10.30",1.339,0.408127187,27.3,1.622083333,83.46808511,1.911715481,70.03361345
-0.372863808316892,-0.13336544614208,0.0774768187472799,"006","K009","Kāneʻohe","Sample","19/09/2019",10.3,2019,"September",2,"PN006",2,2,21.435115,-157.7867,78,"2019_September","Dry","Kāneʻohe_Dry",0.723789221,"Waning gibbous",4.248333419,243.4115749,1612480,"19/09/2019 10.30",1.339,0.408127187,27.3,1.622083333,83.46808511,1.911715481,70.03361345
-0.408610740282333,-0.132385125887477,0.107428266328789,"007","K011","Kāneʻohe","Sample","19/09/2019",10.3,2019,"September",2,"PN007",2,3,21.435115,-157.7867,78,"2019_September","Dry","Kāneʻohe_Dry",0.723789221,"Waning gibbous",4.248333419,243.4115749,1612480,"19/09/2019 10.30",1.339,0.408127187,27.3,1.622083333,83.46808511,1.911715481,70.03361345
-0.350119869188036,-0.238487545489323,-0.0461091223421582,"009","K013","Kāneʻohe","Sample","21/11/2019",10.3,2019,"November",4,"PN009",3,1,21.435115,-157.7867,141,"2019_November","Wet","Kāneʻohe_Wet",0.317327881,"Last quarter",5.086391559,291.4287693,1612480,"21/11/2019 10.30",2.402,0.732129577,27.2,1.8475,67.95833333,1.988333333,82.52301255
-0.41218993911767,-0.229211196043102,-0.0601410014704635,"010","K015","Kāneʻohe","Sample","21/11/2019",10.3,2019,"November",4,"PN010",3,2,21.435115,-157.7867,141,"2019_November","Wet","Kāneʻohe_Wet",0.317327881,"Last quarter",5.086391559,291.4287693,1612480,"21/11/2019 10.30",2.402,0.732129577,27.2,1.8475,67.95833333,1.988333333,82.52301255
-0.394873343790417,-0.212801448355985,-0.0792456980191531,"011","K017","Kāneʻohe","Sample","21/11/2019",10.3,2019,"November",4,"PN011",3,3,21.435115,-157.7867,141,"2019_November","Wet","Kāneʻohe_Wet",0.317327881,"Last quarter",5.086391559,291.4287693,1612480,"21/11/2019 10.30",2.402,0.732129577,27.2,1.8475,67.95833333,1.988333333,82.52301255
-0.474019998819904,0.0698967105064175,-0.067934878537017,"013","K019","Kāneʻohe","Sample","12/02/2020",9.3,2020,"February",7,"PN013",4,1,21.435115,-157.7867,224,"2020_February","Wet","Kāneʻohe_Wet",0.864120028,"Waning gibbous",3.896638599,223.260946,1612480,"12/02/2020 9.30",0.916,0.279196791,24.2,2.685208333,196.8333333,1.604477612,166.2857143
-0.373059815117272,-0.0511830940463805,-0.0541260701612467,"014","K021","Kāneʻohe","Sample","12/02/2020",9.3,2020,"February",7,"PN014",4,2,21.435115,-157.7867,224,"2020_February","Wet","Kāneʻohe_Wet",0.864120028,"Waning gibbous",3.896638599,223.260946,1612480,"12/02/2020 9.30",0.916,0.279196791,24.2,2.685208333,196.8333333,1.604477612,166.2857143
-0.388132632448622,-0.0929362838132563,-0.157482193104434,"015","K023","Kāneʻohe","Sample","12/02/2020",9.3,2020,"February",7,"PN015",4,3,21.435115,-157.7867,224,"2020_February","Wet","Kāneʻohe_Wet",0.864120028,"Waning gibbous",3.896638599,223.260946,1612480,"12/02/2020 9.30",0.916,0.279196791,24.2,2.685208333,196.8333333,1.604477612,166.2857143
-0.499284572927923,-0.10367236358903,0.0984138265386741,"017","K025","Kāneʻohe","Sample","27/05/2020",10.3,2020,"May",10,"PN017",5,1,21.435115,-157.7867,329,"2020_May","Dry","Kāneʻohe_Dry",0.275259451,"Waxing crescent",1.104611961,63.28960337,1612480,"27/05/2020 10.30",0.312,0.095097597,25.7,1.214791667,121.3829787,1.59375,92.54201681
-0.618347515321813,-0.144138340646617,-0.00501305595107232,"018","K027","Kāneʻohe","Sample","27/05/2020",10.3,2020,"May",10,"PN018",5,2,21.435115,-157.7867,329,"2020_May","Dry","Kāneʻohe_Dry",0.275259451,"Waxing crescent",1.104611961,63.28960337,1612480,"27/05/2020 10.30",0.312,0.095097597,25.7,1.214791667,121.3829787,1.59375,92.54201681
-0.542829292440817,-0.119176407931362,0.0757512120880444,"019","K029","Kāneʻohe","Sample","27/05/2020",10.3,2020,"May",10,"PN019",5,3,21.435115,-157.7867,329,"2020_May","Dry","Kāneʻohe_Dry",0.275259451,"Waxing crescent",1.104611961,63.28960337,1612480,"27/05/2020 10.30",0.312,0.095097597,25.7,1.214791667,121.3829787,1.59375,92.54201681
-0.424773400491287,-0.0978372680370777,0.0541267527955811,"021","K031","Kāneʻohe","Sample","26/06/2020",11,2020,"June",11,"PN021",6,1,21.435115,-157.7867,359,"2020_June","Dry","Kāneʻohe_Dry",0.32091442,"First quarter",1.204487965,69.0120769,1612480,"26/06/2020 11.00",0.837,0.255117592,26.1,1.663829787,78.14893617,2.064583333,79.62869198
-0.480554787671876,-0.121739700998659,0.0695201967012797,"022","K033","Kāneʻohe","Sample","26/06/2020",11,2020,"June",11,"PN022",6,2,21.435115,-157.7867,359,"2020_June","Dry","Kāneʻohe_Dry",0.32091442,"First quarter",1.204487965,69.0120769,1612480,"26/06/2020 11.00",0.837,0.255117592,26.1,1.663829787,78.14893617,2.064583333,79.62869198
-0.481459674952517,-0.145465612825347,0.1108250640712,"023","K035","Kāneʻohe","Sample","26/06/2020",11,2020,"June",11,"PN023",6,3,21.435115,-157.7867,359,"2020_June","Dry","Kāneʻohe_Dry",0.32091442,"First quarter",1.204487965,69.0120769,1612480,"26/06/2020 11.00",0.837,0.255117592,26.1,1.663829787,78.14893617,2.064583333,79.62869198
-0.476141512077909,-0.132740866233546,-0.0511305971223649,"025","K037","Kāneʻohe","Sample","31/07/2020",14,2020,"July",12,"PN025",7,1,21.435115,-157.7867,394,"2020_July","Dry","Kāneʻohe_Dry",0.857775026,"Waxing gibbous",2.368207522,135.688296,1612480,"31/07/2020 14.00",1.588,0.484022385,26.7,1.933617021,62.25531915,2.827111111,66.97333333
-0.474531802423598,-0.081353180853224,0.0152125203224658,"026","K039","Kāneʻohe","Sample","31/07/2020",14,2020,"July",12,"PN026",7,2,21.435115,-157.7867,394,"2020_July","Dry","Kāneʻohe_Dry",0.857775026,"Waxing gibbous",2.368207522,135.688296,1612480,"31/07/2020 14.00",1.588,0.484022385,26.7,1.933617021,62.25531915,2.827111111,66.97333333
-0.542201187755653,-0.0811557506030676,-0.0918571496039074,"027","K041","Kāneʻohe","Sample","31/07/2020",14,2020,"July",12,"PN027",7,3,21.435115,-157.7867,394,"2020_July","Dry","Kāneʻohe_Dry",0.857775026,"Waxing gibbous",2.368207522,135.688296,1612480,"31/07/2020 14.00",1.588,0.484022385,26.7,1.933617021,62.25531915,2.827111111,66.97333333
-0.478116452928711,-0.210072855017465,0.0146159698259505,"029","K043","Kāneʻohe","Sample","27/08/2020",12,2020,"August",13,"PN029",8,1,21.435115,-157.7867,421,"2020_August","Dry","Kāneʻohe_Dry",0.628047867,"First quarter",1.829777395,104.8385222,1612480,"27/08/2020 12.00",2.691,0.820216774,26.7,1.305,55.8125,2.269565217,62.00434783
-0.349232477039317,-0.160463020120588,0.0697202378769475,"030","K045","Kāneʻohe","Sample","27/08/2020",12,2020,"August",13,"PN030",8,2,21.435115,-157.7867,421,"2020_August","Dry","Kāneʻohe_Dry",0.628047867,"First quarter",1.829777395,104.8385222,1612480,"27/08/2020 12.00",2.691,0.820216774,26.7,1.305,55.8125,2.269565217,62.00434783
-0.357117751225667,-0.151128013539987,0.092085365295144,"031","K047","Kāneʻohe","Sample","27/08/2020",12,2020,"August",13,"PN031",8,3,21.435115,-157.7867,421,"2020_August","Dry","Kāneʻohe_Dry",0.628047867,"First quarter",1.829777395,104.8385222,1612480,"27/08/2020 12.00",2.691,0.820216774,26.7,1.305,55.8125,2.269565217,62.00434783
-0.424659673787307,-0.148807672704974,0.0621916952346848,"033","K049","Kāneʻohe","Sample","30/09/2020",11,2020,"September",14,"PN033",9,1,21.435115,-157.7867,455,"2020_September","Dry","Kāneʻohe_Dry",0.967795982,"Full",2.780728241,159.3239922,1612480,"30/09/2020 11.00",1.926,0.587044781,27.1,1.383404255,139.9361702,1.859817352,166.5981735
-0.473951600461536,-0.165361291229631,0.0712213355562644,"034","K051","Kāneʻohe","Sample","30/09/2020",11,2020,"September",14,"PN034",9,2,21.435115,-157.7867,455,"2020_September","Dry","Kāneʻohe_Dry",0.967795982,"Full",2.780728241,159.3239922,1612480,"30/09/2020 11.00",1.926,0.587044781,27.1,1.383404255,139.9361702,1.859817352,166.5981735
-0.35737261448181,-0.185212527508064,0.0573710955910331,"035","K053","Kāneʻohe","Sample","30/09/2020",11,2020,"September",14,"PN035",9,3,21.435115,-157.7867,455,"2020_September","Dry","Kāneʻohe_Dry",0.967795982,"Full",2.780728241,159.3239922,1612480,"30/09/2020 11.00",1.926,0.587044781,27.1,1.383404255,139.9361702,1.859817352,166.5981735
-0.989588533141494,-0.107579651102886,0.464035797167377,"037","K055","Kāneʻohe","Sample","29/10/2020",11,2020,"October",15,"PN037",10,1,21.435115,-157.7867,484,"2020_October","Dry","Kāneʻohe_Dry",0.944930226,"Waxing gibbous",2.667835535,152.8557166,1612480,"29/10/2020 11.00",2.202,0.671169579,27.7,1.079583333,120.75,1.992237443,174.1238532
-0.379686514766459,-1.08226513447293,-0.0672221332368174,"038","K057","Kāneʻohe","Sample","29/10/2020",11,2020,"October",15,"PN038",10,2,21.435115,-157.7867,484,"2020_October","Dry","Kāneʻohe_Dry",0.944930226,"Waxing gibbous",2.667835535,152.8557166,1612480,"29/10/2020 11.00",2.202,0.671169579,27.7,1.079583333,120.75,1.992237443,174.1238532
-0.409308368018415,-0.145865943365278,-0.145710755845336,"039","K059","Kāneʻohe","Sample","29/10/2020",11,2020,"October",15,"PN039",10,3,21.435115,-157.7867,484,"2020_October","Dry","Kāneʻohe_Dry",0.944930226,"Waxing gibbous",2.667835535,152.8557166,1612480,"29/10/2020 11.00",2.202,0.671169579,27.7,1.079583333,120.75,1.992237443,174.1238532
-0.278079417632303,-0.0975075313559373,0.0139670306912375,"041","K061","Kāneʻohe","Sample","30/11/2020",11,2020,"November",16,"PN041",11,1,21.435115,-157.7867,516,"2020_November","Wet","Kāneʻohe_Wet",0.999333055,"Full",3.19324896,182.9596883,1612480,"30/11/2020 11.00",1.618,0.493166384,26.2,1.889375,82.70833333,1.510697674,86.20187793
-0.310555321670835,-0.283444054838459,-0.064953372400779,"042","K063","Kāneʻohe","Sample","30/11/2020",11,2020,"November",16,"PN042",11,2,21.435115,-157.7867,516,"2020_November","Wet","Kāneʻohe_Wet",0.999333055,"Full",3.19324896,182.9596883,1612480,"30/11/2020 11.00",1.618,0.493166384,26.2,1.889375,82.70833333,1.510697674,86.20187793
-0.359307073940212,-0.143383254149178,0.219716394491141,"043","K065","Kāneʻohe","Sample","30/11/2020",11,2020,"November",16,"PN043",11,3,21.435115,-157.7867,516,"2020_November","Wet","Kāneʻohe_Wet",0.999333055,"Full",3.19324896,182.9596883,1612480,"30/11/2020 11.00",1.618,0.493166384,26.2,1.889375,82.70833333,1.510697674,86.20187793
-0.40029731390405,-0.268277666536935,-0.1753790642825,"045","K067","Kāneʻohe","Sample","28/12/2020",10.3,2020,"December",17,"PN045",12,1,21.435115,-157.7867,544,"2020_December","Wet","Kāneʻohe_Wet",0.98134744,"Full",2.867587544,164.3006636,1612480,"28/12/2020 10.30",1.46,0.445007986,25.9,2.421666667,65.66666667,1.488983051,139.1694915
-0.268536556330523,-0.313616079715778,-0.000547504218046204,"046","K069","Kāneʻohe","Sample","28/12/2020",10.3,2020,"December",17,"PN046",12,2,21.435115,-157.7867,544,"2020_December","Wet","Kāneʻohe_Wet",0.98134744,"Full",2.867587544,164.3006636,1612480,"28/12/2020 10.30",1.46,0.445007986,25.9,2.421666667,65.66666667,1.488983051,139.1694915
-0.409928095546471,-0.156514864105763,-0.0738318758756833,"047","K071","Kāneʻohe","Sample","28/12/2020",10.3,2020,"December",17,"PN047",12,3,21.435115,-157.7867,544,"2020_December","Wet","Kāneʻohe_Wet",0.98134744,"Full",2.867587544,164.3006636,1612480,"28/12/2020 10.30",1.46,0.445007986,25.9,2.421666667,65.66666667,1.488983051,139.1694915
-0.390241348547764,-0.130407916020241,-0.01591690781328,"049","K073","Kāneʻohe","Sample","19/01/2021",10.3,2021,"January",18,"PN049",13,1,21.435115,-157.7867,566,"2021_January","Wet","Kāneʻohe_Wet",0.349623333,"First quarter",1.265313865,72.49714423,1612480,"19/01/2021 10.30",1.441,0.439216786,25.2,3.227708333,51.66666667,2.647826087,119.0043478
-0.392594185447561,-0.0889732156576171,-0.0261001513689432,"050","K075","Kāneʻohe","Sample","19/01/2021",10.3,2021,"January",18,"PN050",13,2,21.435115,-157.7867,566,"2021_January","Wet","Kāneʻohe_Wet",0.349623333,"First quarter",1.265313865,72.49714423,1612480,"19/01/2021 10.30",1.441,0.439216786,25.2,3.227708333,51.66666667,2.647826087,119.0043478
-0.321520840453936,-0.207636805819642,0.0126804433587167,"051","K077","Kāneʻohe","Sample","19/01/2021",10.3,2021,"January",18,"PN051",13,3,21.435115,-157.7867,566,"2021_January","Wet","Kāneʻohe_Wet",0.349623333,"First quarter",1.265313865,72.49714423,1612480,"19/01/2021 10.30",1.441,0.439216786,25.2,3.227708333,51.66666667,2.647826087,119.0043478
-0.101588530435174,0.968854791136764,-0.11817378262829,"053","L001","Lanikai","Sample","16/07/2019",10.3,2019,"July",0,"PN053",1,1,21.392735,-157.714014,13,"2019_July","Dry","Lanikai_Dry",0.993861744,"Full",2.984737858,171.0128822,1612480,"16/07/2019 10.30",0.778,0.237134392,27.6,1.285625,79.70833333,2.294067797,75.57627119
-0.19230822490676,0.900870099357487,0.0468175235600668,"054","L003","Lanikai","Sample","16/07/2019",10.3,2019,"July",0,"PN054",1,2,21.392735,-157.714014,13,"2019_July","Dry","Lanikai_Dry",0.993861744,"Full",2.984737858,171.0128822,1612480,"16/07/2019 10.30",0.778,0.237134392,27.6,1.285625,79.70833333,2.294067797,75.57627119
-0.253876667360756,0.814239665281369,0.0598601320683894,"055","L005","Lanikai","Sample","16/07/2019",10.3,2019,"July",0,"PN055",1,3,21.392735,-157.714014,13,"2019_July","Dry","Lanikai_Dry",0.993861744,"Full",2.984737858,171.0128822,1612480,"16/07/2019 10.30",0.778,0.237134392,27.6,1.285625,79.70833333,2.294067797,75.57627119
-0.0153068277406936,0.415959778934893,-0.196153934194584,"057","L007","Lanikai","Sample","18/09/2019",10.3,2019,"September",2,"PN057",2,1,21.392735,-157.714014,77,"2019_September","Dry","Lanikai_Dry",0.813160249,"Waning gibbous",4.035564709,231.2208258,1612480,"18/09/2019 10.30",1.149,0.350215189,27.4,1.620416667,83.89130435,2.215062762,75.96581197
-0.13332314567421,0.135421333723398,-0.289387105190707,"058","L009","Lanikai","Sample","18/09/2019",10.3,2019,"September",2,"PN058",2,2,21.392735,-157.714014,77,"2019_September","Dry","Lanikai_Dry",0.813160249,"Waning gibbous",4.035564709,231.2208258,1612480,"18/09/2019 10.30",1.149,0.350215189,27.4,1.620416667,83.89130435,2.215062762,75.96581197
-0.0521713320147671,0.332782591010658,-0.294857549376232,"059","L011","Lanikai","Sample","18/09/2019",10.3,2019,"September",2,"PN059",2,3,21.392735,-157.714014,77,"2019_September","Dry","Lanikai_Dry",0.813160249,"Waning gibbous",4.035564709,231.2208258,1612480,"18/09/2019 10.30",1.149,0.350215189,27.4,1.620416667,83.89130435,2.215062762,75.96581197
-0.00535834222371671,0.262454893592469,-0.280961117128148,"061","L013","Lanikai","Sample","26/11/2019",9.3,2019,"November",4,"PN061",3,1,21.392735,-157.714014,146,"2019_November","Wet","Lanikai_Wet",0.004412434,"New",6.150235111,352.3825149,1612480,"26/11/2019 9.30",1.375,0.419099987,26.8,2.224583333,54.0625,1.498333333,103.7394958
0.0261702352043093,0.245637774154866,-0.274586382788009,"062","L015","Lanikai","Sample","26/11/2019",9.3,2019,"November",4,"PN062",3,2,21.392735,-157.714014,146,"2019_November","Wet","Lanikai_Wet",0.004412434,"New",6.150235111,352.3825149,1612480,"26/11/2019 9.30",1.375,0.419099987,26.8,2.224583333,54.0625,1.498333333,103.7394958
-0.00528890809645909,0.119262543905634,-0.451136447602809,"063","L017","Lanikai","Sample","26/11/2019",9.3,2019,"November",4,"PN063",3,3,21.392735,-157.714014,146,"2019_November","Wet","Lanikai_Wet",0.004412434,"New",6.150235111,352.3825149,1612480,"26/11/2019 9.30",1.375,0.419099987,26.8,2.224583333,54.0625,1.498333333,103.7394958
-0.0470653558462426,0.317664279786898,-0.063460310396641,"065","L019","Lanikai","Sample","05/02/2020",10,2020,"February",7,"PN065",4,1,21.392735,-157.714014,217,"2020_February","Wet","Lanikai_Wet",0.871138256,"Waxing gibbous",2.407257627,137.9257022,1612480,"05/02/2020 10.00",1.313,0.400202387,24.8,1.589574468,55.06382979,1.522413793,133.8965517
0.18445572267466,0.148274005081256,-0.309984319741589,"066","L021","Lanikai","Sample","05/02/2020",10,2020,"February",7,"PN066",4,2,21.392735,-157.714014,217,"2020_February","Wet","Lanikai_Wet",0.871138256,"Waxing gibbous",2.407257627,137.9257022,1612480,"05/02/2020 10.00",1.313,0.400202387,24.8,1.589574468,55.06382979,1.522413793,133.8965517
0.00819993061976187,0.0173852249364449,-0.472478928201609,"067","L023","Lanikai","Sample","05/02/2020",10,2020,"February",7,"PN067",4,3,21.392735,-157.714014,217,"2020_February","Wet","Lanikai_Wet",0.871138256,"Waxing gibbous",2.407257627,137.9257022,1612480,"05/02/2020 10.00",1.313,0.400202387,24.8,1.589574468,55.06382979,1.522413793,133.8965517
0.136928922080063,0.548698867403663,-0.377058366467708,"069","L025","Lanikai","Sample","26/05/2020",13,2020,"May",10,"PN069",5,1,21.392735,-157.714014,328,"2020_May","Dry","Lanikai_Dry",0.18601069,"Waxing crescent",0.891843251,51.09885425,1612480,"26/05/2020 13.00",1.057,0.32217359,25.7,1.287708333,275.1041667,1.738333333,132.4333333
0.022772202078597,0.418503280997027,-0.441886506079193,"070","L027","Lanikai","Sample","26/05/2020",13,2020,"May",10,"PN070",5,2,21.392735,-157.714014,328,"2020_May","Dry","Lanikai_Dry",0.18601069,"Waxing crescent",0.891843251,51.09885425,1612480,"26/05/2020 13.00",1.057,0.32217359,25.7,1.287708333,275.1041667,1.738333333,132.4333333
-0.14636164419974,0.372452029647027,-0.40778470966091,"071","L029","Lanikai","Sample","26/05/2020",13,2020,"May",10,"PN071",5,3,21.392735,-157.714014,328,"2020_May","Dry","Lanikai_Dry",0.18601069,"Waxing crescent",0.891843251,51.09885425,1612480,"26/05/2020 13.00",1.057,0.32217359,25.7,1.287708333,275.1041667,1.738333333,132.4333333
0.0277426647905696,0.428411228069621,0.0740490854519004,"073","L031","Lanikai","Sample","25/06/2020",12.3,2020,"June",11,"PN073",6,1,21.392735,-157.714014,358,"2020_June","Dry","Lanikai_Dry",0.226374146,"Waxing crescent",0.991719255,56.82132778,1612480,"25/06/2020 12.30",0.932,0.284073591,25.9,1.797083333,70.97916667,2.130833333,83.19246862
0.195841711780879,0.476366715540052,-0.00897961836419071,"074","L033","Lanikai","Sample","25/06/2020",12.3,2020,"June",11,"PN074",6,2,21.392735,-157.714014,358,"2020_June","Dry","Lanikai_Dry",0.226374146,"Waxing crescent",0.991719255,56.82132778,1612480,"25/06/2020 12.30",0.932,0.284073591,25.9,1.797083333,70.97916667,2.130833333,83.19246862
0.211780583676759,0.565938820719974,0.149910208718078,"075","L035","Lanikai","Sample","25/06/2020",12.3,2020,"June",11,"PN075",6,3,21.392735,-157.714014,358,"2020_June","Dry","Lanikai_Dry",0.226374146,"Waxing crescent",0.991719255,56.82132778,1612480,"25/06/2020 12.30",0.932,0.284073591,25.9,1.797083333,70.97916667,2.130833333,83.19246862
0.096810327883754,0.337660623481448,-0.318362292264104,"077","L037","Lanikai","Sample","24/07/2020",11.3,2020,"July",12,"PN077",7,1,21.392735,-157.714014,387,"2020_July","Dry","Lanikai_Dry",0.180972435,"Waxing crescent",0.878826549,50.35305219,1612480,"24/07/2020 11.30",0.935,0.284987991,26.9,1.742765957,52.12765957,2.248826291,72.85714286
0.0527293014044275,0.513571096951602,-0.0849673433285257,"078","L039","Lanikai","Sample","24/07/2020",11.3,2020,"July",12,"PN078",7,2,21.392735,-157.714014,387,"2020_July","Dry","Lanikai_Dry",0.180972435,"Waxing crescent",0.878826549,50.35305219,1612480,"24/07/2020 11.30",0.935,0.284987991,26.9,1.742765957,52.12765957,2.248826291,72.85714286
0.097803497585086,0.515184015887917,-0.136219598076116,"079","L041","Lanikai","Sample","24/07/2020",11.3,2020,"July",12,"PN079",7,3,21.392735,-157.714014,387,"2020_July","Dry","Lanikai_Dry",0.180972435,"Waxing crescent",0.878826549,50.35305219,1612480,"24/07/2020 11.30",0.935,0.284987991,26.9,1.742765957,52.12765957,2.248826291,72.85714286
0.186748516494636,-0.0181124523400277,-0.37019161609087,"081","L043","Lanikai","Sample","26/08/2020",9.45,2020,"August",13,"PN081",8,1,21.392735,-157.714014,420,"2020_August","Dry","Lanikai_Dry",0.523097956,"First quarter",1.617008685,92.64777307,1612480,"26/08/2020 9.45",2.428,0.740054376,26.8,1.237291667,82.08333333,2.060810811,99.24311927
0.101300123364505,0.0531075647145963,-0.433498174277853,"082","L045","Lanikai","Sample","26/08/2020",9.45,2020,"August",13,"PN082",8,2,21.392735,-157.714014,420,"2020_August","Dry","Lanikai_Dry",0.523097956,"First quarter",1.617008685,92.64777307,1612480,"26/08/2020 9.45",2.428,0.740054376,26.8,1.237291667,82.08333333,2.060810811,99.24311927
0.109712462178116,-0.000116081323658652,-0.260397006771561,"083","L047","Lanikai","Sample","26/08/2020",9.45,2020,"August",13,"PN083",8,3,21.392735,-157.714014,420,"2020_August","Dry","Lanikai_Dry",0.523097956,"First quarter",1.617008685,92.64777307,1612480,"26/08/2020 9.45",2.428,0.740054376,26.8,1.237291667,82.08333333,2.060810811,99.24311927
0.119900621018197,0.193670382047734,-0.278184461129186,"085","L049","Lanikai","Sample","24/09/2020",11.15,2020,"September",14,"PN085",9,1,21.392735,-157.714014,449,"2020_September","Dry","Lanikai_Dry",0.466684527,"First quarter",1.504115979,86.17949747,1612480,"24/09/2020 11.15",2.556,0.779068775,27,1.694791667,167.6458333,2.628378378,76.49545455
0.199960420622486,0.25449454851863,-0.497042978820912,"086","L051","Lanikai","Sample","24/09/2020",11.15,2020,"September",14,"PN086",9,2,21.392735,-157.714014,449,"2020_September","Dry","Lanikai_Dry",0.466684527,"First quarter",1.504115979,86.17949747,1612480,"24/09/2020 11.15",2.556,0.779068775,27,1.694791667,167.6458333,2.628378378,76.49545455
0.149062351230812,0.0906618779232076,-0.310567626040422,"087","L053","Lanikai","Sample","24/09/2020",11.15,2020,"September",14,"PN087",9,3,21.392735,-157.714014,449,"2020_September","Dry","Lanikai_Dry",0.466684527,"First quarter",1.504115979,86.17949747,1612480,"24/09/2020 11.15",2.556,0.779068775,27,1.694791667,167.6458333,2.628378378,76.49545455
0.0517612635476369,0.0704379943957028,-0.366969310625633,"089","L055","Lanikai","Sample","26/10/2020",10.45,2020,"October",15,"PN089",10,1,21.392735,-157.714014,481,"2020_October","Dry","Lanikai_Dry",0.721406261,"Waxing gibbous",2.029529404,116.2834692,1612480,"26/10/2020 10.45",2.605,0.794003975,27.7,1.528333333,79.375,1.662441315,188.0471698
0.0650956997112938,0.057433813299779,-0.264934717224953,"090","L057","Lanikai","Sample","26/10/2020",10.45,2020,"October",15,"PN090",10,2,21.392735,-157.714014,481,"2020_October","Dry","Lanikai_Dry",0.721406261,"Waxing gibbous",2.029529404,116.2834692,1612480,"26/10/2020 10.45",2.605,0.794003975,27.7,1.528333333,79.375,1.662441315,188.0471698
0.0604453849177564,0.0472512623727887,-0.245837141263992,"091","L059","Lanikai","Sample","26/10/2020",10.45,2020,"October",15,"PN091",10,3,21.392735,-157.714014,481,"2020_October","Dry","Lanikai_Dry",0.721406261,"Waxing gibbous",2.029529404,116.2834692,1612480,"26/10/2020 10.45",2.605,0.794003975,27.7,1.528333333,79.375,1.662441315,188.0471698
0.143590082294152,0.0411467250650039,-0.106812508365733,"093","L061","Lanikai","Sample","27/11/2020",11.3,2020,"November",16,"PN093",11,1,21.392735,-157.714014,513,"2020_November","Wet","Lanikai_Wet",0.91639996,"Waxing gibbous",2.554942829,146.387441,1612480,"27/11/2020 11.30",1.966,0.599236781,26.3,1.934791667,80.33333333,2.961574074,54.16666667
0.0978613595333179,-0.00158433583155872,-0.118580135358498,"094","L063","Lanikai","Sample","27/11/2020",11.3,2020,"November",16,"PN094",11,2,21.392735,-157.714014,513,"2020_November","Wet","Lanikai_Wet",0.91639996,"Waxing gibbous",2.554942829,146.387441,1612480,"27/11/2020 11.30",1.966,0.599236781,26.3,1.934791667,80.33333333,2.961574074,54.16666667
0.170105139287271,0.0264566084619791,-0.215560786161347,"095","L065","Lanikai","Sample","27/11/2020",11.3,2020,"November",16,"PN095",11,3,21.392735,-157.714014,513,"2020_November","Wet","Lanikai_Wet",0.91639996,"Waxing gibbous",2.554942829,146.387441,1612480,"27/11/2020 11.30",1.966,0.599236781,26.3,1.934791667,80.33333333,2.961574074,54.16666667
0.198006698676054,0.177038741468531,-0.239069609509983,"097","L067","Lanikai","Sample","21/12/2020",10.3,2020,"December",17,"PN097",12,1,21.392735,-157.714014,537,"2020_December","Wet","Lanikai_Wet",0.404299295,"First quarter",1.378206571,78.96541982,1612480,"21/12/2020 10.30",2.005,0.61112398,26,1.962682927,80.65853659,1.753947368,90.57777778
0.245319974751041,0.212289992853896,-0.19344491050288,"098","L069","Lanikai","Sample","21/12/2020",10.3,2020,"December",17,"PN098",12,2,21.392735,-157.714014,537,"2020_December","Wet","Lanikai_Wet",0.404299295,"First quarter",1.378206571,78.96541982,1612480,"21/12/2020 10.30",2.005,0.61112398,26,1.962682927,80.65853659,1.753947368,90.57777778
0.318316684176189,0.155356444745774,-0.217953336976493,"099","L071","Lanikai","Sample","21/12/2020",10.3,2020,"December",17,"PN099",12,3,21.392735,-157.714014,537,"2020_December","Wet","Lanikai_Wet",0.404299295,"First quarter",1.378206571,78.96541982,1612480,"21/12/2020 10.30",2.005,0.61112398,26,1.962682927,80.65853659,1.753947368,90.57777778
0.0340916693831414,0.291750255088592,-0.11596392780317,"101","L073","Lanikai","Sample","14/01/2021",10.3,2021,"January",18,"PN101",13,1,21.392735,-157.714014,561,"2021_January","Wet","Lanikai_Wet",0.010113294,"New",0.201470313,11.54339864,1612480,"14/01/2021 10.30",1.355,0.413003987,25.4,2.14375,330.3541667,1.857964602,120.1238938
0.0205034617332712,0.166542720427769,-0.201261478829396,"102","L075","Lanikai","Sample","14/01/2021",10.3,2021,"January",18,"PN102",13,2,21.392735,-157.714014,561,"2021_January","Wet","Lanikai_Wet",0.010113294,"New",0.201470313,11.54339864,1612480,"14/01/2021 10.30",1.355,0.413003987,25.4,2.14375,330.3541667,1.857964602,120.1238938
-0.100117835007035,0.109577438023462,-0.381052098044079,"103","L077","Lanikai","Sample","14/01/2021",10.3,2021,"January",18,"PN103",13,3,21.392735,-157.714014,561,"2021_January","Wet","Lanikai_Wet",0.010113294,"New",0.201470313,11.54339864,1612480,"14/01/2021 10.30",1.355,0.413003987,25.4,2.14375,330.3541667,1.857964602,120.1238938
0.176634704475603,-0.0633317158539134,0.211307725083998,"105","M001","Maunalua","Sample","03/07/2019",11,2019,"July",0,"PN105",1,1,21.274484,-157.760817,0,"2019_July","Dry","Maunalua_Dry",0.01191468,"New",0.218744623,12.5331437,1612340,"03/07/2019 11.00",0.082,0.024993599,27.6,1.278958333,79.60416667,1.632916667,119.4556962
1.01505574521343,-0.427811695327086,0.883920824496759,"107","M005","Maunalua","Sample","03/07/2019",11,2019,"July",0,"PN107",1,3,21.274484,-157.760817,0,"2019_July","Dry","Maunalua_Dry",0.01191468,"New",0.218744623,12.5331437,1612340,"03/07/2019 11.00",0.082,0.024993599,27.6,1.278958333,79.60416667,1.632916667,119.4556962
0.119622637934922,-0.182642347568977,0.289125177668316,"109","M007","Maunalua","Sample","12/09/2019",9.3,2019,"September",2,"PN109",2,1,21.274484,-157.760817,71,"2019_September","Dry","Maunalua_Dry",0.963841047,"Full",2.758952446,158.076331,1612340,"12/09/2019 9.30",0.614,0.187147194,28.1,1.407083333,72.52083333,1.962184874,101.8781513
0.291366229692359,-0.0521383835000622,0.164527987283458,"110","M009","Maunalua","Sample","12/09/2019",9.3,2019,"September",2,"PN110",2,2,21.274484,-157.760817,71,"2019_September","Dry","Maunalua_Dry",0.963841047,"Full",2.758952446,158.076331,1612340,"12/09/2019 9.30",0.614,0.187147194,28.1,1.407083333,72.52083333,1.962184874,101.8781513
0.139019026438228,-0.178418616731897,0.143710526848525,"111","M011","Maunalua","Sample","12/09/2019",9.3,2019,"September",2,"PN111",2,3,21.274484,-157.760817,71,"2019_September","Dry","Maunalua_Dry",0.963841047,"Full",2.758952446,158.076331,1612340,"12/09/2019 9.30",0.614,0.187147194,28.1,1.407083333,72.52083333,1.962184874,101.8781513
0.20002986945481,0.0832560280107771,0.15676722185358,"113","M013","Maunalua","Sample","27/11/2019",12.3,2019,"November",4,"PN113",3,1,21.274484,-157.760817,147,"2019_November","Wet","Maunalua_Wet",0.001591903,"New",0.079818514,4.573263979,1612340,"27/11/2019 12.30",0.738,0.224942393,27.1,2.236041667,54.27083333,1.815416667,158.2416667
0.294151713438761,-0.233671062625941,0.030700055171462,"114","M015","Maunalua","Sample","27/11/2019",12.3,2019,"November",4,"PN114",3,2,21.274484,-157.760817,147,"2019_November","Wet","Maunalua_Wet",0.001591903,"New",0.079818514,4.573263979,1612340,"27/11/2019 12.30",0.738,0.224942393,27.1,2.236041667,54.27083333,1.815416667,158.2416667
0.333421620221848,-0.0291717525772066,0.281366021398876,"115","M017","Maunalua","Sample","27/11/2019",12.3,2019,"November",4,"PN115",3,3,21.274484,-157.760817,147,"2019_November","Wet","Maunalua_Wet",0.001591903,"New",0.079818514,4.573263979,1612340,"27/11/2019 12.30",0.738,0.224942393,27.1,2.236041667,54.27083333,1.815416667,158.2416667
0.223776019812639,-0.0942083290983427,0.160647544945986,"117","M019","Maunalua","Sample","13/02/2020",9.3,2020,"February",7,"PN117",4,1,21.274484,-157.760817,225,"2020_February","Wet","Maunalua_Wet",0.783550419,"Waning gibbous",4.10940731,235.4516951,1612340,"13/02/2020 9.30",1.27,0.387095988,24.2,2.605531915,45.34042553,1.733333333,109.4351145
0.227075657374258,-0.116553866921582,0.24078049970937,"118","M021","Maunalua","Sample","13/02/2020",9.3,2020,"February",7,"PN118",4,2,21.274484,-157.760817,225,"2020_February","Wet","Maunalua_Wet",0.783550419,"Waning gibbous",4.10940731,235.4516951,1612340,"13/02/2020 9.30",1.27,0.387095988,24.2,2.605531915,45.34042553,1.733333333,109.4351145
0.414957247692048,-0.152038427756774,0.0958070327981439,"119","M023","Maunalua","Sample","13/02/2020",9.3,2020,"February",7,"PN119",4,3,21.274484,-157.760817,225,"2020_February","Wet","Maunalua_Wet",0.783550419,"Waning gibbous",4.10940731,235.4516951,1612340,"13/02/2020 9.30",1.27,0.387095988,24.2,2.605531915,45.34042553,1.733333333,109.4351145
0.206644106742776,-0.125805533424411,0.134217930255719,"121","M025","Maunalua","Sample","25/05/2020",10.45,2020,"May",10,"PN121",5,1,21.274484,-157.760817,327,"2020_May","Dry","Maunalua_Dry",0.110922846,"Waxing crescent",0.67907454,38.90810514,1612340,"25/05/2020 10.45",0.256,0.078028798,26.1,1.413125,188.2291667,1.839583333,129.2468619
0.256138271291913,-0.101310758017347,0.102313685565466,"122","M027","Maunalua","Sample","25/05/2020",10.45,2020,"May",10,"PN122",5,2,21.274484,-157.760817,327,"2020_May","Dry","Maunalua_Dry",0.110922846,"Waxing crescent",0.67907454,38.90810514,1612340,"25/05/2020 10.45",0.256,0.078028798,26.1,1.413125,188.2291667,1.839583333,129.2468619
0.172356369249796,-0.0660415158564923,0.103212083132145,"123","M029","Maunalua","Sample","25/05/2020",10.45,2020,"May",10,"PN123",5,3,21.274484,-157.760817,327,"2020_May","Dry","Maunalua_Dry",0.110922846,"Waxing crescent",0.67907454,38.90810514,1612340,"25/05/2020 10.45",0.256,0.078028798,26.1,1.413125,188.2291667,1.839583333,129.2468619
0.13732825844613,-0.0905360307018129,0.0928217971880856,"125","M031","Maunalua","Sample","29/06/2020",11.3,2020,"June",11,"PN125",6,1,21.274484,-157.760817,362,"2020_June","Dry","Maunalua_Dry",0.634328148,"First quarter",1.842794097,105.5843242,1612340,"29/06/2020 11.30",2.057,0.62697358,27.1,1.300208333,53.14583333,1.7175,91.63291139
0.144138477902819,-0.204001953579257,0.0524677915734078,"126","M033","Maunalua","Sample","29/06/2020",11.3,2020,"June",11,"PN126",6,2,21.274484,-157.760817,362,"2020_June","Dry","Maunalua_Dry",0.634328148,"First quarter",1.842794097,105.5843242,1612340,"29/06/2020 11.30",2.057,0.62697358,27.1,1.300208333,53.14583333,1.7175,91.63291139
0.25772660738761,-0.168113262125907,-0.032761022859526,"127","M035","Maunalua","Sample","29/06/2020",11.3,2020,"June",11,"PN127",6,3,21.274484,-157.760817,362,"2020_June","Dry","Maunalua_Dry",0.634328148,"First quarter",1.842794097,105.5843242,1612340,"29/06/2020 11.30",2.057,0.62697358,27.1,1.300208333,53.14583333,1.7175,91.63291139
0.116723706556006,-0.14026438311013,0.0869475905727486,"129","M037","Maunalua","Sample","29/07/2020",11.3,2020,"July",12,"PN129",7,1,21.274484,-157.760817,392,"2020_July","Dry","Maunalua_Dry",0.681680884,"First quarter",1.942670101,111.3067978,1612340,"29/07/2020 11.30",2.497,0.761085576,27.1,2.053617021,69.68085106,2.326086957,64.8115942
0.124885277292933,-0.103417425364146,0.0803767028143552,"130","M039","Maunalua","Sample","29/07/2020",11.3,2020,"July",12,"PN130",7,2,21.274484,-157.760817,392,"2020_July","Dry","Maunalua_Dry",0.681680884,"First quarter",1.942670101,111.3067978,1612340,"29/07/2020 11.30",2.497,0.761085576,27.1,2.053617021,69.68085106,2.326086957,64.8115942
0.161999003025778,-0.0898646813333494,0.11565687875324,"131","M041","Maunalua","Sample","29/07/2020",11.3,2020,"July",12,"PN131",7,3,21.274484,-157.760817,392,"2020_July","Dry","Maunalua_Dry",0.681680884,"First quarter",1.942670101,111.3067978,1612340,"29/07/2020 11.30",2.497,0.761085576,27.1,2.053617021,69.68085106,2.326086957,64.8115942
0.153332777188625,-0.163433616006388,0.111810477591417,"133","M043","Maunalua","Sample","25/08/2020",12.3,2020,"August",13,"PN133",8,1,21.274484,-157.760817,419,"2020_August","Dry","Maunalua_Dry",0.417106327,"First quarter",1.404239974,80.45702395,1612340,"25/08/2020 12.30",2.136,0.651052779,27.4,1.318085106,86.46808511,1.87027027,101.0727273
0.176484639742996,-0.164362440860271,0.198934421746836,"134","M045","Maunalua","Sample","25/08/2020",12.3,2020,"August",13,"PN134",8,2,21.274484,-157.760817,419,"2020_August","Dry","Maunalua_Dry",0.417106327,"First quarter",1.404239974,80.45702395,1612340,"25/08/2020 12.30",2.136,0.651052779,27.4,1.318085106,86.46808511,1.87027027,101.0727273
0.196158347363414,-0.149334992485293,0.0946939700222431,"135","M047","Maunalua","Sample","25/08/2020",12.3,2020,"August",13,"PN135",8,3,21.274484,-157.760817,419,"2020_August","Dry","Maunalua_Dry",0.417106327,"First quarter",1.404239974,80.45702395,1612340,"25/08/2020 12.30",2.136,0.651052779,27.4,1.318085106,86.46808511,1.87027027,101.0727273
0.183894251133536,-0.157613380422265,0.154138619861559,"137","M049","Maunalua","Sample","22/09/2020",12.3,2020,"September",14,"PN137",9,1,21.274484,-157.760817,447,"2020_September","Dry","Maunalua_Dry",0.26370923,"Waxing crescent",1.078578558,61.79799924,1612340,"22/09/2020 12.30",1.637,0.498957584,27.2,1.422173913,56.80434783,2.06372093,63.89252336
0.193143239400086,-0.175953854211526,0.185384707367317,"138","M051","Maunalua","Sample","22/09/2020",12.3,2020,"September",14,"PN138",9,2,21.274484,-157.760817,447,"2020_September","Dry","Maunalua_Dry",0.26370923,"Waxing crescent",1.078578558,61.79799924,1612340,"22/09/2020 12.30",1.637,0.498957584,27.2,1.422173913,56.80434783,2.06372093,63.89252336
0.170043822951666,-0.17826036284279,0.146375396365255,"139","M053","Maunalua","Sample","22/09/2020",12.3,2020,"September",14,"PN139",9,3,21.274484,-157.760817,447,"2020_September","Dry","Maunalua_Dry",0.26370923,"Waxing crescent",1.078578558,61.79799924,1612340,"22/09/2020 12.30",1.637,0.498957584,27.2,1.422173913,56.80434783,2.06372093,63.89252336
0.335856451296542,-0.161898233225149,0.247908443419837,"141","M055","Maunalua","Sample","30/10/2020",10.3,2020,"October",15,"PN141",10,1,21.274484,-157.760817,485,"2020_October","Dry","Maunalua_Dry",0.983067703,"Full",2.880604245,165.0464657,1612340,"30/10/2020 10.30",1.07,0.32613599,27.6,1.249791667,209.7708333,3.136403509,239.8502203
0.27130601799737,-0.26411213961357,0.240099059857941,"142","M057","Maunalua","Sample","30/10/2020",10.3,2020,"October",15,"PN142",10,2,21.274484,-157.760817,485,"2020_October","Dry","Maunalua_Dry",0.983067703,"Full",2.880604245,165.0464657,1612340,"30/10/2020 10.30",1.07,0.32613599,27.6,1.249791667,209.7708333,3.136403509,239.8502203
0.175701201370905,-0.215341589064175,0.190302872134364,"143","M059","Maunalua","Sample","30/10/2020",10.3,2020,"October",15,"PN143",10,3,21.274484,-157.760817,485,"2020_October","Dry","Maunalua_Dry",0.983067703,"Full",2.880604245,165.0464657,1612340,"30/10/2020 10.30",1.07,0.32613599,27.6,1.249791667,209.7708333,3.136403509,239.8502203
0.148206107901619,-0.140217512519658,0.0492406352115176,"145","M061","Maunalua","Sample","23/11/2020",10.3,2020,"November",16,"PN145",11,1,21.274484,-157.760817,509,"2020_November","Wet","Maunalua_Wet",0.566339634,"First quarter",1.703867987,97.62444453,1612340,"23/11/2020 10.30",1.962,0.598017581,26.1,3.039166667,66.04166667,2.65745614,73.29646018
0.171869837906184,-0.138679661071923,0.066089012421992,"146","M063","Maunalua","Sample","23/11/2020",10.3,2020,"November",16,"PN146",11,2,21.274484,-157.760817,509,"2020_November","Wet","Maunalua_Wet",0.566339634,"First quarter",1.703867987,97.62444453,1612340,"23/11/2020 10.30",1.962,0.598017581,26.1,3.039166667,66.04166667,2.65745614,73.29646018
0.186685906370811,-0.152682307269814,0.0505524999911104,"147","M065","Maunalua","Sample","23/11/2020",10.3,2020,"November",16,"PN147",11,3,21.274484,-157.760817,509,"2020_November","Wet","Maunalua_Wet",0.566339634,"First quarter",1.703867987,97.62444453,1612340,"23/11/2020 10.30",1.962,0.598017581,26.1,3.039166667,66.04166667,2.65745614,73.29646018
0.178916340994367,-0.149771230835403,0.228842093715364,"149","M067","Maunalua","Sample","29/12/2020",10.15,2020,"December",17,"PN149",12,1,21.274484,-157.760817,545,"2020_December","Wet","Maunalua_Wet",0.999062819,"Full",3.080356254,176.4914128,1612340,"29/12/2020 10.15",0.653,0.199034394,25.7,1.767708333,83.25,1.370044053,136.6902655
0.205678073164976,-0.166824747176712,0.248525200485713,"150","M069","Maunalua","Sample","29/12/2020",10.15,2020,"December",17,"PN150",12,2,21.274484,-157.760817,545,"2020_December","Wet","Maunalua_Wet",0.999062819,"Full",3.080356254,176.4914128,1612340,"29/12/2020 10.15",0.653,0.199034394,25.7,1.767708333,83.25,1.370044053,136.6902655
0.214785100315848,-0.189536727327868,0.213061061197251,"151","M071","Maunalua","Sample","29/12/2020",10.15,2020,"December",17,"PN151",12,3,21.274484,-157.760817,545,"2020_December","Wet","Maunalua_Wet",0.999062819,"Full",3.080356254,176.4914128,1612340,"29/12/2020 10.15",0.653,0.199034394,25.7,1.767708333,83.25,1.370044053,136.6902655
0.338349688887145,-0.205202269499793,0.144075186271326,"153","M073","Maunalua","Sample","20/01/2021",15,2021,"January",18,"PN153",13,1,21.274484,-157.760817,567,"2021_January","Wet","Maunalua_Wet",0.453709508,"First quarter",1.478082575,84.68789334,1612340,"20/01/2021 15.00",1.69,0.515111984,25.3,2.584680851,143.5319149,1.772727273,81.29126214
0.263347995238648,-0.160772057419836,0.181528006290147,"154","M075","Maunalua","Sample","20/01/2021",15,2021,"January",18,"PN154",13,2,21.274484,-157.760817,567,"2021_January","Wet","Maunalua_Wet",0.453709508,"First quarter",1.478082575,84.68789334,1612340,"20/01/2021 15.00",1.69,0.515111984,25.3,2.584680851,143.5319149,1.772727273,81.29126214
0.198027480161495,0.0352234866367237,0.265393787165295,"155","M077","Maunalua","Sample","20/01/2021",15,2021,"January",18,"PN155",13,3,21.274484,-157.760817,567,"2021_January","Wet","Maunalua_Wet",0.453709508,"First quarter",1.478082575,84.68789334,1612340,"20/01/2021 15.00",1.69,0.515111984,25.3,2.584680851,143.5319149,1.772727273,81.29126214
-0.253456699391065,0.943486772080443,0.801148191913869,"157","W001","Waimānalo","Sample","11/07/2019",11,2019,"July",0,"PN157",1,1,21.326702,-157.681698,8,"2019_July","Dry","Waimānalo_Dry",0.671494923,"First quarter",1.920894306,110.0591366,1612480,"11/07/2019 11.00",2.107,0.642213579,27.3,1.41375,95.60416667,2.142857143,87.00421941
0.52143624310147,-0.958544067317782,-0.0303254539117829,"158","W003","Waimānalo","Sample","11/07/2019",11,2019,"July",0,"PN158",1,2,21.326702,-157.681698,8,"2019_July","Dry","Waimānalo_Dry",0.671494923,"First quarter",1.920894306,110.0591366,1612480,"11/07/2019 11.00",2.107,0.642213579,27.3,1.41375,95.60416667,2.142857143,87.00421941
0.346932194593721,-0.767971391888078,-0.784887129677738,"159","W005","Waimānalo","Sample","11/07/2019",11,2019,"July",0,"PN159",1,3,21.326702,-157.681698,8,"2019_July","Dry","Waimānalo_Dry",0.671494923,"First quarter",1.920894306,110.0591366,1612480,"11/07/2019 11.00",2.107,0.642213579,27.3,1.41375,95.60416667,2.142857143,87.00421941
0.229861958866679,-0.145282060162171,-0.180873924349827,"161","W007","Waimānalo","Sample","16/09/2019",10,2019,"September",2,"PN161",2,1,21.326702,-157.681698,75,"2019_September","Dry","Waimānalo_Dry",0.946138064,"Waning gibbous",3.610027288,206.8393275,1612480,"16/09/2019 10.00",0.955,0.291083991,28.3,1.333541667,73.85416667,1.680334728,98.53164557
0.317813811272333,-0.108085822045087,-0.172097946184323,"162","W009","Waimānalo","Sample","16/09/2019",10,2019,"September",2,"PN162",2,2,21.326702,-157.681698,75,"2019_September","Dry","Waimānalo_Dry",0.946138064,"Waning gibbous",3.610027288,206.8393275,1612480,"16/09/2019 10.00",0.955,0.291083991,28.3,1.333541667,73.85416667,1.680334728,98.53164557
0.115724877988412,-0.0201859495096543,-0.0540315956498641,"163","W011","Waimānalo","Sample","16/09/2019",10,2019,"September",2,"PN163",2,3,21.326702,-157.681698,75,"2019_September","Dry","Waimānalo_Dry",0.946138064,"Waning gibbous",3.610027288,206.8393275,1612480,"16/09/2019 10.00",0.955,0.291083991,28.3,1.333541667,73.85416667,1.680334728,98.53164557
0.280741145314704,-0.068304953935568,-0.186296447205107,"165","W013","Waimānalo","Sample","26/11/2019",10.2,2019,"November",4,"PN165",3,1,21.326702,-157.681698,146,"2019_November","Wet","Waimānalo_Wet",0.004412434,"New",6.150235111,352.3825149,1612480,"26/11/2019 10.20",1.565,0.477011985,26.8,2.224583333,54.0625,1.498333333,103.7394958
0.102000469858517,-0.192263348404695,-0.639367204498977,"166","W015","Waimānalo","Sample","26/11/2019",10.2,2019,"November",4,"PN166",3,2,21.326702,-157.681698,146,"2019_November","Wet","Waimānalo_Wet",0.004412434,"New",6.150235111,352.3825149,1612480,"26/11/2019 10.20",1.565,0.477011985,26.8,2.224583333,54.0625,1.498333333,103.7394958
0.367716614501877,-0.127174048584479,-0.360286166582183,"167","W017","Waimānalo","Sample","26/11/2019",10.2,2019,"November",4,"PN167",3,3,21.326702,-157.681698,146,"2019_November","Wet","Waimānalo_Wet",0.004412434,"New",6.150235111,352.3825149,1612480,"26/11/2019 10.20",1.565,0.477011985,26.8,2.224583333,54.0625,1.498333333,103.7394958
0.249185531073895,0.0356828395827706,0.0142187004737714,"168","W019","Waimānalo","Sample","01/02/2020",10,2020,"February",7,"PN168",4,1,21.326702,-157.681698,213,"2020_February","Wet","Waimānalo_Wet",0.492693489,"First quarter",1.556182785,89.16270574,1612480,"01/02/2020 10.00",1.099,0.334975189,25,2.239791667,131.7708333,1.683035714,89.09090909
0.170857003789388,-0.00505460606304993,-0.0372663121759673,"169","W021","Waimānalo","Sample","01/02/2020",10,2020,"February",7,"PN169",4,2,21.326702,-157.681698,213,"2020_February","Wet","Waimānalo_Wet",0.492693489,"First quarter",1.556182785,89.16270574,1612480,"01/02/2020 10.00",1.099,0.334975189,25,2.239791667,131.7708333,1.683035714,89.09090909
0.208288012057046,0.0616696938668656,0.0400134794661045,"170","W023","Waimānalo","Sample","01/02/2020",10,2020,"February",7,"PN170",4,3,21.326702,-157.681698,213,"2020_February","Wet","Waimānalo_Wet",0.492693489,"First quarter",1.556182785,89.16270574,1612480,"01/02/2020 10.00",1.099,0.334975189,25,2.239791667,131.7708333,1.683035714,89.09090909
0.151998512696772,0.00177924752463734,0.00638568519141765,"172","W025","Waimānalo","Sample","18/05/2020",12.45,2020,"May",10,"PN172",5,1,21.326702,-157.681698,320,"2020_May","Dry","Waimānalo_Dry",0.155361772,"Waning crescent",5.472878875,313.5728613,1612480,"18/05/2020 12.45",2.041,0.62209678,25.9,1.441875,211.7708333,2.0075,79.2605042
0.180045977521104,0.0198312946930588,-0.0251378680757739,"173","W027","Waimānalo","Sample","18/05/2020",12.45,2020,"May",10,"PN173",5,2,21.326702,-157.681698,320,"2020_May","Dry","Waimānalo_Dry",0.155361772,"Waning crescent",5.472878875,313.5728613,1612480,"18/05/2020 12.45",2.041,0.62209678,25.9,1.441875,211.7708333,2.0075,79.2605042
0.168224481349635,-0.0426754472769744,-0.0041600666582969,"174","W029","Waimānalo","Sample","18/05/2020",12.45,2020,"May",10,"PN174",5,3,21.326702,-157.681698,320,"2020_May","Dry","Waimānalo_Dry",0.155361772,"Waning crescent",5.472878875,313.5728613,1612480,"18/05/2020 12.45",2.041,0.62209678,25.9,1.441875,211.7708333,2.0075,79.2605042
0.167265676189984,-0.0832497037613888,-0.0427967151987129,"176","W031","Waimānalo","Sample","24/06/2020",13,2020,"June",11,"PN176",6,1,21.326702,-157.681698,357,"2020_June","Dry","Waimānalo_Dry",0.144174397,"Waxing crescent",0.778950545,44.63057866,1612480,"24/06/2020 13.00",1.254,0.382219188,25.9,1.574255319,74.76595745,2.155416667,74.32352941
0.0656835761262596,-0.0567055287369708,-0.0349666230765912,"177","W033","Waimānalo","Sample","24/06/2020",13,2020,"June",11,"PN177",6,2,21.326702,-157.681698,357,"2020_June","Dry","Waimānalo_Dry",0.144174397,"Waxing crescent",0.778950545,44.63057866,1612480,"24/06/2020 13.00",1.254,0.382219188,25.9,1.574255319,74.76595745,2.155416667,74.32352941
0.109405731885895,0.0638672680298215,0.0203952675574518,"178","W035","Waimānalo","Sample","24/06/2020",13,2020,"June",11,"PN178",6,3,21.326702,-157.681698,357,"2020_June","Dry","Waimānalo_Dry",0.144174397,"Waxing crescent",0.778950545,44.63057866,1612480,"24/06/2020 13.00",1.254,0.382219188,25.9,1.574255319,74.76595745,2.155416667,74.32352941
0.143781225653813,-0.067328912522356,-0.0745709035751444,"180","W037","Waimānalo","Sample","23/07/2020",12,2020,"July",12,"PN180",7,1,21.326702,-157.681698,386,"2020_July","Dry","Waimānalo_Dry",0.106868202,"Waxing crescent",0.666057839,38.16230307,1612480,"23/07/2020 12.00",1.09,0.332231989,27.1,1.395217391,50.86956522,1.59953271,78.69014085
0.224014669012899,-0.00118080856122405,-0.0492906793311157,"181","W039","Waimānalo","Sample","23/07/2020",12,2020,"July",12,"PN181",7,2,21.326702,-157.681698,386,"2020_July","Dry","Waimānalo_Dry",0.106868202,"Waxing crescent",0.666057839,38.16230307,1612480,"23/07/2020 12.00",1.09,0.332231989,27.1,1.395217391,50.86956522,1.59953271,78.69014085
0.109096402562375,-0.0563117830036564,-0.035189751923569,"182","W041","Waimānalo","Sample","23/07/2020",12,2020,"July",12,"PN182",7,3,21.326702,-157.681698,386,"2020_July","Dry","Waimānalo_Dry",0.106868202,"Waxing crescent",0.666057839,38.16230307,1612480,"23/07/2020 12.00",1.09,0.332231989,27.1,1.395217391,50.86956522,1.59953271,78.69014085
0.108248223578792,-0.0695542223823999,-0.0728324158544333,"184","W043","Waimānalo","Sample","24/08/2020",11.3,2020,"August",13,"PN184",8,1,21.326702,-157.681698,418,"2020_August","Dry","Waimānalo_Dry",0.314853203,"First quarter",1.191471264,68.26627483,1612480,"24/08/2020 11.30",1.851,0.564184782,26.7,1.394375,82.47916667,2.216425121,70.51941748
0.162953954748759,-0.0904655341846246,-0.0526648436133067,"185","W045","Waimānalo","Sample","24/08/2020",11.3,2020,"August",13,"PN185",8,2,21.326702,-157.681698,418,"2020_August","Dry","Waimānalo_Dry",0.314853203,"First quarter",1.191471264,68.26627483,1612480,"24/08/2020 11.30",1.851,0.564184782,26.7,1.394375,82.47916667,2.216425121,70.51941748
0.179975080432974,-0.0154361165987504,0.0140736453561697,"186","W047","Waimānalo","Sample","24/08/2020",11.3,2020,"August",13,"PN186",8,3,21.326702,-157.681698,418,"2020_August","Dry","Waimānalo_Dry",0.314853203,"First quarter",1.191471264,68.26627483,1612480,"24/08/2020 11.30",1.851,0.564184782,26.7,1.394375,82.47916667,2.216425121,70.51941748
0.197631578011984,-0.00470129197202956,-0.0292412051146433,"188","W049","Waimānalo","Sample","25/09/2020",9.45,2020,"September",14,"PN188",9,1,21.326702,-157.681698,450,"2020_September","Dry","Waimānalo_Dry",0.572784642,"First quarter",1.716884689,98.37024659,1612480,"25/09/2020 9.45",2.448,0.746150376,27,1.916666667,326.3333333,2.596086957,69.8
0.258818305923901,-0.0294489180871638,-0.0313573631390447,"189","W051","Waimānalo","Sample","25/09/2020",9.45,2020,"September",14,"PN189",9,2,21.326702,-157.681698,450,"2020_September","Dry","Waimānalo_Dry",0.572784642,"First quarter",1.716884689,98.37024659,1612480,"25/09/2020 9.45",2.448,0.746150376,27,1.916666667,326.3333333,2.596086957,69.8
0.272557268842865,-0.0210628509400669,-0.0922780584831851,"190","W053","Waimānalo","Sample","25/09/2020",9.45,2020,"September",14,"PN190",9,3,21.326702,-157.681698,450,"2020_September","Dry","Waimānalo_Dry",0.572784642,"First quarter",1.716884689,98.37024659,1612480,"25/09/2020 9.45",2.448,0.746150376,27,1.916666667,326.3333333,2.596086957,69.8
0.350752354362641,-0.125606301788106,-0.119863969178845,"192","W055","Waimānalo","Sample","28/10/2020",11,2020,"October",15,"PN192",10,1,21.326702,-157.681698,483,"2020_October","Dry","Waimānalo_Dry",0.886726398,"Waxing gibbous",2.455066825,140.6649675,1612480,"28/10/2020 11.00",2.395,0.729995977,27.6,1.123829787,53.95744681,1.353271028,149.8356808
0.24093639046206,-0.211975930670891,-0.0794151527656372,"193","W057","Waimānalo","Sample","28/10/2020",11,2020,"October",15,"PN193",10,2,21.326702,-157.681698,483,"2020_October","Dry","Waimānalo_Dry",0.886726398,"Waxing gibbous",2.455066825,140.6649675,1612480,"28/10/2020 11.00",2.395,0.729995977,27.6,1.123829787,53.95744681,1.353271028,149.8356808
0.257886232234493,-0.13711176887018,-0.147950714609075,"194","W059","Waimānalo","Sample","28/10/2020",11,2020,"October",15,"PN194",10,3,21.326702,-157.681698,483,"2020_October","Dry","Waimānalo_Dry",0.886726398,"Waxing gibbous",2.455066825,140.6649675,1612480,"28/10/2020 11.00",2.395,0.729995977,27.6,1.123829787,53.95744681,1.353271028,149.8356808
0.240108923677325,-0.0544746450433788,-0.0629479493259573,"196","W061","Waimānalo","Sample","29/11/2020",10.45,2020,"November",16,"PN196",11,1,21.326702,-157.681698,515,"2020_November","Wet","Waimānalo_Wet",0.993524723,"Full",2.98048025,170.7689392,1612480,"29/11/2020 10.45",1.595,0.486155984,26.3,2.16173913,104.8478261,2.067298578,88.78199052
0.263418654141174,-0.0451211118507886,-0.0156000781064699,"197","W063","Waimānalo","Sample","29/11/2020",10.45,2020,"November",16,"PN197",11,2,21.326702,-157.681698,515,"2020_November","Wet","Waimānalo_Wet",0.993524723,"Full",2.98048025,170.7689392,1612480,"29/11/2020 10.45",1.595,0.486155984,26.3,2.16173913,104.8478261,2.067298578,88.78199052
0.16604652110669,-0.150827885759511,-0.138263643924434,"198","W065","Waimānalo","Sample","29/11/2020",10.45,2020,"November",16,"PN198",11,3,21.326702,-157.681698,515,"2020_November","Wet","Waimānalo_Wet",0.993524723,"Full",2.98048025,170.7689392,1612480,"29/11/2020 10.45",1.595,0.486155984,26.3,2.16173913,104.8478261,2.067298578,88.78199052
0.239925980080913,-0.0192190374936822,-0.0358065595315014,"200","W067","Waimānalo","Sample","30/12/2020",10.45,2020,"December",17,"PN200",12,1,21.326702,-157.681698,546,"2020_December","Wet","Waimānalo_Wet",0.994270466,"Full",3.293124965,188.6821619,1612480,"30/12/2020 10.45",1.372,0.418185587,25.8,1.925625,187.625,1.676233184,92.71300448
0.181244980346818,-0.0449103099238886,-0.0945825887326579,"201","W069","Waimānalo","Sample","30/12/2020",10.45,2020,"December",17,"PN201",12,2,21.326702,-157.681698,546,"2020_December","Wet","Waimānalo_Wet",0.994270466,"Full",3.293124965,188.6821619,1612480,"30/12/2020 10.45",1.372,0.418185587,25.8,1.925625,187.625,1.676233184,92.71300448
0.117590641744889,0.191466856101369,0.290979004669559,"202","W071","Waimānalo","Sample","30/12/2020",10.45,2020,"December",17,"PN202",12,3,21.326702,-157.681698,546,"2020_December","Wet","Waimānalo_Wet",0.994270466,"Full",3.293124965,188.6821619,1612480,"30/12/2020 10.45",1.372,0.418185587,25.8,1.925625,187.625,1.676233184,92.71300448
0.445921239707911,0.191832080760711,-0.0354581640875108,"204","W073","Waimānalo","Sample","18/01/2021",10,2021,"January",18,"PN204",13,1,21.326702,-157.681698,565,"2021_January","Wet","Waimānalo_Wet",0.252319144,"Waxing crescent",1.052545155,60.30639511,1612480,"18/01/2021 10.00",1.641,0.500176784,25.3,2.034042553,78.74468085,2.605164319,239.5539906
0.376351000155543,0.470452152839336,0.286842362633594,"205","W075","Waimānalo","Sample","18/01/2021",10,2021,"January",18,"PN205",13,2,21.326702,-157.681698,565,"2021_January","Wet","Waimānalo_Wet",0.252319144,"Waxing crescent",1.052545155,60.30639511,1612480,"18/01/2021 10.00",1.641,0.500176784,25.3,2.034042553,78.74468085,2.605164319,239.5539906
0.452254803542151,0.140849674204908,-0.00925930818016409,"206","W077","Waimānalo","Sample","18/01/2021",10,2021,"January",18,"PN206",13,3,21.326702,-157.681698,565,"2021_January","Wet","Waimānalo_Wet",0.252319144,"Waxing crescent",1.052545155,60.30639511,1612480,"18/01/2021 10.00",1.641,0.500176784,25.3,2.034042553,78.74468085,2.605164319,239.5539906
-0.484511456437459,-0.228679519351338,-0.0601514871029073,"208","K079","Kāneʻohe","Sample","20/03/2021",10.45,2021,"March",20,"PN208",14,1,21.435115,-157.7867,626,"2021_March","Wet","Kāneʻohe_Wet",0.447233215,"First quarter",1.465065874,83.94209128,1612480,"20/03/2021 10.45",0.328,0.099974397,24,2.608125,55.375,3.077916667,69.40585774
-0.388153137544379,-0.168252808608242,0.030834251960787,"209","K081","Kāneʻohe","Sample","20/03/2021",10.45,2021,"March",20,"PN209",14,2,21.435115,-157.7867,626,"2021_March","Wet","Kāneʻohe_Wet",0.447233215,"First quarter",1.465065874,83.94209128,1612480,"20/03/2021 10.45",0.328,0.099974397,24,2.608125,55.375,3.077916667,69.40585774
-0.422072056799562,-0.146966378612677,-0.0177866762738669,"210","K083","Kāneʻohe","Sample","20/03/2021",10.45,2021,"March",20,"PN210",14,3,21.435115,-157.7867,626,"2021_March","Wet","Kāneʻohe_Wet",0.447233215,"First quarter",1.465065874,83.94209128,1612480,"20/03/2021 10.45",0.328,0.099974397,24,2.608125,55.375,3.077916667,69.40585774
-0.524869723900163,-0.183172237558914,0.124514433444177,"212","K085","Kāneʻohe","Sample","30/04/2021",10.15,2021,"April",21,"PN212",15,1,21.435115,-157.7867,667,"2021_April","Dry","Kāneʻohe_Dry",0.861104698,"Waning gibbous",3.905397692,223.7628051,1612480,"30/04/2021 10.15",-0.272,-0.082905597,24.2,NA,NA,2.413333333,76.46025105
-0.455227530669231,-0.170842474681767,0.0986965248084579,"213","K087","Kāneʻohe","Sample","30/04/2021",10.15,2021,"April",21,"PN213",15,2,21.435115,-157.7867,667,"2021_April","Dry","Kāneʻohe_Dry",0.861104698,"Waning gibbous",3.905397692,223.7628051,1612480,"30/04/2021 10.15",-0.272,-0.082905597,24.2,NA,NA,2.413333333,76.46025105
-0.431811230681987,-0.226964228311103,0.0799433670682503,"214","K089","Kāneʻohe","Sample","30/04/2021",10.15,2021,"April",21,"PN214",15,3,21.435115,-157.7867,667,"2021_April","Dry","Kāneʻohe_Dry",0.861104698,"Waning gibbous",3.905397692,223.7628051,1612480,"30/04/2021 10.15",-0.272,-0.082905597,24.2,NA,NA,2.413333333,76.46025105
-0.404515222842806,-0.275593819144061,-0.00792913020175636,"216","K091","Kāneʻohe","Sample","04/06/2021",10,2021,"June",23,"PN216",16,1,21.435115,-157.7867,702,"2021_June","Dry","Kāneʻohe_Dry",0.325394825,"Last quarter",5.069117249,290.4390242,1612480,"04/06/2021 10.00",1.48,0.451103986,25.8,1.654255319,61.78723404,2.14279476,83.51315789
-0.465456808548735,-0.389756306837081,-0.022802955553621,"217","K093","Kāneʻohe","Sample","04/06/2021",10,2021,"June",23,"PN217",16,2,21.435115,-157.7867,702,"2021_June","Dry","Kāneʻohe_Dry",0.325394825,"Last quarter",5.069117249,290.4390242,1612480,"04/06/2021 10.00",1.48,0.451103986,25.8,1.654255319,61.78723404,2.14279476,83.51315789
-0.403236649099785,-0.306789917093752,0.0869757919835335,"218","K095","Kāneʻohe","Sample","04/06/2021",10,2021,"June",23,"PN218",16,3,21.435115,-157.7867,702,"2021_June","Dry","Kāneʻohe_Dry",0.325394825,"Last quarter",5.069117249,290.4390242,1612480,"04/06/2021 10.00",1.48,0.451103986,25.8,1.654255319,61.78723404,2.14279476,83.51315789
-0.648602175809915,0.835095516433522,0.360528198724407,"220","K097","Kāneʻohe","Sample","20/06/2023",16.15,2023,"June",23,"PN220",17,1,21.435115,-157.7867,1448,"2023_June","Dry","Kāneʻohe_Dry",0.045884091,"Waxing crescent",0.43175721,24.73786589,1612480,"20/06/2023 16.15",1.07,0.32613599,26.1,1.311041667,57.77083333,2.027083333,122.7763713
-0.733597189300359,0.581685658138843,0.360859949416701,"221","K099","Kāneʻohe","Sample","20/06/2023",16.15,2023,"June",23,"PN221",17,2,21.435115,-157.7867,1448,"2023_June","Dry","Kāneʻohe_Dry",0.045884091,"Waxing crescent",0.43175721,24.73786589,1612480,"20/06/2023 16.15",1.07,0.32613599,26.1,1.311041667,57.77083333,2.027083333,122.7763713
-0.664135510736698,0.33537614388451,0.242334780377363,"222","K101","Kāneʻohe","Sample","20/06/2023",16.15,2023,"June",23,"PN222",17,3,21.435115,-157.7867,1448,"2023_June","Dry","Kāneʻohe_Dry",0.045884091,"Waxing crescent",0.43175721,24.73786589,1612480,"20/06/2023 16.15",1.07,0.32613599,26.1,1.311041667,57.77083333,2.027083333,122.7763713
0.31944624198361,0.182391053175689,-0.196453514106734,"224","L079","Lanikai","Sample","26/03/2021",10.3,2021,"March",20,"PN224",14,1,21.392735,-157.714014,632,"2021_March","Wet","Lanikai_Wet",0.96054714,"Waxing gibbous",2.741678136,157.086586,1612480,"26/03/2021 10.30",1.309,0.398983187,24.3,2.115416667,136.6666667,1.690833333,156.9125
0.212806452288152,0.352978598818864,-0.046799713847909,"225","L081","Lanikai","Sample","26/03/2021",10.3,2021,"March",20,"PN225",14,2,21.392735,-157.714014,632,"2021_March","Wet","Lanikai_Wet",0.96054714,"Waxing gibbous",2.741678136,157.086586,1612480,"26/03/2021 10.30",1.309,0.398983187,24.3,2.115416667,136.6666667,1.690833333,156.9125
0.109506892152912,0.234916801150763,-0.0739874451033952,"226","L083","Lanikai","Sample","26/03/2021",10.3,2021,"March",20,"PN226",14,3,21.392735,-157.714014,632,"2021_March","Wet","Lanikai_Wet",0.96054714,"Waxing gibbous",2.741678136,157.086586,1612480,"26/03/2021 10.30",1.309,0.398983187,24.3,2.115416667,136.6666667,1.690833333,156.9125
-0.0167830113988989,0.168576610911403,-0.21980893748796,"228","L085","Lanikai","Sample","27/04/2021",9.3,2021,"April",21,"PN228",15,1,21.392735,-157.714014,664,"2021_April","Dry","Lanikai_Dry",0.996067671,"Full",3.267091561,187.1905577,1612480,"27/04/2021 9.30",-0.069,-0.021031199,24.2,NA,NA,2.426666667,198.8361345
0.0554102089714447,0.165732224996338,-0.300772764064076,"229","L087","Lanikai","Sample","27/04/2021",9.3,2021,"April",21,"PN229",15,2,21.392735,-157.714014,664,"2021_April","Dry","Lanikai_Dry",0.996067671,"Full",3.267091561,187.1905577,1612480,"27/04/2021 9.30",-0.069,-0.021031199,24.2,NA,NA,2.426666667,198.8361345
0.0736521718457086,0.186347178480651,-0.159459193160971,"230","L089","Lanikai","Sample","27/04/2021",9.3,2021,"April",21,"PN230",15,3,21.392735,-157.714014,664,"2021_April","Dry","Lanikai_Dry",0.996067671,"Full",3.267091561,187.1905577,1612480,"27/04/2021 9.30",-0.069,-0.021031199,24.2,NA,NA,2.426666667,198.8361345
-0.0199070926022477,0.564010984534046,0.205236540280295,"232","L091","Lanikai","Sample","05/06/2021",9.3,2021,"June",23,"PN232",16,1,21.392735,-157.714014,703,"2021_June","Dry","Lanikai_Dry",0.230395757,"Waning crescent",5.281885959,302.6297733,1612480,"05/06/2021 9.30",1.408,0.429158386,25.7,1.837083333,53.9375,2.8175,69.35
0.00559286285752851,0.35146785643747,0.0302801226149264,"233","L093","Lanikai","Sample","05/06/2021",9.3,2021,"June",23,"PN233",16,2,21.392735,-157.714014,703,"2021_June","Dry","Lanikai_Dry",0.230395757,"Waning crescent",5.281885959,302.6297733,1612480,"05/06/2021 9.30",1.408,0.429158386,25.7,1.837083333,53.9375,2.8175,69.35
-0.0506345014537089,0.398962269719402,0.265242766176066,"234","L095","Lanikai","Sample","05/06/2021",9.3,2021,"June",23,"PN234",16,3,21.392735,-157.714014,703,"2021_June","Dry","Lanikai_Dry",0.230395757,"Waning crescent",5.281885959,302.6297733,1612480,"05/06/2021 9.30",1.408,0.429158386,25.7,1.837083333,53.9375,2.8175,69.35
-0.0521950380700478,0.17456549342059,-0.407205559055757,"236","L097","Lanikai","Sample","28/06/2023",15,2023,"June",23,"PN236",17,1,21.392735,-157.714014,1456,"2023_June","Dry","Lanikai_Dry",0.766909533,"Waxing gibbous",2.133906893,122.2638588,1612480,"28/06/2023 15.00",0.909,0.277063191,25.2,1.789583333,76,2.322083333,64.57142857
0.136429636722519,0.236085248718767,-0.387489227323378,"237","L099","Lanikai","Sample","28/06/2023",15,2023,"June",23,"PN237",17,2,21.392735,-157.714014,1456,"2023_June","Dry","Lanikai_Dry",0.766909533,"Waxing gibbous",2.133906893,122.2638588,1612480,"28/06/2023 15.00",0.909,0.277063191,25.2,1.789583333,76,2.322083333,64.57142857
0.0679685007442919,0.150787167312936,-0.469868308536667,"238","L101","Lanikai","Sample","28/06/2023",15,2023,"June",23,"PN238",17,3,21.392735,-157.714014,1456,"2023_June","Dry","Lanikai_Dry",0.766909533,"Waxing gibbous",2.133906893,122.2638588,1612480,"28/06/2023 15.00",0.909,0.277063191,25.2,1.789583333,76,2.322083333,64.57142857
0.256468436884321,-0.212983969033297,0.191846458318904,"240","M079","Maunalua","Sample","25/03/2021",9.3,2021,"March",20,"PN240",14,1,21.274484,-157.760817,631,"2021_March","Wet","Maunalua_Wet",0.909053968,"Waxing gibbous",2.528909426,144.8958369,1612340,"25/03/2021 9.30",0.499,0.152095195,24.7,2.200625,83.89583333,3.167916667,214.2541667
0.211402299465176,-0.0806628678003872,0.198534046821049,"241","M081","Maunalua","Sample","25/03/2021",9.3,2021,"March",20,"PN241",14,2,21.274484,-157.760817,631,"2021_March","Wet","Maunalua_Wet",0.909053968,"Waxing gibbous",2.528909426,144.8958369,1612340,"25/03/2021 9.30",0.499,0.152095195,24.7,2.200625,83.89583333,3.167916667,214.2541667
0.27211881507771,-0.090106817373043,0.236910765589236,"242","M083","Maunalua","Sample","25/03/2021",9.3,2021,"March",20,"PN242",14,3,21.274484,-157.760817,631,"2021_March","Wet","Maunalua_Wet",0.909053968,"Waxing gibbous",2.528909426,144.8958369,1612340,"25/03/2021 9.30",0.499,0.152095195,24.7,2.200625,83.89583333,3.167916667,214.2541667
0.215683678447114,-0.158547099534546,0.177973625904405,"244","M085","Maunalua","Sample","26/04/2021",11.45,2021,"April",21,"PN244",15,1,21.274484,-157.760817,663,"2021_April","Dry","Maunalua_Dry",0.998097203,"Full",3.054322851,174.9998086,1612340,"26/04/2021 11.45",0.423,0.128930396,24.7,NA,NA,2.279916318,101.7405858
0.140334441831904,-0.161982509935085,0.255290204116985,"245","M087","Maunalua","Sample","26/04/2021",11.45,2021,"April",21,"PN245",15,2,21.274484,-157.760817,663,"2021_April","Dry","Maunalua_Dry",0.998097203,"Full",3.054322851,174.9998086,1612340,"26/04/2021 11.45",0.423,0.128930396,24.7,NA,NA,2.279916318,101.7405858
0.1956251644674,-0.186375177562666,0.168616478938997,"246","M089","Maunalua","Sample","26/04/2021",11.45,2021,"April",21,"PN246",15,3,21.274484,-157.760817,663,"2021_April","Dry","Maunalua_Dry",0.998097203,"Full",3.054322851,174.9998086,1612340,"26/04/2021 11.45",0.423,0.128930396,24.7,NA,NA,2.279916318,101.7405858
0.292700376842522,-0.103988618636802,0.129937348809088,"248","M091","Maunalua","Sample","01/06/2021",10,2021,"June",23,"PN248",16,1,21.274484,-157.760817,699,"2021_June","Dry","Maunalua_Dry",0.638935859,"Last quarter",4.430811118,253.8667769,1612340,"01/06/2021 10.00",0.807,0.245973592,25.9,1.505,347,1.725833333,155.0253165
0.162352306473877,-0.0895522671404242,0.214687689239945,"249","M093","Maunalua","Sample","01/06/2021",10,2021,"June",23,"PN249",16,2,21.274484,-157.760817,699,"2021_June","Dry","Maunalua_Dry",0.638935859,"Last quarter",4.430811118,253.8667769,1612340,"01/06/2021 10.00",0.807,0.245973592,25.9,1.505,347,1.725833333,155.0253165
0.203744976096566,-0.106879006097569,0.219780231581863,"250","M095","Maunalua","Sample","01/06/2021",10,2021,"June",23,"PN250",16,3,21.274484,-157.760817,699,"2021_June","Dry","Maunalua_Dry",0.638935859,"Last quarter",4.430811118,253.8667769,1612340,"01/06/2021 10.00",0.807,0.245973592,25.9,1.505,347,1.725833333,155.0253165
0.167246077935114,-0.17532816544269,0.0867854629426794,"252","M097","Maunalua","Sample","26/06/2023",13,2023,"June",23,"PN252",17,1,21.274484,-157.760817,1454,"2023_June","Dry","Maunalua_Dry",0.568569798,"First quarter",1.708369472,97.8823606,1612340,"26/06/2023 13.00",1.044,0.31821119,26.1,2.348541667,76.54166667,2.450416667,73.81512605
0.263906164024525,-0.159165439346677,0.0327905297401961,"253","M099","Maunalua","Sample","26/06/2023",13,2023,"June",23,"PN253",17,2,21.274484,-157.760817,1454,"2023_June","Dry","Maunalua_Dry",0.568569798,"First quarter",1.708369472,97.8823606,1612340,"26/06/2023 13.00",1.044,0.31821119,26.1,2.348541667,76.54166667,2.450416667,73.81512605
0.244998858349171,0.00817416702314285,0.147528116542918,"254","M101","Maunalua","Sample","26/06/2023",13,2023,"June",23,"PN254",17,3,21.274484,-157.760817,1454,"2023_June","Dry","Maunalua_Dry",0.568569798,"First quarter",1.708369472,97.8823606,1612340,"26/06/2023 13.00",1.044,0.31821119,26.1,2.348541667,76.54166667,2.450416667,73.81512605
0.144837697444236,-0.10836969012465,-0.108857001351498,"256","W079","Waimānalo","Sample","31/03/2021",13.45,2021,"March",20,"PN256",14,1,21.326702,-157.681698,637,"2021_March","Wet","Waimānalo_Wet",0.893788591,"Waning gibbous",3.805521688,218.0403316,1612480,"31/03/2021 13.45",1.3,0.396239987,24,1.695,62.45833333,1.915,101.9113924
0.0430099748610153,0.20758334058277,0.22942557846034,"257","W081","Waimānalo","Sample","31/03/2021",13.45,2021,"March",20,"PN257",14,2,21.326702,-157.681698,637,"2021_March","Wet","Waimānalo_Wet",0.893788591,"Waning gibbous",3.805521688,218.0403316,1612480,"31/03/2021 13.45",1.3,0.396239987,24,1.695,62.45833333,1.915,101.9113924
0.0883546287772334,-0.015809104273822,0.0447381466754841,"258","W083","Waimānalo","Sample","31/03/2021",13.45,2021,"March",20,"PN258",14,3,21.326702,-157.681698,637,"2021_March","Wet","Waimānalo_Wet",0.893788591,"Waning gibbous",3.805521688,218.0403316,1612480,"31/03/2021 13.45",1.3,0.396239987,24,1.695,62.45833333,1.915,101.9113924
0.0615480538911697,0.0810636797884434,0.150817030322998,"260","W085","Waimānalo","Sample","29/04/2021",10,2021,"April",21,"PN260",15,1,21.326702,-157.681698,666,"2021_April","Dry","Waimānalo_Dry",0.925991194,"Waning gibbous",3.692628982,211.572056,1612480,"29/04/2021 10.00",-0.37,-0.112775996,24.2,NA,NA,1.830833333,112.2833333
0.0927554889478411,0.168452980080165,0.39092974566436,"261","W087","Waimānalo","Sample","29/04/2021",10,2021,"April",21,"PN261",15,2,21.326702,-157.681698,666,"2021_April","Dry","Waimānalo_Dry",0.925991194,"Waning gibbous",3.692628982,211.572056,1612480,"29/04/2021 10.00",-0.37,-0.112775996,24.2,NA,NA,1.830833333,112.2833333
0.08532150291922,0.112968138269346,0.0630461134060904,"262","W089","Waimānalo","Sample","29/04/2021",10,2021,"April",21,"PN262",15,3,21.326702,-157.681698,666,"2021_April","Dry","Waimānalo_Dry",0.925991194,"Waning gibbous",3.692628982,211.572056,1612480,"29/04/2021 10.00",-0.37,-0.112775996,24.2,NA,NA,1.830833333,112.2833333
0.0730468308210362,0.144521942933891,0.0945223166202903,"264","W091","Waimānalo","Sample","03/06/2021",10,2021,"June",23,"PN264",16,1,21.326702,-157.681698,701,"2021_June","Dry","Waimānalo_Dry",0.428268586,"Last quarter",4.856348538,278.2482751,1612480,"03/06/2021 10.00",1.365,0.416051987,26.1,1.486458333,296.9791667,2.227916667,74.85294118
0.142668597023909,0.19998052090224,0.0357724734042106,"265","W093","Waimānalo","Sample","03/06/2021",10,2021,"June",23,"PN265",16,2,21.326702,-157.681698,701,"2021_June","Dry","Waimānalo_Dry",0.428268586,"Last quarter",4.856348538,278.2482751,1612480,"03/06/2021 10.00",1.365,0.416051987,26.1,1.486458333,296.9791667,2.227916667,74.85294118
0.0320761583669969,0.072286030602293,0.217144044221184,"266","W095","Waimānalo","Sample","03/06/2021",10,2021,"June",23,"PN266",16,3,21.326702,-157.681698,701,"2021_June","Dry","Waimānalo_Dry",0.428268586,"Last quarter",4.856348538,278.2482751,1612480,"03/06/2021 10.00",1.365,0.416051987,26.1,1.486458333,296.9791667,2.227916667,74.85294118
-0.0490109852387011,0.193948551208632,0.625116607975722,"268","W097","Waimānalo","Sample","28/06/2023",16.3,2023,"June",23,"PN268",17,1,21.326702,-157.681698,1456,"2023_June","Dry","Waimānalo_Dry",0.766909533,"Waxing gibbous",2.133906893,122.2638588,1612480,"28/06/2023 16.30",0.909,0.277063191,25.2,1.789583333,76,2.322083333,64.57142857
-0.0384262576021408,0.218823627624097,0.816063808419325,"269","W099","Waimānalo","Sample","28/06/2023",16.3,2023,"June",23,"PN269",17,2,21.326702,-157.681698,1456,"2023_June","Dry","Waimānalo_Dry",0.766909533,"Waxing gibbous",2.133906893,122.2638588,1612480,"28/06/2023 16.30",0.909,0.277063191,25.2,1.789583333,76,2.322083333,64.57142857
0.044817097288928,0.303866320782905,0.807322280439049,"270","W101","Waimānalo","Sample","28/06/2023",16.3,2023,"June",23,"PN270",17,3,21.326702,-157.681698,1456,"2023_June","Dry","Waimānalo_Dry",0.766909533,"Waxing gibbous",2.133906893,122.2638588,1612480,"28/06/2023 16.30",0.909,0.277063191,25.2,1.789583333,76,2.322083333,64.57142857
