SAMPLE,SITE,TYPE,DATE,HOUR,YEAR,MONTH,MONTHS,MGAL_ID,SAMPLE_ID,STEP,REPLICATE,LAT,LON,TIME,YEAR_MONTH,SEASON,SITE_SEASON,illum,phase,radians,degrees,STATION,SAMPLED_DATETIME,tide_height_ft,tide_height_m,SST,WVHT,MWD,WSPD,WDIR
MCB1,Maunalua,Control,03/07/2019,11.00,2019,July,NA,PN108,108,NA,NA,21.274484,-157.760817,0,2019_July,Dry,Maunalua_Dry,0.01191468,New,0.218744623,12.5331437,1612340,03/07/2019 11.00,0.082,0.024993599,27.6,1.278958333,79.60416667,1.632916667,119.4556962
M001,Maunalua,Sample,03/07/2019,11.00,2019,July,0,PN105,105,1,1,21.274484,-157.760817,0,2019_July,Dry,Maunalua_Dry,0.01191468,New,0.218744623,12.5331437,1612340,03/07/2019 11.00,0.082,0.024993599,27.6,1.278958333,79.60416667,1.632916667,119.4556962
M003,Maunalua,Sample,03/07/2019,11.00,2019,July,0,PN106,106,1,2,21.274484,-157.760817,0,2019_July,Dry,Maunalua_Dry,0.01191468,New,0.218744623,12.5331437,1612340,03/07/2019 11.00,0.082,0.024993599,27.6,1.278958333,79.60416667,1.632916667,119.4556962
M005,Maunalua,Sample,03/07/2019,11.00,2019,July,0,PN107,107,1,3,21.274484,-157.760817,0,2019_July,Dry,Maunalua_Dry,0.01191468,New,0.218744623,12.5331437,1612340,03/07/2019 11.00,0.082,0.024993599,27.6,1.278958333,79.60416667,1.632916667,119.4556962
KCB1,Kāneʻohe,Control,10/07/2019,11.40,2019,July,NA,PN004,004,NA,NA,21.435115,-157.7867,7,2019_July,Dry,Kāneʻohe_Dry,0.56844901,First quarter,1.708125596,97.86838752,1612480,10/07/2019 11.40,1.897,0.578205581,27.4,1.555833333,98.08695652,1.823430962,93.08786611
K001,Kāneʻohe,Sample,10/07/2019,11.40,2019,July,0,PN001,001,1,1,21.435115,-157.7867,7,2019_July,Dry,Kāneʻohe_Dry,0.56844901,First quarter,1.708125596,97.86838752,1612480,10/07/2019 11.40,1.897,0.578205581,27.4,1.555833333,98.08695652,1.823430962,93.08786611
K003,Kāneʻohe,Sample,10/07/2019,11.40,2019,July,0,PN002,002,1,2,21.435115,-157.7867,7,2019_July,Dry,Kāneʻohe_Dry,0.56844901,First quarter,1.708125596,97.86838752,1612480,10/07/2019 11.40,1.897,0.578205581,27.4,1.555833333,98.08695652,1.823430962,93.08786611
K005,Kāneʻohe,Sample,10/07/2019,11.40,2019,July,0,PN003,003,1,3,21.435115,-157.7867,7,2019_July,Dry,Kāneʻohe_Dry,0.56844901,First quarter,1.708125596,97.86838752,1612480,10/07/2019 11.40,1.897,0.578205581,27.4,1.555833333,98.08695652,1.823430962,93.08786611
WCB1,Waimānalo,Control,11/07/2019,11.00,2019,July,NA,PN160,160,NA,NA,21.326702,-157.681698,8,2019_July,Dry,Waimānalo_Dry,0.671494923,First quarter,1.920894306,110.0591366,1612480,11/07/2019 11.00,2.107,0.642213579,27.3,1.41375,95.60416667,2.142857143,87.00421941
W001,Waimānalo,Sample,11/07/2019,11.00,2019,July,0,PN157,157,1,1,21.326702,-157.681698,8,2019_July,Dry,Waimānalo_Dry,0.671494923,First quarter,1.920894306,110.0591366,1612480,11/07/2019 11.00,2.107,0.642213579,27.3,1.41375,95.60416667,2.142857143,87.00421941
W003,Waimānalo,Sample,11/07/2019,11.00,2019,July,0,PN158,158,1,2,21.326702,-157.681698,8,2019_July,Dry,Waimānalo_Dry,0.671494923,First quarter,1.920894306,110.0591366,1612480,11/07/2019 11.00,2.107,0.642213579,27.3,1.41375,95.60416667,2.142857143,87.00421941
W005,Waimānalo,Sample,11/07/2019,11.00,2019,July,0,PN159,159,1,3,21.326702,-157.681698,8,2019_July,Dry,Waimānalo_Dry,0.671494923,First quarter,1.920894306,110.0591366,1612480,11/07/2019 11.00,2.107,0.642213579,27.3,1.41375,95.60416667,2.142857143,87.00421941
LCB1,Lanikai,Control,16/07/2019,10.30,2019,July,NA,PN056,056,NA,NA,21.392735,-157.714014,13,2019_July,Dry,Lanikai_Dry,0.993861744,Full,2.984737858,171.0128822,1612480,16/07/2019 10.30,0.778,0.237134392,27.6,1.285625,79.70833333,2.294067797,75.57627119
L001,Lanikai,Sample,16/07/2019,10.30,2019,July,0,PN053,053,1,1,21.392735,-157.714014,13,2019_July,Dry,Lanikai_Dry,0.993861744,Full,2.984737858,171.0128822,1612480,16/07/2019 10.30,0.778,0.237134392,27.6,1.285625,79.70833333,2.294067797,75.57627119
L003,Lanikai,Sample,16/07/2019,10.30,2019,July,0,PN054,054,1,2,21.392735,-157.714014,13,2019_July,Dry,Lanikai_Dry,0.993861744,Full,2.984737858,171.0128822,1612480,16/07/2019 10.30,0.778,0.237134392,27.6,1.285625,79.70833333,2.294067797,75.57627119
L005,Lanikai,Sample,16/07/2019,10.30,2019,July,0,PN055,055,1,3,21.392735,-157.714014,13,2019_July,Dry,Lanikai_Dry,0.993861744,Full,2.984737858,171.0128822,1612480,16/07/2019 10.30,0.778,0.237134392,27.6,1.285625,79.70833333,2.294067797,75.57627119
MCB2,Maunalua,Control,12/09/2019,9.30,2019,September,NA,PN112,112,NA,NA,21.274484,-157.760817,71,2019_September,Dry,Maunalua_Dry,0.963841047,Full,2.758952446,158.076331,1612340,12/09/2019 9.30,0.614,0.187147194,28.1,1.407083333,72.52083333,1.962184874,101.8781513
M007,Maunalua,Sample,12/09/2019,9.30,2019,September,2,PN109,109,2,1,21.274484,-157.760817,71,2019_September,Dry,Maunalua_Dry,0.963841047,Full,2.758952446,158.076331,1612340,12/09/2019 9.30,0.614,0.187147194,28.1,1.407083333,72.52083333,1.962184874,101.8781513
M009,Maunalua,Sample,12/09/2019,9.30,2019,September,2,PN110,110,2,2,21.274484,-157.760817,71,2019_September,Dry,Maunalua_Dry,0.963841047,Full,2.758952446,158.076331,1612340,12/09/2019 9.30,0.614,0.187147194,28.1,1.407083333,72.52083333,1.962184874,101.8781513
M011,Maunalua,Sample,12/09/2019,9.30,2019,September,2,PN111,111,2,3,21.274484,-157.760817,71,2019_September,Dry,Maunalua_Dry,0.963841047,Full,2.758952446,158.076331,1612340,12/09/2019 9.30,0.614,0.187147194,28.1,1.407083333,72.52083333,1.962184874,101.8781513
WCB2,Waimānalo,Control,16/09/2019,10.00,2019,September,NA,PN164,164,NA,NA,21.326702,-157.681698,75,2019_September,Dry,Waimānalo_Dry,0.946138064,Waning gibbous,3.610027288,206.8393275,1612480,16/09/2019 10.00,0.955,0.291083991,28.3,1.333541667,73.85416667,1.680334728,98.53164557
W007,Waimānalo,Sample,16/09/2019,10.00,2019,September,2,PN161,161,2,1,21.326702,-157.681698,75,2019_September,Dry,Waimānalo_Dry,0.946138064,Waning gibbous,3.610027288,206.8393275,1612480,16/09/2019 10.00,0.955,0.291083991,28.3,1.333541667,73.85416667,1.680334728,98.53164557
W009,Waimānalo,Sample,16/09/2019,10.00,2019,September,2,PN162,162,2,2,21.326702,-157.681698,75,2019_September,Dry,Waimānalo_Dry,0.946138064,Waning gibbous,3.610027288,206.8393275,1612480,16/09/2019 10.00,0.955,0.291083991,28.3,1.333541667,73.85416667,1.680334728,98.53164557
W011,Waimānalo,Sample,16/09/2019,10.00,2019,September,2,PN163,163,2,3,21.326702,-157.681698,75,2019_September,Dry,Waimānalo_Dry,0.946138064,Waning gibbous,3.610027288,206.8393275,1612480,16/09/2019 10.00,0.955,0.291083991,28.3,1.333541667,73.85416667,1.680334728,98.53164557
LCB2,Lanikai,Control,18/09/2019,10.30,2019,September,NA,PN060,060,NA,NA,21.392735,-157.714014,77,2019_September,Dry,Lanikai_Dry,0.813160249,Waning gibbous,4.035564709,231.2208258,1612480,18/09/2019 10.30,1.149,0.350215189,27.4,1.620416667,83.89130435,2.215062762,75.96581197
L007,Lanikai,Sample,18/09/2019,10.30,2019,September,2,PN057,057,2,1,21.392735,-157.714014,77,2019_September,Dry,Lanikai_Dry,0.813160249,Waning gibbous,4.035564709,231.2208258,1612480,18/09/2019 10.30,1.149,0.350215189,27.4,1.620416667,83.89130435,2.215062762,75.96581197
L009,Lanikai,Sample,18/09/2019,10.30,2019,September,2,PN058,058,2,2,21.392735,-157.714014,77,2019_September,Dry,Lanikai_Dry,0.813160249,Waning gibbous,4.035564709,231.2208258,1612480,18/09/2019 10.30,1.149,0.350215189,27.4,1.620416667,83.89130435,2.215062762,75.96581197
L011,Lanikai,Sample,18/09/2019,10.30,2019,September,2,PN059,059,2,3,21.392735,-157.714014,77,2019_September,Dry,Lanikai_Dry,0.813160249,Waning gibbous,4.035564709,231.2208258,1612480,18/09/2019 10.30,1.149,0.350215189,27.4,1.620416667,83.89130435,2.215062762,75.96581197
KCB2,Kāneʻohe,Control,19/09/2019,10.30,2019,September,NA,PN008,008,NA,NA,21.435115,-157.7867,78,2019_September,Dry,Kāneʻohe_Dry,0.723789221,Waning gibbous,4.248333419,243.4115749,1612480,19/09/2019 10.30,1.339,0.408127187,27.3,1.622083333,83.46808511,1.911715481,70.03361345
K007,Kāneʻohe,Sample,19/09/2019,10.30,2019,September,2,PN005,005,2,1,21.435115,-157.7867,78,2019_September,Dry,Kāneʻohe_Dry,0.723789221,Waning gibbous,4.248333419,243.4115749,1612480,19/09/2019 10.30,1.339,0.408127187,27.3,1.622083333,83.46808511,1.911715481,70.03361345
K009,Kāneʻohe,Sample,19/09/2019,10.30,2019,September,2,PN006,006,2,2,21.435115,-157.7867,78,2019_September,Dry,Kāneʻohe_Dry,0.723789221,Waning gibbous,4.248333419,243.4115749,1612480,19/09/2019 10.30,1.339,0.408127187,27.3,1.622083333,83.46808511,1.911715481,70.03361345
K011,Kāneʻohe,Sample,19/09/2019,10.30,2019,September,2,PN007,007,2,3,21.435115,-157.7867,78,2019_September,Dry,Kāneʻohe_Dry,0.723789221,Waning gibbous,4.248333419,243.4115749,1612480,19/09/2019 10.30,1.339,0.408127187,27.3,1.622083333,83.46808511,1.911715481,70.03361345
KCB3,Kāneʻohe,Control,21/11/2019,10.30,2019,November,NA,PN012,012,NA,NA,21.435115,-157.7867,141,2019_November,Wet,Kāneʻohe_Wet,0.317327881,Last quarter,5.086391559,291.4287693,1612480,21/11/2019 10.30,2.402,0.732129577,27.2,1.8475,67.95833333,1.988333333,82.52301255
K013,Kāneʻohe,Sample,21/11/2019,10.30,2019,November,4,PN009,009,3,1,21.435115,-157.7867,141,2019_November,Wet,Kāneʻohe_Wet,0.317327881,Last quarter,5.086391559,291.4287693,1612480,21/11/2019 10.30,2.402,0.732129577,27.2,1.8475,67.95833333,1.988333333,82.52301255
K015,Kāneʻohe,Sample,21/11/2019,10.30,2019,November,4,PN010,010,3,2,21.435115,-157.7867,141,2019_November,Wet,Kāneʻohe_Wet,0.317327881,Last quarter,5.086391559,291.4287693,1612480,21/11/2019 10.30,2.402,0.732129577,27.2,1.8475,67.95833333,1.988333333,82.52301255
K017,Kāneʻohe,Sample,21/11/2019,10.30,2019,November,4,PN011,011,3,3,21.435115,-157.7867,141,2019_November,Wet,Kāneʻohe_Wet,0.317327881,Last quarter,5.086391559,291.4287693,1612480,21/11/2019 10.30,2.402,0.732129577,27.2,1.8475,67.95833333,1.988333333,82.52301255
LCB3,Lanikai,Control,26/11/2019,9.30,2019,November,NA,PN064,064,NA,NA,21.392735,-157.714014,146,2019_November,Wet,Lanikai_Wet,0.004412434,New,6.150235111,352.3825149,1612480,26/11/2019 9.30,1.375,0.419099987,26.8,2.224583333,54.0625,1.498333333,103.7394958
L013,Lanikai,Sample,26/11/2019,9.30,2019,November,4,PN061,061,3,1,21.392735,-157.714014,146,2019_November,Wet,Lanikai_Wet,0.004412434,New,6.150235111,352.3825149,1612480,26/11/2019 9.30,1.375,0.419099987,26.8,2.224583333,54.0625,1.498333333,103.7394958
L015,Lanikai,Sample,26/11/2019,9.30,2019,November,4,PN062,062,3,2,21.392735,-157.714014,146,2019_November,Wet,Lanikai_Wet,0.004412434,New,6.150235111,352.3825149,1612480,26/11/2019 9.30,1.375,0.419099987,26.8,2.224583333,54.0625,1.498333333,103.7394958
L017,Lanikai,Sample,26/11/2019,9.30,2019,November,4,PN063,063,3,3,21.392735,-157.714014,146,2019_November,Wet,Lanikai_Wet,0.004412434,New,6.150235111,352.3825149,1612480,26/11/2019 9.30,1.375,0.419099987,26.8,2.224583333,54.0625,1.498333333,103.7394958
W013,Waimānalo,Sample,26/11/2019,10.20,2019,November,4,PN165,165,3,1,21.326702,-157.681698,146,2019_November,Wet,Waimānalo_Wet,0.004412434,New,6.150235111,352.3825149,1612480,26/11/2019 10.20,1.565,0.477011985,26.8,2.224583333,54.0625,1.498333333,103.7394958
W015,Waimānalo,Sample,26/11/2019,10.20,2019,November,4,PN166,166,3,2,21.326702,-157.681698,146,2019_November,Wet,Waimānalo_Wet,0.004412434,New,6.150235111,352.3825149,1612480,26/11/2019 10.20,1.565,0.477011985,26.8,2.224583333,54.0625,1.498333333,103.7394958
W017,Waimānalo,Sample,26/11/2019,10.20,2019,November,4,PN167,167,3,3,21.326702,-157.681698,146,2019_November,Wet,Waimānalo_Wet,0.004412434,New,6.150235111,352.3825149,1612480,26/11/2019 10.20,1.565,0.477011985,26.8,2.224583333,54.0625,1.498333333,103.7394958
MCB3,Maunalua,Control,27/11/2019,12.30,2019,November,NA,PN116,116,NA,NA,21.274484,-157.760817,147,2019_November,Wet,Maunalua_Wet,0.001591903,New,0.079818514,4.573263979,1612340,27/11/2019 12.30,0.738,0.224942393,27.1,2.236041667,54.27083333,1.815416667,158.2416667
M013,Maunalua,Sample,27/11/2019,12.30,2019,November,4,PN113,113,3,1,21.274484,-157.760817,147,2019_November,Wet,Maunalua_Wet,0.001591903,New,0.079818514,4.573263979,1612340,27/11/2019 12.30,0.738,0.224942393,27.1,2.236041667,54.27083333,1.815416667,158.2416667
M015,Maunalua,Sample,27/11/2019,12.30,2019,November,4,PN114,114,3,2,21.274484,-157.760817,147,2019_November,Wet,Maunalua_Wet,0.001591903,New,0.079818514,4.573263979,1612340,27/11/2019 12.30,0.738,0.224942393,27.1,2.236041667,54.27083333,1.815416667,158.2416667
M017,Maunalua,Sample,27/11/2019,12.30,2019,November,4,PN115,115,3,3,21.274484,-157.760817,147,2019_November,Wet,Maunalua_Wet,0.001591903,New,0.079818514,4.573263979,1612340,27/11/2019 12.30,0.738,0.224942393,27.1,2.236041667,54.27083333,1.815416667,158.2416667
WCB4,Waimānalo,Control,01/02/2020,10.00,2020,February,NA,PN171,171,NA,NA,21.326702,-157.681698,213,2020_February,Wet,Waimānalo_Wet,0.492693489,First quarter,1.556182785,89.16270574,1612480,01/02/2020 10.00,1.099,0.334975189,25,2.239791667,131.7708333,1.683035714,89.09090909
W019,Waimānalo,Sample,01/02/2020,10.00,2020,February,7,PN168,168,4,1,21.326702,-157.681698,213,2020_February,Wet,Waimānalo_Wet,0.492693489,First quarter,1.556182785,89.16270574,1612480,01/02/2020 10.00,1.099,0.334975189,25,2.239791667,131.7708333,1.683035714,89.09090909
W021,Waimānalo,Sample,01/02/2020,10.00,2020,February,7,PN169,169,4,2,21.326702,-157.681698,213,2020_February,Wet,Waimānalo_Wet,0.492693489,First quarter,1.556182785,89.16270574,1612480,01/02/2020 10.00,1.099,0.334975189,25,2.239791667,131.7708333,1.683035714,89.09090909
W023,Waimānalo,Sample,01/02/2020,10.00,2020,February,7,PN170,170,4,3,21.326702,-157.681698,213,2020_February,Wet,Waimānalo_Wet,0.492693489,First quarter,1.556182785,89.16270574,1612480,01/02/2020 10.00,1.099,0.334975189,25,2.239791667,131.7708333,1.683035714,89.09090909
LCB4,Lanikai,Control,05/02/2020,10.00,2020,February,NA,PN068,068,NA,NA,21.392735,-157.714014,217,2020_February,Wet,Lanikai_Wet,0.871138256,Waxing gibbous,2.407257627,137.9257022,1612480,05/02/2020 10.00,1.313,0.400202387,24.8,1.589574468,55.06382979,1.522413793,133.8965517
L019,Lanikai,Sample,05/02/2020,10.00,2020,February,7,PN065,065,4,1,21.392735,-157.714014,217,2020_February,Wet,Lanikai_Wet,0.871138256,Waxing gibbous,2.407257627,137.9257022,1612480,05/02/2020 10.00,1.313,0.400202387,24.8,1.589574468,55.06382979,1.522413793,133.8965517
L021,Lanikai,Sample,05/02/2020,10.00,2020,February,7,PN066,066,4,2,21.392735,-157.714014,217,2020_February,Wet,Lanikai_Wet,0.871138256,Waxing gibbous,2.407257627,137.9257022,1612480,05/02/2020 10.00,1.313,0.400202387,24.8,1.589574468,55.06382979,1.522413793,133.8965517
L023,Lanikai,Sample,05/02/2020,10.00,2020,February,7,PN067,067,4,3,21.392735,-157.714014,217,2020_February,Wet,Lanikai_Wet,0.871138256,Waxing gibbous,2.407257627,137.9257022,1612480,05/02/2020 10.00,1.313,0.400202387,24.8,1.589574468,55.06382979,1.522413793,133.8965517
KCB4,Kāneʻohe,Control,12/02/2020,9.30,2020,February,NA,PN016,016,NA,NA,21.435115,-157.7867,224,2020_February,Wet,Kāneʻohe_Wet,0.864120028,Waning gibbous,3.896638599,223.260946,1612480,12/02/2020 9.30,0.916,0.279196791,24.2,2.685208333,196.8333333,1.604477612,166.2857143
K019,Kāneʻohe,Sample,12/02/2020,9.30,2020,February,7,PN013,013,4,1,21.435115,-157.7867,224,2020_February,Wet,Kāneʻohe_Wet,0.864120028,Waning gibbous,3.896638599,223.260946,1612480,12/02/2020 9.30,0.916,0.279196791,24.2,2.685208333,196.8333333,1.604477612,166.2857143
K021,Kāneʻohe,Sample,12/02/2020,9.30,2020,February,7,PN014,014,4,2,21.435115,-157.7867,224,2020_February,Wet,Kāneʻohe_Wet,0.864120028,Waning gibbous,3.896638599,223.260946,1612480,12/02/2020 9.30,0.916,0.279196791,24.2,2.685208333,196.8333333,1.604477612,166.2857143
K023,Kāneʻohe,Sample,12/02/2020,9.30,2020,February,7,PN015,015,4,3,21.435115,-157.7867,224,2020_February,Wet,Kāneʻohe_Wet,0.864120028,Waning gibbous,3.896638599,223.260946,1612480,12/02/2020 9.30,0.916,0.279196791,24.2,2.685208333,196.8333333,1.604477612,166.2857143
MCB4,Maunalua,Control,13/02/2020,9.30,2020,February,NA,PN120,120,NA,NA,21.274484,-157.760817,225,2020_February,Wet,Maunalua_Wet,0.783550419,Waning gibbous,4.10940731,235.4516951,1612340,13/02/2020 9.30,1.27,0.387095988,24.2,2.605531915,45.34042553,1.733333333,109.4351145
M019,Maunalua,Sample,13/02/2020,9.30,2020,February,7,PN117,117,4,1,21.274484,-157.760817,225,2020_February,Wet,Maunalua_Wet,0.783550419,Waning gibbous,4.10940731,235.4516951,1612340,13/02/2020 9.30,1.27,0.387095988,24.2,2.605531915,45.34042553,1.733333333,109.4351145
M021,Maunalua,Sample,13/02/2020,9.30,2020,February,7,PN118,118,4,2,21.274484,-157.760817,225,2020_February,Wet,Maunalua_Wet,0.783550419,Waning gibbous,4.10940731,235.4516951,1612340,13/02/2020 9.30,1.27,0.387095988,24.2,2.605531915,45.34042553,1.733333333,109.4351145
M023,Maunalua,Sample,13/02/2020,9.30,2020,February,7,PN119,119,4,3,21.274484,-157.760817,225,2020_February,Wet,Maunalua_Wet,0.783550419,Waning gibbous,4.10940731,235.4516951,1612340,13/02/2020 9.30,1.27,0.387095988,24.2,2.605531915,45.34042553,1.733333333,109.4351145
WCB5,Waimānalo,Control,18/05/2020,12.45,2020,May,NA,PN175,175,NA,NA,21.326702,-157.681698,320,2020_May,Dry,Waimānalo_Dry,0.155361772,Waning crescent,5.472878875,313.5728613,1612480,18/05/2020 12.45,2.041,0.62209678,25.9,1.441875,211.7708333,2.0075,79.2605042
W025,Waimānalo,Sample,18/05/2020,12.45,2020,May,10,PN172,172,5,1,21.326702,-157.681698,320,2020_May,Dry,Waimānalo_Dry,0.155361772,Waning crescent,5.472878875,313.5728613,1612480,18/05/2020 12.45,2.041,0.62209678,25.9,1.441875,211.7708333,2.0075,79.2605042
W027,Waimānalo,Sample,18/05/2020,12.45,2020,May,10,PN173,173,5,2,21.326702,-157.681698,320,2020_May,Dry,Waimānalo_Dry,0.155361772,Waning crescent,5.472878875,313.5728613,1612480,18/05/2020 12.45,2.041,0.62209678,25.9,1.441875,211.7708333,2.0075,79.2605042
W029,Waimānalo,Sample,18/05/2020,12.45,2020,May,10,PN174,174,5,3,21.326702,-157.681698,320,2020_May,Dry,Waimānalo_Dry,0.155361772,Waning crescent,5.472878875,313.5728613,1612480,18/05/2020 12.45,2.041,0.62209678,25.9,1.441875,211.7708333,2.0075,79.2605042
MCB5,Maunalua,Control,25/05/2020,10.45,2020,May,NA,PN124,124,NA,NA,21.274484,-157.760817,327,2020_May,Dry,Maunalua_Dry,0.110922846,Waxing crescent,0.67907454,38.90810514,1612340,25/05/2020 10.45,0.256,0.078028798,26.1,1.413125,188.2291667,1.839583333,129.2468619
M025,Maunalua,Sample,25/05/2020,10.45,2020,May,10,PN121,121,5,1,21.274484,-157.760817,327,2020_May,Dry,Maunalua_Dry,0.110922846,Waxing crescent,0.67907454,38.90810514,1612340,25/05/2020 10.45,0.256,0.078028798,26.1,1.413125,188.2291667,1.839583333,129.2468619
M027,Maunalua,Sample,25/05/2020,10.45,2020,May,10,PN122,122,5,2,21.274484,-157.760817,327,2020_May,Dry,Maunalua_Dry,0.110922846,Waxing crescent,0.67907454,38.90810514,1612340,25/05/2020 10.45,0.256,0.078028798,26.1,1.413125,188.2291667,1.839583333,129.2468619
M029,Maunalua,Sample,25/05/2020,10.45,2020,May,10,PN123,123,5,3,21.274484,-157.760817,327,2020_May,Dry,Maunalua_Dry,0.110922846,Waxing crescent,0.67907454,38.90810514,1612340,25/05/2020 10.45,0.256,0.078028798,26.1,1.413125,188.2291667,1.839583333,129.2468619
LCB5,Lanikai,Control,26/05/2020,13.00,2020,May,NA,PN072,072,NA,NA,21.392735,-157.714014,328,2020_May,Dry,Lanikai_Dry,0.18601069,Waxing crescent,0.891843251,51.09885425,1612480,26/05/2020 13.00,1.057,0.32217359,25.7,1.287708333,275.1041667,1.738333333,132.4333333
L025,Lanikai,Sample,26/05/2020,13.00,2020,May,10,PN069,069,5,1,21.392735,-157.714014,328,2020_May,Dry,Lanikai_Dry,0.18601069,Waxing crescent,0.891843251,51.09885425,1612480,26/05/2020 13.00,1.057,0.32217359,25.7,1.287708333,275.1041667,1.738333333,132.4333333
L027,Lanikai,Sample,26/05/2020,13.00,2020,May,10,PN070,070,5,2,21.392735,-157.714014,328,2020_May,Dry,Lanikai_Dry,0.18601069,Waxing crescent,0.891843251,51.09885425,1612480,26/05/2020 13.00,1.057,0.32217359,25.7,1.287708333,275.1041667,1.738333333,132.4333333
L029,Lanikai,Sample,26/05/2020,13.00,2020,May,10,PN071,071,5,3,21.392735,-157.714014,328,2020_May,Dry,Lanikai_Dry,0.18601069,Waxing crescent,0.891843251,51.09885425,1612480,26/05/2020 13.00,1.057,0.32217359,25.7,1.287708333,275.1041667,1.738333333,132.4333333
KCB5,Kāneʻohe,Control,27/05/2020,10.30,2020,May,NA,PN020,020,NA,NA,21.435115,-157.7867,329,2020_May,Dry,Kāneʻohe_Dry,0.275259451,Waxing crescent,1.104611961,63.28960337,1612480,27/05/2020 10.30,0.312,0.095097597,25.7,1.214791667,121.3829787,1.59375,92.54201681
K025,Kāneʻohe,Sample,27/05/2020,10.30,2020,May,10,PN017,017,5,1,21.435115,-157.7867,329,2020_May,Dry,Kāneʻohe_Dry,0.275259451,Waxing crescent,1.104611961,63.28960337,1612480,27/05/2020 10.30,0.312,0.095097597,25.7,1.214791667,121.3829787,1.59375,92.54201681
K027,Kāneʻohe,Sample,27/05/2020,10.30,2020,May,10,PN018,018,5,2,21.435115,-157.7867,329,2020_May,Dry,Kāneʻohe_Dry,0.275259451,Waxing crescent,1.104611961,63.28960337,1612480,27/05/2020 10.30,0.312,0.095097597,25.7,1.214791667,121.3829787,1.59375,92.54201681
K029,Kāneʻohe,Sample,27/05/2020,10.30,2020,May,10,PN019,019,5,3,21.435115,-157.7867,329,2020_May,Dry,Kāneʻohe_Dry,0.275259451,Waxing crescent,1.104611961,63.28960337,1612480,27/05/2020 10.30,0.312,0.095097597,25.7,1.214791667,121.3829787,1.59375,92.54201681
WCB6,Waimānalo,Control,24/06/2020,13.00,2020,June,NA,PN179,179,NA,NA,21.326702,-157.681698,357,2020_June,Dry,Waimānalo_Dry,0.144174397,Waxing crescent,0.778950545,44.63057866,1612480,24/06/2020 13.00,1.254,0.382219188,25.9,1.574255319,74.76595745,2.155416667,74.32352941
W031,Waimānalo,Sample,24/06/2020,13.00,2020,June,11,PN176,176,6,1,21.326702,-157.681698,357,2020_June,Dry,Waimānalo_Dry,0.144174397,Waxing crescent,0.778950545,44.63057866,1612480,24/06/2020 13.00,1.254,0.382219188,25.9,1.574255319,74.76595745,2.155416667,74.32352941
W033,Waimānalo,Sample,24/06/2020,13.00,2020,June,11,PN177,177,6,2,21.326702,-157.681698,357,2020_June,Dry,Waimānalo_Dry,0.144174397,Waxing crescent,0.778950545,44.63057866,1612480,24/06/2020 13.00,1.254,0.382219188,25.9,1.574255319,74.76595745,2.155416667,74.32352941
W035,Waimānalo,Sample,24/06/2020,13.00,2020,June,11,PN178,178,6,3,21.326702,-157.681698,357,2020_June,Dry,Waimānalo_Dry,0.144174397,Waxing crescent,0.778950545,44.63057866,1612480,24/06/2020 13.00,1.254,0.382219188,25.9,1.574255319,74.76595745,2.155416667,74.32352941
LCB6,Lanikai,Control,25/06/2020,12.30,2020,June,NA,PN076,076,NA,NA,21.392735,-157.714014,358,2020_June,Dry,Lanikai_Dry,0.226374146,Waxing crescent,0.991719255,56.82132778,1612480,25/06/2020 12.30,0.932,0.284073591,25.9,1.797083333,70.97916667,2.130833333,83.19246862
L031,Lanikai,Sample,25/06/2020,12.30,2020,June,11,PN073,073,6,1,21.392735,-157.714014,358,2020_June,Dry,Lanikai_Dry,0.226374146,Waxing crescent,0.991719255,56.82132778,1612480,25/06/2020 12.30,0.932,0.284073591,25.9,1.797083333,70.97916667,2.130833333,83.19246862
L033,Lanikai,Sample,25/06/2020,12.30,2020,June,11,PN074,074,6,2,21.392735,-157.714014,358,2020_June,Dry,Lanikai_Dry,0.226374146,Waxing crescent,0.991719255,56.82132778,1612480,25/06/2020 12.30,0.932,0.284073591,25.9,1.797083333,70.97916667,2.130833333,83.19246862
L035,Lanikai,Sample,25/06/2020,12.30,2020,June,11,PN075,075,6,3,21.392735,-157.714014,358,2020_June,Dry,Lanikai_Dry,0.226374146,Waxing crescent,0.991719255,56.82132778,1612480,25/06/2020 12.30,0.932,0.284073591,25.9,1.797083333,70.97916667,2.130833333,83.19246862
KCB6,Kāneʻohe,Control,26/06/2020,11.00,2020,June,NA,PN024,024,NA,NA,21.435115,-157.7867,359,2020_June,Dry,Kāneʻohe_Dry,0.32091442,First quarter,1.204487965,69.0120769,1612480,26/06/2020 11.00,0.837,0.255117592,26.1,1.663829787,78.14893617,2.064583333,79.62869198
K031,Kāneʻohe,Sample,26/06/2020,11.00,2020,June,11,PN021,021,6,1,21.435115,-157.7867,359,2020_June,Dry,Kāneʻohe_Dry,0.32091442,First quarter,1.204487965,69.0120769,1612480,26/06/2020 11.00,0.837,0.255117592,26.1,1.663829787,78.14893617,2.064583333,79.62869198
K033,Kāneʻohe,Sample,26/06/2020,11.00,2020,June,11,PN022,022,6,2,21.435115,-157.7867,359,2020_June,Dry,Kāneʻohe_Dry,0.32091442,First quarter,1.204487965,69.0120769,1612480,26/06/2020 11.00,0.837,0.255117592,26.1,1.663829787,78.14893617,2.064583333,79.62869198
K035,Kāneʻohe,Sample,26/06/2020,11.00,2020,June,11,PN023,023,6,3,21.435115,-157.7867,359,2020_June,Dry,Kāneʻohe_Dry,0.32091442,First quarter,1.204487965,69.0120769,1612480,26/06/2020 11.00,0.837,0.255117592,26.1,1.663829787,78.14893617,2.064583333,79.62869198
MCB6,Maunalua,Control,29/06/2020,11.30,2020,June,NA,PN128,128,NA,NA,21.274484,-157.760817,362,2020_June,Dry,Maunalua_Dry,0.634328148,First quarter,1.842794097,105.5843242,1612340,29/06/2020 11.30,2.057,0.62697358,27.1,1.300208333,53.14583333,1.7175,91.63291139
M031,Maunalua,Sample,29/06/2020,11.30,2020,June,11,PN125,125,6,1,21.274484,-157.760817,362,2020_June,Dry,Maunalua_Dry,0.634328148,First quarter,1.842794097,105.5843242,1612340,29/06/2020 11.30,2.057,0.62697358,27.1,1.300208333,53.14583333,1.7175,91.63291139
M033,Maunalua,Sample,29/06/2020,11.30,2020,June,11,PN126,126,6,2,21.274484,-157.760817,362,2020_June,Dry,Maunalua_Dry,0.634328148,First quarter,1.842794097,105.5843242,1612340,29/06/2020 11.30,2.057,0.62697358,27.1,1.300208333,53.14583333,1.7175,91.63291139
M035,Maunalua,Sample,29/06/2020,11.30,2020,June,11,PN127,127,6,3,21.274484,-157.760817,362,2020_June,Dry,Maunalua_Dry,0.634328148,First quarter,1.842794097,105.5843242,1612340,29/06/2020 11.30,2.057,0.62697358,27.1,1.300208333,53.14583333,1.7175,91.63291139
WCB7,Waimānalo,Control,23/07/2020,12.00,2020,July,NA,PN183,183,NA,NA,21.326702,-157.681698,386,2020_July,Dry,Waimānalo_Dry,0.106868202,Waxing crescent,0.666057839,38.16230307,1612480,23/07/2020 12.00,1.09,0.332231989,27.1,1.395217391,50.86956522,1.59953271,78.69014085
W037,Waimānalo,Sample,23/07/2020,12.00,2020,July,12,PN180,180,7,1,21.326702,-157.681698,386,2020_July,Dry,Waimānalo_Dry,0.106868202,Waxing crescent,0.666057839,38.16230307,1612480,23/07/2020 12.00,1.09,0.332231989,27.1,1.395217391,50.86956522,1.59953271,78.69014085
W039,Waimānalo,Sample,23/07/2020,12.00,2020,July,12,PN181,181,7,2,21.326702,-157.681698,386,2020_July,Dry,Waimānalo_Dry,0.106868202,Waxing crescent,0.666057839,38.16230307,1612480,23/07/2020 12.00,1.09,0.332231989,27.1,1.395217391,50.86956522,1.59953271,78.69014085
W041,Waimānalo,Sample,23/07/2020,12.00,2020,July,12,PN182,182,7,3,21.326702,-157.681698,386,2020_July,Dry,Waimānalo_Dry,0.106868202,Waxing crescent,0.666057839,38.16230307,1612480,23/07/2020 12.00,1.09,0.332231989,27.1,1.395217391,50.86956522,1.59953271,78.69014085
LCB7,Lanikai,Control,24/07/2020,11.30,2020,July,NA,PN080,080,NA,NA,21.392735,-157.714014,387,2020_July,Dry,Lanikai_Dry,0.180972435,Waxing crescent,0.878826549,50.35305219,1612480,24/07/2020 11.30,0.935,0.284987991,26.9,1.742765957,52.12765957,2.248826291,72.85714286
L037,Lanikai,Sample,24/07/2020,11.30,2020,July,12,PN077,077,7,1,21.392735,-157.714014,387,2020_July,Dry,Lanikai_Dry,0.180972435,Waxing crescent,0.878826549,50.35305219,1612480,24/07/2020 11.30,0.935,0.284987991,26.9,1.742765957,52.12765957,2.248826291,72.85714286
L039,Lanikai,Sample,24/07/2020,11.30,2020,July,12,PN078,078,7,2,21.392735,-157.714014,387,2020_July,Dry,Lanikai_Dry,0.180972435,Waxing crescent,0.878826549,50.35305219,1612480,24/07/2020 11.30,0.935,0.284987991,26.9,1.742765957,52.12765957,2.248826291,72.85714286
L041,Lanikai,Sample,24/07/2020,11.30,2020,July,12,PN079,079,7,3,21.392735,-157.714014,387,2020_July,Dry,Lanikai_Dry,0.180972435,Waxing crescent,0.878826549,50.35305219,1612480,24/07/2020 11.30,0.935,0.284987991,26.9,1.742765957,52.12765957,2.248826291,72.85714286
MCB7,Maunalua,Control,29/07/2020,11.30,2020,July,NA,PN132,132,NA,NA,21.274484,-157.760817,392,2020_July,Dry,Maunalua_Dry,0.681680884,First quarter,1.942670101,111.3067978,1612340,29/07/2020 11.30,2.497,0.761085576,27.1,2.053617021,69.68085106,2.326086957,64.8115942
M037,Maunalua,Sample,29/07/2020,11.30,2020,July,12,PN129,129,7,1,21.274484,-157.760817,392,2020_July,Dry,Maunalua_Dry,0.681680884,First quarter,1.942670101,111.3067978,1612340,29/07/2020 11.30,2.497,0.761085576,27.1,2.053617021,69.68085106,2.326086957,64.8115942
M039,Maunalua,Sample,29/07/2020,11.30,2020,July,12,PN130,130,7,2,21.274484,-157.760817,392,2020_July,Dry,Maunalua_Dry,0.681680884,First quarter,1.942670101,111.3067978,1612340,29/07/2020 11.30,2.497,0.761085576,27.1,2.053617021,69.68085106,2.326086957,64.8115942
M041,Maunalua,Sample,29/07/2020,11.30,2020,July,12,PN131,131,7,3,21.274484,-157.760817,392,2020_July,Dry,Maunalua_Dry,0.681680884,First quarter,1.942670101,111.3067978,1612340,29/07/2020 11.30,2.497,0.761085576,27.1,2.053617021,69.68085106,2.326086957,64.8115942
KCB7,Kāneʻohe,Control,31/07/2020,14.00,2020,July,NA,PN028,028,NA,NA,21.435115,-157.7867,394,2020_July,Dry,Kāneʻohe_Dry,0.857775026,Waxing gibbous,2.368207522,135.688296,1612480,31/07/2020 14.00,1.588,0.484022385,26.7,1.933617021,62.25531915,2.827111111,66.97333333
K037,Kāneʻohe,Sample,31/07/2020,14.00,2020,July,12,PN025,025,7,1,21.435115,-157.7867,394,2020_July,Dry,Kāneʻohe_Dry,0.857775026,Waxing gibbous,2.368207522,135.688296,1612480,31/07/2020 14.00,1.588,0.484022385,26.7,1.933617021,62.25531915,2.827111111,66.97333333
K039,Kāneʻohe,Sample,31/07/2020,14.00,2020,July,12,PN026,026,7,2,21.435115,-157.7867,394,2020_July,Dry,Kāneʻohe_Dry,0.857775026,Waxing gibbous,2.368207522,135.688296,1612480,31/07/2020 14.00,1.588,0.484022385,26.7,1.933617021,62.25531915,2.827111111,66.97333333
K041,Kāneʻohe,Sample,31/07/2020,14.00,2020,July,12,PN027,027,7,3,21.435115,-157.7867,394,2020_July,Dry,Kāneʻohe_Dry,0.857775026,Waxing gibbous,2.368207522,135.688296,1612480,31/07/2020 14.00,1.588,0.484022385,26.7,1.933617021,62.25531915,2.827111111,66.97333333
WCB8,Waimānalo,Control,24/08/2020,11.30,2020,August,NA,PN187,187,NA,NA,21.326702,-157.681698,418,2020_August,Dry,Waimānalo_Dry,0.314853203,First quarter,1.191471264,68.26627483,1612480,24/08/2020 11.30,1.851,0.564184782,26.7,1.394375,82.47916667,2.216425121,70.51941748
W043,Waimānalo,Sample,24/08/2020,11.30,2020,August,13,PN184,184,8,1,21.326702,-157.681698,418,2020_August,Dry,Waimānalo_Dry,0.314853203,First quarter,1.191471264,68.26627483,1612480,24/08/2020 11.30,1.851,0.564184782,26.7,1.394375,82.47916667,2.216425121,70.51941748
W045,Waimānalo,Sample,24/08/2020,11.30,2020,August,13,PN185,185,8,2,21.326702,-157.681698,418,2020_August,Dry,Waimānalo_Dry,0.314853203,First quarter,1.191471264,68.26627483,1612480,24/08/2020 11.30,1.851,0.564184782,26.7,1.394375,82.47916667,2.216425121,70.51941748
W047,Waimānalo,Sample,24/08/2020,11.30,2020,August,13,PN186,186,8,3,21.326702,-157.681698,418,2020_August,Dry,Waimānalo_Dry,0.314853203,First quarter,1.191471264,68.26627483,1612480,24/08/2020 11.30,1.851,0.564184782,26.7,1.394375,82.47916667,2.216425121,70.51941748
MCB8,Maunalua,Control,25/08/2020,12.30,2020,August,NA,PN136,136,NA,NA,21.274484,-157.760817,419,2020_August,Dry,Maunalua_Dry,0.417106327,First quarter,1.404239974,80.45702395,1612340,25/08/2020 12.30,2.136,0.651052779,27.4,1.318085106,86.46808511,1.87027027,101.0727273
M043,Maunalua,Sample,25/08/2020,12.30,2020,August,13,PN133,133,8,1,21.274484,-157.760817,419,2020_August,Dry,Maunalua_Dry,0.417106327,First quarter,1.404239974,80.45702395,1612340,25/08/2020 12.30,2.136,0.651052779,27.4,1.318085106,86.46808511,1.87027027,101.0727273
M045,Maunalua,Sample,25/08/2020,12.30,2020,August,13,PN134,134,8,2,21.274484,-157.760817,419,2020_August,Dry,Maunalua_Dry,0.417106327,First quarter,1.404239974,80.45702395,1612340,25/08/2020 12.30,2.136,0.651052779,27.4,1.318085106,86.46808511,1.87027027,101.0727273
M047,Maunalua,Sample,25/08/2020,12.30,2020,August,13,PN135,135,8,3,21.274484,-157.760817,419,2020_August,Dry,Maunalua_Dry,0.417106327,First quarter,1.404239974,80.45702395,1612340,25/08/2020 12.30,2.136,0.651052779,27.4,1.318085106,86.46808511,1.87027027,101.0727273
LCB8,Lanikai,Control,26/08/2020,9.45,2020,August,NA,PN084,084,NA,NA,21.392735,-157.714014,420,2020_August,Dry,Lanikai_Dry,0.523097956,First quarter,1.617008685,92.64777307,1612480,26/08/2020 9.45,2.428,0.740054376,26.8,1.237291667,82.08333333,2.060810811,99.24311927
L043,Lanikai,Sample,26/08/2020,9.45,2020,August,13,PN081,081,8,1,21.392735,-157.714014,420,2020_August,Dry,Lanikai_Dry,0.523097956,First quarter,1.617008685,92.64777307,1612480,26/08/2020 9.45,2.428,0.740054376,26.8,1.237291667,82.08333333,2.060810811,99.24311927
L045,Lanikai,Sample,26/08/2020,9.45,2020,August,13,PN082,082,8,2,21.392735,-157.714014,420,2020_August,Dry,Lanikai_Dry,0.523097956,First quarter,1.617008685,92.64777307,1612480,26/08/2020 9.45,2.428,0.740054376,26.8,1.237291667,82.08333333,2.060810811,99.24311927
L047,Lanikai,Sample,26/08/2020,9.45,2020,August,13,PN083,083,8,3,21.392735,-157.714014,420,2020_August,Dry,Lanikai_Dry,0.523097956,First quarter,1.617008685,92.64777307,1612480,26/08/2020 9.45,2.428,0.740054376,26.8,1.237291667,82.08333333,2.060810811,99.24311927
KCB8,Kāneʻohe,Control,27/08/2020,12.00,2020,August,NA,PN032,032,NA,NA,21.435115,-157.7867,421,2020_August,Dry,Kāneʻohe_Dry,0.628047867,First quarter,1.829777395,104.8385222,1612480,27/08/2020 12.00,2.691,0.820216774,26.7,1.305,55.8125,2.269565217,62.00434783
K043,Kāneʻohe,Sample,27/08/2020,12.00,2020,August,13,PN029,029,8,1,21.435115,-157.7867,421,2020_August,Dry,Kāneʻohe_Dry,0.628047867,First quarter,1.829777395,104.8385222,1612480,27/08/2020 12.00,2.691,0.820216774,26.7,1.305,55.8125,2.269565217,62.00434783
K045,Kāneʻohe,Sample,27/08/2020,12.00,2020,August,13,PN030,030,8,2,21.435115,-157.7867,421,2020_August,Dry,Kāneʻohe_Dry,0.628047867,First quarter,1.829777395,104.8385222,1612480,27/08/2020 12.00,2.691,0.820216774,26.7,1.305,55.8125,2.269565217,62.00434783
K047,Kāneʻohe,Sample,27/08/2020,12.00,2020,August,13,PN031,031,8,3,21.435115,-157.7867,421,2020_August,Dry,Kāneʻohe_Dry,0.628047867,First quarter,1.829777395,104.8385222,1612480,27/08/2020 12.00,2.691,0.820216774,26.7,1.305,55.8125,2.269565217,62.00434783
MCB9,Maunalua,Control,22/09/2020,12.30,2020,September,NA,PN140,140,NA,NA,21.274484,-157.760817,447,2020_September,Dry,Maunalua_Dry,0.26370923,Waxing crescent,1.078578558,61.79799924,1612340,22/09/2020 12.30,1.637,0.498957584,27.2,1.422173913,56.80434783,2.06372093,63.89252336
M049,Maunalua,Sample,22/09/2020,12.30,2020,September,14,PN137,137,9,1,21.274484,-157.760817,447,2020_September,Dry,Maunalua_Dry,0.26370923,Waxing crescent,1.078578558,61.79799924,1612340,22/09/2020 12.30,1.637,0.498957584,27.2,1.422173913,56.80434783,2.06372093,63.89252336
M051,Maunalua,Sample,22/09/2020,12.30,2020,September,14,PN138,138,9,2,21.274484,-157.760817,447,2020_September,Dry,Maunalua_Dry,0.26370923,Waxing crescent,1.078578558,61.79799924,1612340,22/09/2020 12.30,1.637,0.498957584,27.2,1.422173913,56.80434783,2.06372093,63.89252336
M053,Maunalua,Sample,22/09/2020,12.30,2020,September,14,PN139,139,9,3,21.274484,-157.760817,447,2020_September,Dry,Maunalua_Dry,0.26370923,Waxing crescent,1.078578558,61.79799924,1612340,22/09/2020 12.30,1.637,0.498957584,27.2,1.422173913,56.80434783,2.06372093,63.89252336
LCB9,Lanikai,Control,24/09/2020,11.15,2020,September,NA,PN088,088,NA,NA,21.392735,-157.714014,449,2020_September,Dry,Lanikai_Dry,0.466684527,First quarter,1.504115979,86.17949747,1612480,24/09/2020 11.15,2.556,0.779068775,27,1.694791667,167.6458333,2.628378378,76.49545455
L049,Lanikai,Sample,24/09/2020,11.15,2020,September,14,PN085,085,9,1,21.392735,-157.714014,449,2020_September,Dry,Lanikai_Dry,0.466684527,First quarter,1.504115979,86.17949747,1612480,24/09/2020 11.15,2.556,0.779068775,27,1.694791667,167.6458333,2.628378378,76.49545455
L051,Lanikai,Sample,24/09/2020,11.15,2020,September,14,PN086,086,9,2,21.392735,-157.714014,449,2020_September,Dry,Lanikai_Dry,0.466684527,First quarter,1.504115979,86.17949747,1612480,24/09/2020 11.15,2.556,0.779068775,27,1.694791667,167.6458333,2.628378378,76.49545455
L053,Lanikai,Sample,24/09/2020,11.15,2020,September,14,PN087,087,9,3,21.392735,-157.714014,449,2020_September,Dry,Lanikai_Dry,0.466684527,First quarter,1.504115979,86.17949747,1612480,24/09/2020 11.15,2.556,0.779068775,27,1.694791667,167.6458333,2.628378378,76.49545455
WCB9,Waimānalo,Control,25/09/2020,9.45,2020,September,NA,PN191,191,NA,NA,21.326702,-157.681698,450,2020_September,Dry,Waimānalo_Dry,0.572784642,First quarter,1.716884689,98.37024659,1612480,25/09/2020 9.45,2.448,0.746150376,27,1.916666667,326.3333333,2.596086957,69.8
W049,Waimānalo,Sample,25/09/2020,9.45,2020,September,14,PN188,188,9,1,21.326702,-157.681698,450,2020_September,Dry,Waimānalo_Dry,0.572784642,First quarter,1.716884689,98.37024659,1612480,25/09/2020 9.45,2.448,0.746150376,27,1.916666667,326.3333333,2.596086957,69.8
W051,Waimānalo,Sample,25/09/2020,9.45,2020,September,14,PN189,189,9,2,21.326702,-157.681698,450,2020_September,Dry,Waimānalo_Dry,0.572784642,First quarter,1.716884689,98.37024659,1612480,25/09/2020 9.45,2.448,0.746150376,27,1.916666667,326.3333333,2.596086957,69.8
W053,Waimānalo,Sample,25/09/2020,9.45,2020,September,14,PN190,190,9,3,21.326702,-157.681698,450,2020_September,Dry,Waimānalo_Dry,0.572784642,First quarter,1.716884689,98.37024659,1612480,25/09/2020 9.45,2.448,0.746150376,27,1.916666667,326.3333333,2.596086957,69.8
KCB9,Kāneʻohe,Control,30/09/2020,11.00,2020,September,NA,PN036,036,NA,NA,21.435115,-157.7867,455,2020_September,Dry,Kāneʻohe_Dry,0.967795982,Full,2.780728241,159.3239922,1612480,30/09/2020 11.00,1.926,0.587044781,27.1,1.383404255,139.9361702,1.859817352,166.5981735
K049,Kāneʻohe,Sample,30/09/2020,11.00,2020,September,14,PN033,033,9,1,21.435115,-157.7867,455,2020_September,Dry,Kāneʻohe_Dry,0.967795982,Full,2.780728241,159.3239922,1612480,30/09/2020 11.00,1.926,0.587044781,27.1,1.383404255,139.9361702,1.859817352,166.5981735
K051,Kāneʻohe,Sample,30/09/2020,11.00,2020,September,14,PN034,034,9,2,21.435115,-157.7867,455,2020_September,Dry,Kāneʻohe_Dry,0.967795982,Full,2.780728241,159.3239922,1612480,30/09/2020 11.00,1.926,0.587044781,27.1,1.383404255,139.9361702,1.859817352,166.5981735
K053,Kāneʻohe,Sample,30/09/2020,11.00,2020,September,14,PN035,035,9,3,21.435115,-157.7867,455,2020_September,Dry,Kāneʻohe_Dry,0.967795982,Full,2.780728241,159.3239922,1612480,30/09/2020 11.00,1.926,0.587044781,27.1,1.383404255,139.9361702,1.859817352,166.5981735
LCB10,Lanikai,Control,26/10/2020,10.45,2020,October,NA,PN092,092,NA,NA,21.392735,-157.714014,481,2020_October,Dry,Lanikai_Dry,0.721406261,Waxing gibbous,2.029529404,116.2834692,1612480,26/10/2020 10.45,2.605,0.794003975,27.7,1.528333333,79.375,1.662441315,188.0471698
L055,Lanikai,Sample,26/10/2020,10.45,2020,October,15,PN089,089,10,1,21.392735,-157.714014,481,2020_October,Dry,Lanikai_Dry,0.721406261,Waxing gibbous,2.029529404,116.2834692,1612480,26/10/2020 10.45,2.605,0.794003975,27.7,1.528333333,79.375,1.662441315,188.0471698
L057,Lanikai,Sample,26/10/2020,10.45,2020,October,15,PN090,090,10,2,21.392735,-157.714014,481,2020_October,Dry,Lanikai_Dry,0.721406261,Waxing gibbous,2.029529404,116.2834692,1612480,26/10/2020 10.45,2.605,0.794003975,27.7,1.528333333,79.375,1.662441315,188.0471698
L059,Lanikai,Sample,26/10/2020,10.45,2020,October,15,PN091,091,10,3,21.392735,-157.714014,481,2020_October,Dry,Lanikai_Dry,0.721406261,Waxing gibbous,2.029529404,116.2834692,1612480,26/10/2020 10.45,2.605,0.794003975,27.7,1.528333333,79.375,1.662441315,188.0471698
WCB10,Waimānalo,Control,28/10/2020,11.00,2020,October,NA,PN195,195,NA,NA,21.326702,-157.681698,483,2020_October,Dry,Waimānalo_Dry,0.886726398,Waxing gibbous,2.455066825,140.6649675,1612480,28/10/2020 11.00,2.395,0.729995977,27.6,1.123829787,53.95744681,1.353271028,149.8356808
W055,Waimānalo,Sample,28/10/2020,11.00,2020,October,15,PN192,192,10,1,21.326702,-157.681698,483,2020_October,Dry,Waimānalo_Dry,0.886726398,Waxing gibbous,2.455066825,140.6649675,1612480,28/10/2020 11.00,2.395,0.729995977,27.6,1.123829787,53.95744681,1.353271028,149.8356808
W057,Waimānalo,Sample,28/10/2020,11.00,2020,October,15,PN193,193,10,2,21.326702,-157.681698,483,2020_October,Dry,Waimānalo_Dry,0.886726398,Waxing gibbous,2.455066825,140.6649675,1612480,28/10/2020 11.00,2.395,0.729995977,27.6,1.123829787,53.95744681,1.353271028,149.8356808
W059,Waimānalo,Sample,28/10/2020,11.00,2020,October,15,PN194,194,10,3,21.326702,-157.681698,483,2020_October,Dry,Waimānalo_Dry,0.886726398,Waxing gibbous,2.455066825,140.6649675,1612480,28/10/2020 11.00,2.395,0.729995977,27.6,1.123829787,53.95744681,1.353271028,149.8356808
KCB10,Kāneʻohe,Control,29/10/2020,11.00,2020,October,NA,PN040,040,NA,NA,21.435115,-157.7867,484,2020_October,Dry,Kāneʻohe_Dry,0.944930226,Waxing gibbous,2.667835535,152.8557166,1612480,29/10/2020 11.00,2.202,0.671169579,27.7,1.079583333,120.75,1.992237443,174.1238532
K055,Kāneʻohe,Sample,29/10/2020,11.00,2020,October,15,PN037,037,10,1,21.435115,-157.7867,484,2020_October,Dry,Kāneʻohe_Dry,0.944930226,Waxing gibbous,2.667835535,152.8557166,1612480,29/10/2020 11.00,2.202,0.671169579,27.7,1.079583333,120.75,1.992237443,174.1238532
K057,Kāneʻohe,Sample,29/10/2020,11.00,2020,October,15,PN038,038,10,2,21.435115,-157.7867,484,2020_October,Dry,Kāneʻohe_Dry,0.944930226,Waxing gibbous,2.667835535,152.8557166,1612480,29/10/2020 11.00,2.202,0.671169579,27.7,1.079583333,120.75,1.992237443,174.1238532
K059,Kāneʻohe,Sample,29/10/2020,11.00,2020,October,15,PN039,039,10,3,21.435115,-157.7867,484,2020_October,Dry,Kāneʻohe_Dry,0.944930226,Waxing gibbous,2.667835535,152.8557166,1612480,29/10/2020 11.00,2.202,0.671169579,27.7,1.079583333,120.75,1.992237443,174.1238532
MCB10,Maunalua,Control,30/10/2020,10.30,2020,October,NA,PN144,144,NA,NA,21.274484,-157.760817,485,2020_October,Dry,Maunalua_Dry,0.983067703,Full,2.880604245,165.0464657,1612340,30/10/2020 10.30,1.07,0.32613599,27.6,1.249791667,209.7708333,3.136403509,239.8502203
M055,Maunalua,Sample,30/10/2020,10.30,2020,October,15,PN141,141,10,1,21.274484,-157.760817,485,2020_October,Dry,Maunalua_Dry,0.983067703,Full,2.880604245,165.0464657,1612340,30/10/2020 10.30,1.07,0.32613599,27.6,1.249791667,209.7708333,3.136403509,239.8502203
M057,Maunalua,Sample,30/10/2020,10.30,2020,October,15,PN142,142,10,2,21.274484,-157.760817,485,2020_October,Dry,Maunalua_Dry,0.983067703,Full,2.880604245,165.0464657,1612340,30/10/2020 10.30,1.07,0.32613599,27.6,1.249791667,209.7708333,3.136403509,239.8502203
M059,Maunalua,Sample,30/10/2020,10.30,2020,October,15,PN143,143,10,3,21.274484,-157.760817,485,2020_October,Dry,Maunalua_Dry,0.983067703,Full,2.880604245,165.0464657,1612340,30/10/2020 10.30,1.07,0.32613599,27.6,1.249791667,209.7708333,3.136403509,239.8502203
MCB11,Maunalua,Control,23/11/2020,10.30,2020,November,NA,PN148,148,NA,NA,21.274484,-157.760817,509,2020_November,Wet,Maunalua_Wet,0.566339634,First quarter,1.703867987,97.62444453,1612340,23/11/2020 10.30,1.962,0.598017581,26.1,3.039166667,66.04166667,2.65745614,73.29646018
M061,Maunalua,Sample,23/11/2020,10.30,2020,November,16,PN145,145,11,1,21.274484,-157.760817,509,2020_November,Wet,Maunalua_Wet,0.566339634,First quarter,1.703867987,97.62444453,1612340,23/11/2020 10.30,1.962,0.598017581,26.1,3.039166667,66.04166667,2.65745614,73.29646018
M063,Maunalua,Sample,23/11/2020,10.30,2020,November,16,PN146,146,11,2,21.274484,-157.760817,509,2020_November,Wet,Maunalua_Wet,0.566339634,First quarter,1.703867987,97.62444453,1612340,23/11/2020 10.30,1.962,0.598017581,26.1,3.039166667,66.04166667,2.65745614,73.29646018
M065,Maunalua,Sample,23/11/2020,10.30,2020,November,16,PN147,147,11,3,21.274484,-157.760817,509,2020_November,Wet,Maunalua_Wet,0.566339634,First quarter,1.703867987,97.62444453,1612340,23/11/2020 10.30,1.962,0.598017581,26.1,3.039166667,66.04166667,2.65745614,73.29646018
LCB11,Lanikai,Control,27/11/2020,11.30,2020,November,NA,PN096,096,NA,NA,21.392735,-157.714014,513,2020_November,Wet,Lanikai_Wet,0.91639996,Waxing gibbous,2.554942829,146.387441,1612480,27/11/2020 11.30,1.966,0.599236781,26.3,1.934791667,80.33333333,2.961574074,54.16666667
L061,Lanikai,Sample,27/11/2020,11.30,2020,November,16,PN093,093,11,1,21.392735,-157.714014,513,2020_November,Wet,Lanikai_Wet,0.91639996,Waxing gibbous,2.554942829,146.387441,1612480,27/11/2020 11.30,1.966,0.599236781,26.3,1.934791667,80.33333333,2.961574074,54.16666667
L063,Lanikai,Sample,27/11/2020,11.30,2020,November,16,PN094,094,11,2,21.392735,-157.714014,513,2020_November,Wet,Lanikai_Wet,0.91639996,Waxing gibbous,2.554942829,146.387441,1612480,27/11/2020 11.30,1.966,0.599236781,26.3,1.934791667,80.33333333,2.961574074,54.16666667
L065,Lanikai,Sample,27/11/2020,11.30,2020,November,16,PN095,095,11,3,21.392735,-157.714014,513,2020_November,Wet,Lanikai_Wet,0.91639996,Waxing gibbous,2.554942829,146.387441,1612480,27/11/2020 11.30,1.966,0.599236781,26.3,1.934791667,80.33333333,2.961574074,54.16666667
WCB11,Waimānalo,Control,29/11/2020,10.45,2020,November,NA,PN199,199,NA,NA,21.326702,-157.681698,515,2020_November,Wet,Waimānalo_Wet,0.993524723,Full,2.98048025,170.7689392,1612480,29/11/2020 10.45,1.595,0.486155984,26.3,2.16173913,104.8478261,2.067298578,88.78199052
W061,Waimānalo,Sample,29/11/2020,10.45,2020,November,16,PN196,196,11,1,21.326702,-157.681698,515,2020_November,Wet,Waimānalo_Wet,0.993524723,Full,2.98048025,170.7689392,1612480,29/11/2020 10.45,1.595,0.486155984,26.3,2.16173913,104.8478261,2.067298578,88.78199052
W063,Waimānalo,Sample,29/11/2020,10.45,2020,November,16,PN197,197,11,2,21.326702,-157.681698,515,2020_November,Wet,Waimānalo_Wet,0.993524723,Full,2.98048025,170.7689392,1612480,29/11/2020 10.45,1.595,0.486155984,26.3,2.16173913,104.8478261,2.067298578,88.78199052
W065,Waimānalo,Sample,29/11/2020,10.45,2020,November,16,PN198,198,11,3,21.326702,-157.681698,515,2020_November,Wet,Waimānalo_Wet,0.993524723,Full,2.98048025,170.7689392,1612480,29/11/2020 10.45,1.595,0.486155984,26.3,2.16173913,104.8478261,2.067298578,88.78199052
KCB11,Kāneʻohe,Control,30/11/2020,11.00,2020,November,NA,PN044,044,NA,NA,21.435115,-157.7867,516,2020_November,Wet,Kāneʻohe_Wet,0.999333055,Full,3.19324896,182.9596883,1612480,30/11/2020 11.00,1.618,0.493166384,26.2,1.889375,82.70833333,1.510697674,86.20187793
K061,Kāneʻohe,Sample,30/11/2020,11.00,2020,November,16,PN041,041,11,1,21.435115,-157.7867,516,2020_November,Wet,Kāneʻohe_Wet,0.999333055,Full,3.19324896,182.9596883,1612480,30/11/2020 11.00,1.618,0.493166384,26.2,1.889375,82.70833333,1.510697674,86.20187793
K063,Kāneʻohe,Sample,30/11/2020,11.00,2020,November,16,PN042,042,11,2,21.435115,-157.7867,516,2020_November,Wet,Kāneʻohe_Wet,0.999333055,Full,3.19324896,182.9596883,1612480,30/11/2020 11.00,1.618,0.493166384,26.2,1.889375,82.70833333,1.510697674,86.20187793
K065,Kāneʻohe,Sample,30/11/2020,11.00,2020,November,16,PN043,043,11,3,21.435115,-157.7867,516,2020_November,Wet,Kāneʻohe_Wet,0.999333055,Full,3.19324896,182.9596883,1612480,30/11/2020 11.00,1.618,0.493166384,26.2,1.889375,82.70833333,1.510697674,86.20187793
LCB12,Lanikai,Control,21/12/2020,10.30,2020,December,NA,PN100,100,NA,NA,21.392735,-157.714014,537,2020_December,Wet,Lanikai_Wet,0.404299295,First quarter,1.378206571,78.96541982,1612480,21/12/2020 10.30,2.005,0.61112398,26,1.962682927,80.65853659,1.753947368,90.57777778
L067,Lanikai,Sample,21/12/2020,10.30,2020,December,17,PN097,097,12,1,21.392735,-157.714014,537,2020_December,Wet,Lanikai_Wet,0.404299295,First quarter,1.378206571,78.96541982,1612480,21/12/2020 10.30,2.005,0.61112398,26,1.962682927,80.65853659,1.753947368,90.57777778
L069,Lanikai,Sample,21/12/2020,10.30,2020,December,17,PN098,098,12,2,21.392735,-157.714014,537,2020_December,Wet,Lanikai_Wet,0.404299295,First quarter,1.378206571,78.96541982,1612480,21/12/2020 10.30,2.005,0.61112398,26,1.962682927,80.65853659,1.753947368,90.57777778
L071,Lanikai,Sample,21/12/2020,10.30,2020,December,17,PN099,099,12,3,21.392735,-157.714014,537,2020_December,Wet,Lanikai_Wet,0.404299295,First quarter,1.378206571,78.96541982,1612480,21/12/2020 10.30,2.005,0.61112398,26,1.962682927,80.65853659,1.753947368,90.57777778
KCB12,Kāneʻohe,Control,28/12/2020,10.30,2020,December,NA,PN048,048,NA,NA,21.435115,-157.7867,544,2020_December,Wet,Kāneʻohe_Wet,0.98134744,Full,2.867587544,164.3006636,1612480,28/12/2020 10.30,1.46,0.445007986,25.9,2.421666667,65.66666667,1.488983051,139.1694915
K067,Kāneʻohe,Sample,28/12/2020,10.30,2020,December,17,PN045,045,12,1,21.435115,-157.7867,544,2020_December,Wet,Kāneʻohe_Wet,0.98134744,Full,2.867587544,164.3006636,1612480,28/12/2020 10.30,1.46,0.445007986,25.9,2.421666667,65.66666667,1.488983051,139.1694915
K069,Kāneʻohe,Sample,28/12/2020,10.30,2020,December,17,PN046,046,12,2,21.435115,-157.7867,544,2020_December,Wet,Kāneʻohe_Wet,0.98134744,Full,2.867587544,164.3006636,1612480,28/12/2020 10.30,1.46,0.445007986,25.9,2.421666667,65.66666667,1.488983051,139.1694915
K071,Kāneʻohe,Sample,28/12/2020,10.30,2020,December,17,PN047,047,12,3,21.435115,-157.7867,544,2020_December,Wet,Kāneʻohe_Wet,0.98134744,Full,2.867587544,164.3006636,1612480,28/12/2020 10.30,1.46,0.445007986,25.9,2.421666667,65.66666667,1.488983051,139.1694915
MCB12,Maunalua,Control,29/12/2020,10.15,2020,December,NA,PN152,152,NA,NA,21.274484,-157.760817,545,2020_December,Wet,Maunalua_Wet,0.999062819,Full,3.080356254,176.4914128,1612340,29/12/2020 10.15,0.653,0.199034394,25.7,1.767708333,83.25,1.370044053,136.6902655
M067,Maunalua,Sample,29/12/2020,10.15,2020,December,17,PN149,149,12,1,21.274484,-157.760817,545,2020_December,Wet,Maunalua_Wet,0.999062819,Full,3.080356254,176.4914128,1612340,29/12/2020 10.15,0.653,0.199034394,25.7,1.767708333,83.25,1.370044053,136.6902655
M069,Maunalua,Sample,29/12/2020,10.15,2020,December,17,PN150,150,12,2,21.274484,-157.760817,545,2020_December,Wet,Maunalua_Wet,0.999062819,Full,3.080356254,176.4914128,1612340,29/12/2020 10.15,0.653,0.199034394,25.7,1.767708333,83.25,1.370044053,136.6902655
M071,Maunalua,Sample,29/12/2020,10.15,2020,December,17,PN151,151,12,3,21.274484,-157.760817,545,2020_December,Wet,Maunalua_Wet,0.999062819,Full,3.080356254,176.4914128,1612340,29/12/2020 10.15,0.653,0.199034394,25.7,1.767708333,83.25,1.370044053,136.6902655
WCB12,Waimānalo,Control,30/12/2020,10.45,2020,December,NA,PN203,203,NA,NA,21.326702,-157.681698,546,2020_December,Wet,Waimānalo_Wet,0.994270466,Full,3.293124965,188.6821619,1612480,30/12/2020 10.45,1.372,0.418185587,25.8,1.925625,187.625,1.676233184,92.71300448
W067,Waimānalo,Sample,30/12/2020,10.45,2020,December,17,PN200,200,12,1,21.326702,-157.681698,546,2020_December,Wet,Waimānalo_Wet,0.994270466,Full,3.293124965,188.6821619,1612480,30/12/2020 10.45,1.372,0.418185587,25.8,1.925625,187.625,1.676233184,92.71300448
W069,Waimānalo,Sample,30/12/2020,10.45,2020,December,17,PN201,201,12,2,21.326702,-157.681698,546,2020_December,Wet,Waimānalo_Wet,0.994270466,Full,3.293124965,188.6821619,1612480,30/12/2020 10.45,1.372,0.418185587,25.8,1.925625,187.625,1.676233184,92.71300448
W071,Waimānalo,Sample,30/12/2020,10.45,2020,December,17,PN202,202,12,3,21.326702,-157.681698,546,2020_December,Wet,Waimānalo_Wet,0.994270466,Full,3.293124965,188.6821619,1612480,30/12/2020 10.45,1.372,0.418185587,25.8,1.925625,187.625,1.676233184,92.71300448
LCB13,Lanikai,Control,14/01/2021,10.30,2021,January,NA,PN104,104,NA,NA,21.392735,-157.714014,561,2021_January,Wet,Lanikai_Wet,0.010113294,New,0.201470313,11.54339864,1612480,14/01/2021 10.30,1.355,0.413003987,25.4,2.14375,330.3541667,1.857964602,120.1238938
L073,Lanikai,Sample,14/01/2021,10.30,2021,January,18,PN101,101,13,1,21.392735,-157.714014,561,2021_January,Wet,Lanikai_Wet,0.010113294,New,0.201470313,11.54339864,1612480,14/01/2021 10.30,1.355,0.413003987,25.4,2.14375,330.3541667,1.857964602,120.1238938
L075,Lanikai,Sample,14/01/2021,10.30,2021,January,18,PN102,102,13,2,21.392735,-157.714014,561,2021_January,Wet,Lanikai_Wet,0.010113294,New,0.201470313,11.54339864,1612480,14/01/2021 10.30,1.355,0.413003987,25.4,2.14375,330.3541667,1.857964602,120.1238938
L077,Lanikai,Sample,14/01/2021,10.30,2021,January,18,PN103,103,13,3,21.392735,-157.714014,561,2021_January,Wet,Lanikai_Wet,0.010113294,New,0.201470313,11.54339864,1612480,14/01/2021 10.30,1.355,0.413003987,25.4,2.14375,330.3541667,1.857964602,120.1238938
WCB13,Waimānalo,Control,18/01/2021,10.00,2021,January,NA,PN207,207,NA,NA,21.326702,-157.681698,565,2021_January,Wet,Waimānalo_Wet,0.252319144,Waxing crescent,1.052545155,60.30639511,1612480,18/01/2021 10.00,1.641,0.500176784,25.3,2.034042553,78.74468085,2.605164319,239.5539906
W073,Waimānalo,Sample,18/01/2021,10.00,2021,January,18,PN204,204,13,1,21.326702,-157.681698,565,2021_January,Wet,Waimānalo_Wet,0.252319144,Waxing crescent,1.052545155,60.30639511,1612480,18/01/2021 10.00,1.641,0.500176784,25.3,2.034042553,78.74468085,2.605164319,239.5539906
W075,Waimānalo,Sample,18/01/2021,10.00,2021,January,18,PN205,205,13,2,21.326702,-157.681698,565,2021_January,Wet,Waimānalo_Wet,0.252319144,Waxing crescent,1.052545155,60.30639511,1612480,18/01/2021 10.00,1.641,0.500176784,25.3,2.034042553,78.74468085,2.605164319,239.5539906
W077,Waimānalo,Sample,18/01/2021,10.00,2021,January,18,PN206,206,13,3,21.326702,-157.681698,565,2021_January,Wet,Waimānalo_Wet,0.252319144,Waxing crescent,1.052545155,60.30639511,1612480,18/01/2021 10.00,1.641,0.500176784,25.3,2.034042553,78.74468085,2.605164319,239.5539906
KCB13,Kāneʻohe,Control,19/01/2021,10.30,2021,January,NA,PN052,052,NA,NA,21.435115,-157.7867,566,2021_January,Wet,Kāneʻohe_Wet,0.349623333,First quarter,1.265313865,72.49714423,1612480,19/01/2021 10.30,1.441,0.439216786,25.2,3.227708333,51.66666667,2.647826087,119.0043478
K073,Kāneʻohe,Sample,19/01/2021,10.30,2021,January,18,PN049,049,13,1,21.435115,-157.7867,566,2021_January,Wet,Kāneʻohe_Wet,0.349623333,First quarter,1.265313865,72.49714423,1612480,19/01/2021 10.30,1.441,0.439216786,25.2,3.227708333,51.66666667,2.647826087,119.0043478
K075,Kāneʻohe,Sample,19/01/2021,10.30,2021,January,18,PN050,050,13,2,21.435115,-157.7867,566,2021_January,Wet,Kāneʻohe_Wet,0.349623333,First quarter,1.265313865,72.49714423,1612480,19/01/2021 10.30,1.441,0.439216786,25.2,3.227708333,51.66666667,2.647826087,119.0043478
K077,Kāneʻohe,Sample,19/01/2021,10.30,2021,January,18,PN051,051,13,3,21.435115,-157.7867,566,2021_January,Wet,Kāneʻohe_Wet,0.349623333,First quarter,1.265313865,72.49714423,1612480,19/01/2021 10.30,1.441,0.439216786,25.2,3.227708333,51.66666667,2.647826087,119.0043478
MCB13,Maunalua,Control,20/01/2021,15.00,2021,January,NA,PN156,156,NA,NA,21.274484,-157.760817,567,2021_January,Wet,Maunalua_Wet,0.453709508,First quarter,1.478082575,84.68789334,1612340,20/01/2021 15.00,1.69,0.515111984,25.3,2.584680851,143.5319149,1.772727273,81.29126214
M073,Maunalua,Sample,20/01/2021,15.00,2021,January,18,PN153,153,13,1,21.274484,-157.760817,567,2021_January,Wet,Maunalua_Wet,0.453709508,First quarter,1.478082575,84.68789334,1612340,20/01/2021 15.00,1.69,0.515111984,25.3,2.584680851,143.5319149,1.772727273,81.29126214
M075,Maunalua,Sample,20/01/2021,15.00,2021,January,18,PN154,154,13,2,21.274484,-157.760817,567,2021_January,Wet,Maunalua_Wet,0.453709508,First quarter,1.478082575,84.68789334,1612340,20/01/2021 15.00,1.69,0.515111984,25.3,2.584680851,143.5319149,1.772727273,81.29126214
M077,Maunalua,Sample,20/01/2021,15.00,2021,January,18,PN155,155,13,3,21.274484,-157.760817,567,2021_January,Wet,Maunalua_Wet,0.453709508,First quarter,1.478082575,84.68789334,1612340,20/01/2021 15.00,1.69,0.515111984,25.3,2.584680851,143.5319149,1.772727273,81.29126214
KCB17,Kāneʻohe,Control,20/03/2021,10.45,2021,March,NA,PN211,211,NA,NA,21.435115,-157.7867,626,2021_March,Wet,Kāneʻohe_Wet,0.447233215,First quarter,1.465065874,83.94209128,1612480,20/03/2021 10.45,0.328,0.099974397,24,2.608125,55.375,3.077916667,69.40585774
K079,Kāneʻohe,Sample,20/03/2021,10.45,2021,March,20,PN208,208,14,1,21.435115,-157.7867,626,2021_March,Wet,Kāneʻohe_Wet,0.447233215,First quarter,1.465065874,83.94209128,1612480,20/03/2021 10.45,0.328,0.099974397,24,2.608125,55.375,3.077916667,69.40585774
K081,Kāneʻohe,Sample,20/03/2021,10.45,2021,March,20,PN209,209,14,2,21.435115,-157.7867,626,2021_March,Wet,Kāneʻohe_Wet,0.447233215,First quarter,1.465065874,83.94209128,1612480,20/03/2021 10.45,0.328,0.099974397,24,2.608125,55.375,3.077916667,69.40585774
K083,Kāneʻohe,Sample,20/03/2021,10.45,2021,March,20,PN210,210,14,3,21.435115,-157.7867,626,2021_March,Wet,Kāneʻohe_Wet,0.447233215,First quarter,1.465065874,83.94209128,1612480,20/03/2021 10.45,0.328,0.099974397,24,2.608125,55.375,3.077916667,69.40585774
MCB17,Maunalua,Control,25/03/2021,9.30,2021,March,NA,PN243,243,NA,NA,21.274484,-157.760817,631,2021_March,Wet,Maunalua_Wet,0.909053968,Waxing gibbous,2.528909426,144.8958369,1612340,25/03/2021 9.30,0.499,0.152095195,24.7,2.200625,83.89583333,3.167916667,214.2541667
M079,Maunalua,Sample,25/03/2021,9.30,2021,March,20,PN240,240,14,1,21.274484,-157.760817,631,2021_March,Wet,Maunalua_Wet,0.909053968,Waxing gibbous,2.528909426,144.8958369,1612340,25/03/2021 9.30,0.499,0.152095195,24.7,2.200625,83.89583333,3.167916667,214.2541667
M081,Maunalua,Sample,25/03/2021,9.30,2021,March,20,PN241,241,14,2,21.274484,-157.760817,631,2021_March,Wet,Maunalua_Wet,0.909053968,Waxing gibbous,2.528909426,144.8958369,1612340,25/03/2021 9.30,0.499,0.152095195,24.7,2.200625,83.89583333,3.167916667,214.2541667
M083,Maunalua,Sample,25/03/2021,9.30,2021,March,20,PN242,242,14,3,21.274484,-157.760817,631,2021_March,Wet,Maunalua_Wet,0.909053968,Waxing gibbous,2.528909426,144.8958369,1612340,25/03/2021 9.30,0.499,0.152095195,24.7,2.200625,83.89583333,3.167916667,214.2541667
LCB17,Lanikai,Control,26/03/2021,10.30,2021,March,NA,PN227,227,NA,NA,21.392735,-157.714014,632,2021_March,Wet,Lanikai_Wet,0.96054714,Waxing gibbous,2.741678136,157.086586,1612480,26/03/2021 10.30,1.309,0.398983187,24.3,2.115416667,136.6666667,1.690833333,156.9125
L079,Lanikai,Sample,26/03/2021,10.30,2021,March,20,PN224,224,14,1,21.392735,-157.714014,632,2021_March,Wet,Lanikai_Wet,0.96054714,Waxing gibbous,2.741678136,157.086586,1612480,26/03/2021 10.30,1.309,0.398983187,24.3,2.115416667,136.6666667,1.690833333,156.9125
L081,Lanikai,Sample,26/03/2021,10.30,2021,March,20,PN225,225,14,2,21.392735,-157.714014,632,2021_March,Wet,Lanikai_Wet,0.96054714,Waxing gibbous,2.741678136,157.086586,1612480,26/03/2021 10.30,1.309,0.398983187,24.3,2.115416667,136.6666667,1.690833333,156.9125
L083,Lanikai,Sample,26/03/2021,10.30,2021,March,20,PN226,226,14,3,21.392735,-157.714014,632,2021_March,Wet,Lanikai_Wet,0.96054714,Waxing gibbous,2.741678136,157.086586,1612480,26/03/2021 10.30,1.309,0.398983187,24.3,2.115416667,136.6666667,1.690833333,156.9125
WCB17,Waimānalo,Control,31/03/2021,13.45,2021,March,NA,PN259,259,NA,NA,21.326702,-157.681698,637,2021_March,Wet,Waimānalo_Wet,0.893788591,Waning gibbous,3.805521688,218.0403316,1612480,31/03/2021 13.45,1.3,0.396239987,24,1.695,62.45833333,1.915,101.9113924
W079,Waimānalo,Sample,31/03/2021,13.45,2021,March,20,PN256,256,14,1,21.326702,-157.681698,637,2021_March,Wet,Waimānalo_Wet,0.893788591,Waning gibbous,3.805521688,218.0403316,1612480,31/03/2021 13.45,1.3,0.396239987,24,1.695,62.45833333,1.915,101.9113924
W081,Waimānalo,Sample,31/03/2021,13.45,2021,March,20,PN257,257,14,2,21.326702,-157.681698,637,2021_March,Wet,Waimānalo_Wet,0.893788591,Waning gibbous,3.805521688,218.0403316,1612480,31/03/2021 13.45,1.3,0.396239987,24,1.695,62.45833333,1.915,101.9113924
W083,Waimānalo,Sample,31/03/2021,13.45,2021,March,20,PN258,258,14,3,21.326702,-157.681698,637,2021_March,Wet,Waimānalo_Wet,0.893788591,Waning gibbous,3.805521688,218.0403316,1612480,31/03/2021 13.45,1.3,0.396239987,24,1.695,62.45833333,1.915,101.9113924
MCB18,Maunalua,Control,26/04/2021,11.45,2021,April,NA,PN247,247,NA,NA,21.274484,-157.760817,663,2021_April,Dry,Maunalua_Dry,0.998097203,Full,3.054322851,174.9998086,1612340,26/04/2021 11.45,0.423,0.128930396,24.7,NA,NA,2.279916318,101.7405858
M085,Maunalua,Sample,26/04/2021,11.45,2021,April,21,PN244,244,15,1,21.274484,-157.760817,663,2021_April,Dry,Maunalua_Dry,0.998097203,Full,3.054322851,174.9998086,1612340,26/04/2021 11.45,0.423,0.128930396,24.7,NA,NA,2.279916318,101.7405858
M087,Maunalua,Sample,26/04/2021,11.45,2021,April,21,PN245,245,15,2,21.274484,-157.760817,663,2021_April,Dry,Maunalua_Dry,0.998097203,Full,3.054322851,174.9998086,1612340,26/04/2021 11.45,0.423,0.128930396,24.7,NA,NA,2.279916318,101.7405858
M089,Maunalua,Sample,26/04/2021,11.45,2021,April,21,PN246,246,15,3,21.274484,-157.760817,663,2021_April,Dry,Maunalua_Dry,0.998097203,Full,3.054322851,174.9998086,1612340,26/04/2021 11.45,0.423,0.128930396,24.7,NA,NA,2.279916318,101.7405858
LCB18,Lanikai,Control,27/04/2021,9.30,2021,April,NA,PN231,231,NA,NA,21.392735,-157.714014,664,2021_April,Dry,Lanikai_Dry,0.996067671,Full,3.267091561,187.1905577,1612480,27/04/2021 9.30,-0.069,-0.021031199,24.2,NA,NA,2.426666667,198.8361345
L085,Lanikai,Sample,27/04/2021,9.30,2021,April,21,PN228,228,15,1,21.392735,-157.714014,664,2021_April,Dry,Lanikai_Dry,0.996067671,Full,3.267091561,187.1905577,1612480,27/04/2021 9.30,-0.069,-0.021031199,24.2,NA,NA,2.426666667,198.8361345
L087,Lanikai,Sample,27/04/2021,9.30,2021,April,21,PN229,229,15,2,21.392735,-157.714014,664,2021_April,Dry,Lanikai_Dry,0.996067671,Full,3.267091561,187.1905577,1612480,27/04/2021 9.30,-0.069,-0.021031199,24.2,NA,NA,2.426666667,198.8361345
L089,Lanikai,Sample,27/04/2021,9.30,2021,April,21,PN230,230,15,3,21.392735,-157.714014,664,2021_April,Dry,Lanikai_Dry,0.996067671,Full,3.267091561,187.1905577,1612480,27/04/2021 9.30,-0.069,-0.021031199,24.2,NA,NA,2.426666667,198.8361345
WCB18,Waimānalo,Control,29/04/2021,10.00,2021,April,NA,PN263,263,NA,NA,21.326702,-157.681698,666,2021_April,Dry,Waimānalo_Dry,0.925991194,Waning gibbous,3.692628982,211.572056,1612480,29/04/2021 10.00,-0.37,-0.112775996,24.2,NA,NA,1.830833333,112.2833333
W085,Waimānalo,Sample,29/04/2021,10.00,2021,April,21,PN260,260,15,1,21.326702,-157.681698,666,2021_April,Dry,Waimānalo_Dry,0.925991194,Waning gibbous,3.692628982,211.572056,1612480,29/04/2021 10.00,-0.37,-0.112775996,24.2,NA,NA,1.830833333,112.2833333
W087,Waimānalo,Sample,29/04/2021,10.00,2021,April,21,PN261,261,15,2,21.326702,-157.681698,666,2021_April,Dry,Waimānalo_Dry,0.925991194,Waning gibbous,3.692628982,211.572056,1612480,29/04/2021 10.00,-0.37,-0.112775996,24.2,NA,NA,1.830833333,112.2833333
W089,Waimānalo,Sample,29/04/2021,10.00,2021,April,21,PN262,262,15,3,21.326702,-157.681698,666,2021_April,Dry,Waimānalo_Dry,0.925991194,Waning gibbous,3.692628982,211.572056,1612480,29/04/2021 10.00,-0.37,-0.112775996,24.2,NA,NA,1.830833333,112.2833333
KCB18,Kāneʻohe,Control,30/04/2021,10.15,2021,April,NA,PN215,215,NA,NA,21.435115,-157.7867,667,2021_April,Dry,Kāneʻohe_Dry,0.861104698,Waning gibbous,3.905397692,223.7628051,1612480,30/04/2021 10.15,-0.272,-0.082905597,24.2,NA,NA,2.413333333,76.46025105
K085,Kāneʻohe,Sample,30/04/2021,10.15,2021,April,21,PN212,212,15,1,21.435115,-157.7867,667,2021_April,Dry,Kāneʻohe_Dry,0.861104698,Waning gibbous,3.905397692,223.7628051,1612480,30/04/2021 10.15,-0.272,-0.082905597,24.2,NA,NA,2.413333333,76.46025105
K087,Kāneʻohe,Sample,30/04/2021,10.15,2021,April,21,PN213,213,15,2,21.435115,-157.7867,667,2021_April,Dry,Kāneʻohe_Dry,0.861104698,Waning gibbous,3.905397692,223.7628051,1612480,30/04/2021 10.15,-0.272,-0.082905597,24.2,NA,NA,2.413333333,76.46025105
K089,Kāneʻohe,Sample,30/04/2021,10.15,2021,April,21,PN214,214,15,3,21.435115,-157.7867,667,2021_April,Dry,Kāneʻohe_Dry,0.861104698,Waning gibbous,3.905397692,223.7628051,1612480,30/04/2021 10.15,-0.272,-0.082905597,24.2,NA,NA,2.413333333,76.46025105
MCB19,Maunalua,Control,01/06/2021,10.00,2021,June,NA,PN251,251,NA,NA,21.274484,-157.760817,699,2021_June,Dry,Maunalua_Dry,0.638935859,Last quarter,4.430811118,253.8667769,1612340,01/06/2021 10.00,0.807,0.245973592,25.9,1.505,347,1.725833333,155.0253165
M091,Maunalua,Sample,01/06/2021,10.00,2021,June,23,PN248,248,16,1,21.274484,-157.760817,699,2021_June,Dry,Maunalua_Dry,0.638935859,Last quarter,4.430811118,253.8667769,1612340,01/06/2021 10.00,0.807,0.245973592,25.9,1.505,347,1.725833333,155.0253165
M093,Maunalua,Sample,01/06/2021,10.00,2021,June,23,PN249,249,16,2,21.274484,-157.760817,699,2021_June,Dry,Maunalua_Dry,0.638935859,Last quarter,4.430811118,253.8667769,1612340,01/06/2021 10.00,0.807,0.245973592,25.9,1.505,347,1.725833333,155.0253165
M095,Maunalua,Sample,01/06/2021,10.00,2021,June,23,PN250,250,16,3,21.274484,-157.760817,699,2021_June,Dry,Maunalua_Dry,0.638935859,Last quarter,4.430811118,253.8667769,1612340,01/06/2021 10.00,0.807,0.245973592,25.9,1.505,347,1.725833333,155.0253165
WCB19,Waimānalo,Control,03/06/2021,10.00,2021,June,NA,PN267,267,NA,NA,21.326702,-157.681698,701,2021_June,Dry,Waimānalo_Dry,0.428268586,Last quarter,4.856348538,278.2482751,1612480,03/06/2021 10.00,1.365,0.416051987,26.1,1.486458333,296.9791667,2.227916667,74.85294118
W091,Waimānalo,Sample,03/06/2021,10.00,2021,June,23,PN264,264,16,1,21.326702,-157.681698,701,2021_June,Dry,Waimānalo_Dry,0.428268586,Last quarter,4.856348538,278.2482751,1612480,03/06/2021 10.00,1.365,0.416051987,26.1,1.486458333,296.9791667,2.227916667,74.85294118
W093,Waimānalo,Sample,03/06/2021,10.00,2021,June,23,PN265,265,16,2,21.326702,-157.681698,701,2021_June,Dry,Waimānalo_Dry,0.428268586,Last quarter,4.856348538,278.2482751,1612480,03/06/2021 10.00,1.365,0.416051987,26.1,1.486458333,296.9791667,2.227916667,74.85294118
W095,Waimānalo,Sample,03/06/2021,10.00,2021,June,23,PN266,266,16,3,21.326702,-157.681698,701,2021_June,Dry,Waimānalo_Dry,0.428268586,Last quarter,4.856348538,278.2482751,1612480,03/06/2021 10.00,1.365,0.416051987,26.1,1.486458333,296.9791667,2.227916667,74.85294118
KCB19,Kāneʻohe,Control,04/06/2021,10.00,2021,June,NA,PN219,219,NA,NA,21.435115,-157.7867,702,2021_June,Dry,Kāneʻohe_Dry,0.325394825,Last quarter,5.069117249,290.4390242,1612480,04/06/2021 10.00,1.48,0.451103986,25.8,1.654255319,61.78723404,2.14279476,83.51315789
K091,Kāneʻohe,Sample,04/06/2021,10.00,2021,June,23,PN216,216,16,1,21.435115,-157.7867,702,2021_June,Dry,Kāneʻohe_Dry,0.325394825,Last quarter,5.069117249,290.4390242,1612480,04/06/2021 10.00,1.48,0.451103986,25.8,1.654255319,61.78723404,2.14279476,83.51315789
K093,Kāneʻohe,Sample,04/06/2021,10.00,2021,June,23,PN217,217,16,2,21.435115,-157.7867,702,2021_June,Dry,Kāneʻohe_Dry,0.325394825,Last quarter,5.069117249,290.4390242,1612480,04/06/2021 10.00,1.48,0.451103986,25.8,1.654255319,61.78723404,2.14279476,83.51315789
K095,Kāneʻohe,Sample,04/06/2021,10.00,2021,June,23,PN218,218,16,3,21.435115,-157.7867,702,2021_June,Dry,Kāneʻohe_Dry,0.325394825,Last quarter,5.069117249,290.4390242,1612480,04/06/2021 10.00,1.48,0.451103986,25.8,1.654255319,61.78723404,2.14279476,83.51315789
LCB19,Lanikai,Control,05/06/2021,9.30,2021,June,NA,PN235,235,NA,NA,21.392735,-157.714014,703,2021_June,Dry,Lanikai_Dry,0.230395757,Waning crescent,5.281885959,302.6297733,1612480,05/06/2021 9.30,1.408,0.429158386,25.7,1.837083333,53.9375,2.8175,69.35
L091,Lanikai,Sample,05/06/2021,9.30,2021,June,23,PN232,232,16,1,21.392735,-157.714014,703,2021_June,Dry,Lanikai_Dry,0.230395757,Waning crescent,5.281885959,302.6297733,1612480,05/06/2021 9.30,1.408,0.429158386,25.7,1.837083333,53.9375,2.8175,69.35
L093,Lanikai,Sample,05/06/2021,9.30,2021,June,23,PN233,233,16,2,21.392735,-157.714014,703,2021_June,Dry,Lanikai_Dry,0.230395757,Waning crescent,5.281885959,302.6297733,1612480,05/06/2021 9.30,1.408,0.429158386,25.7,1.837083333,53.9375,2.8175,69.35
L095,Lanikai,Sample,05/06/2021,9.30,2021,June,23,PN234,234,16,3,21.392735,-157.714014,703,2021_June,Dry,Lanikai_Dry,0.230395757,Waning crescent,5.281885959,302.6297733,1612480,05/06/2021 9.30,1.408,0.429158386,25.7,1.837083333,53.9375,2.8175,69.35
KCB20,Kāneʻohe,Control,20/06/2023,16.15,2023,June,NA,PN223,223,NA,NA,21.435115,-157.7867,1448,2023_June,Dry,Kāneʻohe_Dry,0.045884091,Waxing crescent,0.43175721,24.73786589,1612480,20/06/2023 16.15,1.07,0.32613599,26.1,1.311041667,57.77083333,2.027083333,122.7763713
K097,Kāneʻohe,Sample,20/06/2023,16.15,2023,June,23,PN220,220,17,1,21.435115,-157.7867,1448,2023_June,Dry,Kāneʻohe_Dry,0.045884091,Waxing crescent,0.43175721,24.73786589,1612480,20/06/2023 16.15,1.07,0.32613599,26.1,1.311041667,57.77083333,2.027083333,122.7763713
K099,Kāneʻohe,Sample,20/06/2023,16.15,2023,June,23,PN221,221,17,2,21.435115,-157.7867,1448,2023_June,Dry,Kāneʻohe_Dry,0.045884091,Waxing crescent,0.43175721,24.73786589,1612480,20/06/2023 16.15,1.07,0.32613599,26.1,1.311041667,57.77083333,2.027083333,122.7763713
K101,Kāneʻohe,Sample,20/06/2023,16.15,2023,June,23,PN222,222,17,3,21.435115,-157.7867,1448,2023_June,Dry,Kāneʻohe_Dry,0.045884091,Waxing crescent,0.43175721,24.73786589,1612480,20/06/2023 16.15,1.07,0.32613599,26.1,1.311041667,57.77083333,2.027083333,122.7763713
MCB20,Maunalua,Control,26/06/2023,13.00,2023,June,NA,PN255,255,NA,NA,21.274484,-157.760817,1454,2023_June,Dry,Maunalua_Dry,0.568569798,First quarter,1.708369472,97.8823606,1612340,26/06/2023 13.00,1.044,0.31821119,26.1,2.348541667,76.54166667,2.450416667,73.81512605
M097,Maunalua,Sample,26/06/2023,13.00,2023,June,23,PN252,252,17,1,21.274484,-157.760817,1454,2023_June,Dry,Maunalua_Dry,0.568569798,First quarter,1.708369472,97.8823606,1612340,26/06/2023 13.00,1.044,0.31821119,26.1,2.348541667,76.54166667,2.450416667,73.81512605
M099,Maunalua,Sample,26/06/2023,13.00,2023,June,23,PN253,253,17,2,21.274484,-157.760817,1454,2023_June,Dry,Maunalua_Dry,0.568569798,First quarter,1.708369472,97.8823606,1612340,26/06/2023 13.00,1.044,0.31821119,26.1,2.348541667,76.54166667,2.450416667,73.81512605
M101,Maunalua,Sample,26/06/2023,13.00,2023,June,23,PN254,254,17,3,21.274484,-157.760817,1454,2023_June,Dry,Maunalua_Dry,0.568569798,First quarter,1.708369472,97.8823606,1612340,26/06/2023 13.00,1.044,0.31821119,26.1,2.348541667,76.54166667,2.450416667,73.81512605
LCB20,Lanikai,Control,28/06/2023,15.00,2023,June,NA,PN239,239,NA,NA,21.392735,-157.714014,1456,2023_June,Dry,Lanikai_Dry,0.766909533,Waxing gibbous,2.133906893,122.2638588,1612480,28/06/2023 15.00,0.909,0.277063191,25.2,1.789583333,76,2.322083333,64.57142857
WCB20,Waimānalo,Control,28/06/2023,16.30,2023,June,NA,PN271,271,NA,NA,21.326702,-157.681698,1456,2023_June,Dry,Waimānalo_Dry,0.766909533,Waxing gibbous,2.133906893,122.2638588,1612480,28/06/2023 16.30,0.909,0.277063191,25.2,1.789583333,76,2.322083333,64.57142857
L097,Lanikai,Sample,28/06/2023,15.00,2023,June,23,PN236,236,17,1,21.392735,-157.714014,1456,2023_June,Dry,Lanikai_Dry,0.766909533,Waxing gibbous,2.133906893,122.2638588,1612480,28/06/2023 15.00,0.909,0.277063191,25.2,1.789583333,76,2.322083333,64.57142857
L099,Lanikai,Sample,28/06/2023,15.00,2023,June,23,PN237,237,17,2,21.392735,-157.714014,1456,2023_June,Dry,Lanikai_Dry,0.766909533,Waxing gibbous,2.133906893,122.2638588,1612480,28/06/2023 15.00,0.909,0.277063191,25.2,1.789583333,76,2.322083333,64.57142857
L101,Lanikai,Sample,28/06/2023,15.00,2023,June,23,PN238,238,17,3,21.392735,-157.714014,1456,2023_June,Dry,Lanikai_Dry,0.766909533,Waxing gibbous,2.133906893,122.2638588,1612480,28/06/2023 15.00,0.909,0.277063191,25.2,1.789583333,76,2.322083333,64.57142857
W097,Waimānalo,Sample,28/06/2023,16.30,2023,June,23,PN268,268,17,1,21.326702,-157.681698,1456,2023_June,Dry,Waimānalo_Dry,0.766909533,Waxing gibbous,2.133906893,122.2638588,1612480,28/06/2023 16.30,0.909,0.277063191,25.2,1.789583333,76,2.322083333,64.57142857
W099,Waimānalo,Sample,28/06/2023,16.30,2023,June,23,PN269,269,17,2,21.326702,-157.681698,1456,2023_June,Dry,Waimānalo_Dry,0.766909533,Waxing gibbous,2.133906893,122.2638588,1612480,28/06/2023 16.30,0.909,0.277063191,25.2,1.789583333,76,2.322083333,64.57142857
W101,Waimānalo,Sample,28/06/2023,16.30,2023,June,23,PN270,270,17,3,21.326702,-157.681698,1456,2023_June,Dry,Waimānalo_Dry,0.766909533,Waxing gibbous,2.133906893,122.2638588,1612480,28/06/2023 16.30,0.909,0.277063191,25.2,1.789583333,76,2.322083333,64.57142857
NTC,Negative,Control,NA,,NA,,NA,PN272,272,NA,NA,NA,NA,NA,NA_,Dry,Negative_Dry,NA,NA,NA,NA,NA,NA,NA,NA,NA,NA,NA,NA,NA
NTC1,Negative,Control,NA,,NA,,NA,PN273,273,NA,NA,NA,NA,NA,NA_,Dry,Negative_Dry,NA,NA,NA,NA,NA,NA,NA,NA,NA,NA,NA,NA,NA
NTC2,Negative,Control,NA,,NA,,NA,PN274,274,NA,NA,NA,NA,NA,NA_,Dry,Negative_Dry,NA,NA,NA,NA,NA,NA,NA,NA,NA,NA,NA,NA,NA
NTC3,Negative,Control,NA,,NA,,NA,PN275,275,NA,NA,NA,NA,NA,NA_,Dry,Negative_Dry,NA,NA,NA,NA,NA,NA,NA,NA,NA,NA,NA,NA,NA
POS,Positive,Control,NA,,NA,,NA,PN276,276,NA,NA,NA,NA,NA,NA_,Dry,Positive_Dry,NA,NA,NA,NA,NA,NA,NA,NA,NA,NA,NA,NA,NA
POS1,Positive,Control,NA,,NA,,NA,PN277,277,NA,NA,NA,NA,NA,NA_,Dry,Positive_Dry,NA,NA,NA,NA,NA,NA,NA,NA,NA,NA,NA,NA,NA
POS2,Positive,Control,NA,,NA,,NA,PN278,278,NA,NA,NA,NA,NA,NA_,Dry,Positive_Dry,NA,NA,NA,NA,NA,NA,NA,NA,NA,NA,NA,NA,NA
POS3,Positive,Control,NA,,NA,,NA,PN279,279,NA,NA,NA,NA,NA,NA_,Dry,Positive_Dry,NA,NA,NA,NA,NA,NA,NA,NA,NA,NA,NA,NA,NA
